cve	scorev3	vector	upstream_fix_phrase	summary	link
CVE-2019-14899	7.4	ADJACENT_NETWORK	no	A vulnerability was discovered in Linux, FreeBSD, OpenBSD, MacOS, iOS, and Android that allows a malicious access point, or an adjacent user, to determine if a connected user is using a VPN, make positive inferences about the websites they are visiting, and determine the correct sequence and acknowledgement numbers in use, allowing the bad actor to inject data into the TCP stream. This provides everything that is needed for an attacker to hijack active connections inside the VPN tunnel.	https://nvd.nist.gov/vuln/detail/CVE-2019-14899
CVE-2021-3864	7.0	LOCAL	no	A flaw was found in the way the dumpable flag setting was handled when certain SUID binaries executed its descendants. The prerequisite is a SUID binary that sets real UID equal to effective UID, and real GID equal to effective GID. The descendant will then have a dumpable value set to 1. As a result, if the descendant process crashes and core_pattern is set to a relative value, its core dump is stored in the current directory with uid:gid permissions. An unprivileged local user with eligible root SUID binary could use this flaw to place core dumps into root-owned directories, potentially resulting in escalation of privileges.	https://nvd.nist.gov/vuln/detail/CVE-2021-3864
CVE-2022-1247	7.0	LOCAL	no	An issue found in linux-kernel that leads to a race condition in rose_connect(). The rose driver uses rose_neigh->use to represent how many objects are using the rose_neigh. When a user wants to delete a rose_route via rose_ioctl(), the rose driver calls rose_del_node() and removes neighbours only if their “count” and “use” are zero.	https://nvd.nist.gov/vuln/detail/CVE-2022-1247
CVE-2023-3397	7.0	LOCAL	no	A race condition occurred between the functions lmLogClose and txEnd in JFS, in the Linux Kernel, executed in different threads. This flaw allows a local attacker with normal user privileges to crash the system or leak internal kernel information.	https://nvd.nist.gov/vuln/detail/CVE-2023-3397
CVE-2023-3640	7.0	LOCAL	no	A possible unauthorized memory access flaw was found in the Linux kernel's cpu_entry_area mapping of X86 CPU data to memory, where a user may guess the location of exception stacks or other important data. Based on the previous CVE-2023-0597, the 'Randomize per-cpu entry area' feature was implemented in /arch/x86/mm/cpu_entry_area.c, which works through the init_cea_offsets() function when KASLR is enabled. However, despite this feature, there is still a risk of per-cpu entry area leaks. This issue could allow a local user to gain access to some important data with memory in an expected location and potentially escalate their privileges on the system.	https://nvd.nist.gov/vuln/detail/CVE-2023-3640
CVE-2023-52586	7.0	LOCAL	yes	In the Linux kernel, the following vulnerability has been resolved:  drm/msm/dpu: Add mutex lock in control vblank irq  Add a mutex lock to control vblank irq to synchronize vblank enable/disable operations happening from different threads to prevent race conditions while registering/unregistering the vblank irq callback.  v4: -Removed vblank_ctl_lock from dpu_encoder_virt, so it is only a     parameter of dpu_encoder_phys.     -Switch from atomic refcnt to a simple int counter as mutex has     now been added v3: Mistakenly did not change wording in last version. It is done now. v2: Slightly changed wording of commit message  Patchwork: https://patchwork.freedesktop.org/patch/571854/	https://nvd.nist.gov/vuln/detail/CVE-2023-52586
CVE-2023-52624	7.8	LOCAL	yes	In the Linux kernel, the following vulnerability has been resolved:  drm/amd/display: Wake DMCUB before executing GPINT commands  [Why] DMCUB can be in idle when we attempt to interface with the HW through the GPINT mailbox resulting in a system hang.  [How] Add dc_wake_and_execute_gpint() to wrap the wake, execute, sleep sequence.  If the GPINT executes successfully then DMCUB will be put back into sleep after the optional response is returned.  It functions similar to the inbox command interface.	https://nvd.nist.gov/vuln/detail/CVE-2023-52624
CVE-2023-6240	6.5	NETWORK	no	A Marvin vulnerability side-channel leakage was found in the RSA decryption operation in the Linux Kernel. This issue may allow a network attacker to decrypt ciphertexts or forge signatures, limiting the services that use that private key.	https://nvd.nist.gov/vuln/detail/CVE-2023-6240
CVE-2024-24859	4.6	ADJACENT_NETWORK	no	A race condition was found in the Linux kernel's net/bluetooth in sniff_{min,max}_interval_set() function. This can result in a bluetooth sniffing exception issue, possibly leading denial of service.	https://nvd.nist.gov/vuln/detail/CVE-2024-24859
CVE-2024-26672	7.1	LOCAL	yes	In the Linux kernel, the following vulnerability has been resolved:  drm/amdgpu: Fix variable 'mca_funcs' dereferenced before NULL check in 'amdgpu_mca_smu_get_mca_entry()'  Fixes the below:  drivers/gpu/drm/amd/amdgpu/amdgpu_mca.c:377 amdgpu_mca_smu_get_mca_entry() warn: variable dereferenced before check 'mca_funcs' (see line 368)  357 int amdgpu_mca_smu_get_mca_entry(struct amdgpu_device *adev, 				     enum amdgpu_mca_error_type type, 358                                  int idx, struct mca_bank_entry *entry) 359 { 360         const struct amdgpu_mca_smu_funcs *mca_funcs = 						adev->mca.mca_funcs; 361         int count; 362 363         switch (type) { 364         case AMDGPU_MCA_ERROR_TYPE_UE: 365                 count = mca_funcs->max_ue_count;  mca_funcs is dereferenced here.  366                 break; 367         case AMDGPU_MCA_ERROR_TYPE_CE: 368                 count = mca_funcs->max_ce_count;  mca_funcs is dereferenced here.  369                 break; 370         default: 371                 return -EINVAL; 372         } 373 374         if (idx >= count) 375                 return -EINVAL; 376 377         if (mca_funcs && mca_funcs->mca_get_mca_entry) 	        ^^^^^^^^^  Checked too late!	https://nvd.nist.gov/vuln/detail/CVE-2024-26672
CVE-2024-26699	7.8	LOCAL	yes	In the Linux kernel, the following vulnerability has been resolved:  drm/amd/display: Fix array-index-out-of-bounds in dcn35_clkmgr  [Why] There is a potential memory access violation while iterating through array of dcn35 clks.  [How] Limit iteration per array size.	https://nvd.nist.gov/vuln/detail/CVE-2024-26699
CVE-2024-26944	7.8	LOCAL	yes	In the Linux kernel, the following vulnerability has been resolved:  btrfs: zoned: fix use-after-free in do_zone_finish()  Shinichiro reported the following use-after-free triggered by the device replace operation in fstests btrfs/070.   BTRFS info (device nullb1): scrub: finished on devid 1 with status: 0  ==================================================================  BUG: KASAN: slab-use-after-free in do_zone_finish+0x91a/0xb90 [btrfs]  Read of size 8 at addr ffff8881543c8060 by task btrfs-cleaner/3494007   CPU: 0 PID: 3494007 Comm: btrfs-cleaner Tainted: G        W          6.8.0-rc5-kts #1  Hardware name: Supermicro Super Server/X11SPi-TF, BIOS 3.3 02/21/2020  Call Trace:   <TASK>   dump_stack_lvl+0x5b/0x90   print_report+0xcf/0x670   ? __virt_addr_valid+0x200/0x3e0   kasan_report+0xd8/0x110   ? do_zone_finish+0x91a/0xb90 [btrfs]   ? do_zone_finish+0x91a/0xb90 [btrfs]   do_zone_finish+0x91a/0xb90 [btrfs]   btrfs_delete_unused_bgs+0x5e1/0x1750 [btrfs]   ? __pfx_btrfs_delete_unused_bgs+0x10/0x10 [btrfs]   ? btrfs_put_root+0x2d/0x220 [btrfs]   ? btrfs_clean_one_deleted_snapshot+0x299/0x430 [btrfs]   cleaner_kthread+0x21e/0x380 [btrfs]   ? __pfx_cleaner_kthread+0x10/0x10 [btrfs]   kthread+0x2e3/0x3c0   ? __pfx_kthread+0x10/0x10   ret_from_fork+0x31/0x70   ? __pfx_kthread+0x10/0x10   ret_from_fork_asm+0x1b/0x30   </TASK>   Allocated by task 3493983:   kasan_save_stack+0x33/0x60   kasan_save_track+0x14/0x30   __kasan_kmalloc+0xaa/0xb0   btrfs_alloc_device+0xb3/0x4e0 [btrfs]   device_list_add.constprop.0+0x993/0x1630 [btrfs]   btrfs_scan_one_device+0x219/0x3d0 [btrfs]   btrfs_control_ioctl+0x26e/0x310 [btrfs]   __x64_sys_ioctl+0x134/0x1b0   do_syscall_64+0x99/0x190   entry_SYSCALL_64_after_hwframe+0x6e/0x76   Freed by task 3494056:   kasan_save_stack+0x33/0x60   kasan_save_track+0x14/0x30   kasan_save_free_info+0x3f/0x60   poison_slab_object+0x102/0x170   __kasan_slab_free+0x32/0x70   kfree+0x11b/0x320   btrfs_rm_dev_replace_free_srcdev+0xca/0x280 [btrfs]   btrfs_dev_replace_finishing+0xd7e/0x14f0 [btrfs]   btrfs_dev_replace_by_ioctl+0x1286/0x25a0 [btrfs]   btrfs_ioctl+0xb27/0x57d0 [btrfs]   __x64_sys_ioctl+0x134/0x1b0   do_syscall_64+0x99/0x190   entry_SYSCALL_64_after_hwframe+0x6e/0x76   The buggy address belongs to the object at ffff8881543c8000   which belongs to the cache kmalloc-1k of size 1024  The buggy address is located 96 bytes inside of   freed 1024-byte region [ffff8881543c8000, ffff8881543c8400)   The buggy address belongs to the physical page:  page:00000000fe2c1285 refcount:1 mapcount:0 mapping:0000000000000000 index:0x0 pfn:0x1543c8  head:00000000fe2c1285 order:3 entire_mapcount:0 nr_pages_mapped:0 pincount:0  flags: 0x17ffffc0000840(slab|head|node=0|zone=2|lastcpupid=0x1fffff)  page_type: 0xffffffff()  raw: 0017ffffc0000840 ffff888100042dc0 ffffea0019e8f200 dead000000000002  raw: 0000000000000000 0000000000100010 00000001ffffffff 0000000000000000  page dumped because: kasan: bad access detected   Memory state around the buggy address:   ffff8881543c7f00: 00 00 00 00 00 00 00 00 00 00 00 00 00 00 00 00   ffff8881543c7f80: 00 00 00 00 00 00 00 00 00 00 00 00 00 00 00 00  >ffff8881543c8000: fa fb fb fb fb fb fb fb fb fb fb fb fb fb fb fb                                                         ^   ffff8881543c8080: fb fb fb fb fb fb fb fb fb fb fb fb fb fb fb fb   ffff8881543c8100: fb fb fb fb fb fb fb fb fb fb fb fb fb fb fb fb  This UAF happens because we're accessing stale zone information of a already removed btrfs_device in do_zone_finish().  The sequence of events is as follows:  btrfs_dev_replace_start   btrfs_scrub_dev    btrfs_dev_replace_finishing     btrfs_dev_replace_update_device_in_mapping_tree <-- devices replaced     btrfs_rm_dev_replace_free_srcdev      btrfs_free_device                              <-- device freed  cleaner_kthread  btrfs_delete_unused_bgs   btrfs_zone_finish    do_zone_finish              <-- refers the freed device  The reason for this is that we're using a ---truncated---	https://nvd.nist.gov/vuln/detail/CVE-2024-26944
CVE-2024-26945	8.4	LOCAL	yes	In the Linux kernel, the following vulnerability has been resolved:  crypto: iaa - Fix nr_cpus < nr_iaa case  If nr_cpus < nr_iaa, the calculated cpus_per_iaa will be 0, which causes a divide-by-0 in rebalance_wq_table().  Make sure cpus_per_iaa is 1 in that case, and also in the nr_iaa == 0 case, even though cpus_per_iaa is never used if nr_iaa == 0, for paranoia.	https://nvd.nist.gov/vuln/detail/CVE-2024-26945
CVE-2024-41045	7.8	LOCAL	yes	In the Linux kernel, the following vulnerability has been resolved:  bpf: Defer work in bpf_timer_cancel_and_free  Currently, the same case as previous patch (two timer callbacks trying to cancel each other) can be invoked through bpf_map_update_elem as well, or more precisely, freeing map elements containing timers. Since this relies on hrtimer_cancel as well, it is prone to the same deadlock situation as the previous patch.  It would be sufficient to use hrtimer_try_to_cancel to fix this problem, as the timer cannot be enqueued after async_cancel_and_free. Once async_cancel_and_free has been done, the timer must be reinitialized before it can be armed again. The callback running in parallel trying to arm the timer will fail, and freeing bpf_hrtimer without waiting is sufficient (given kfree_rcu), and bpf_timer_cb will return HRTIMER_NORESTART, preventing the timer from being rearmed again.  However, there exists a UAF scenario where the callback arms the timer before entering this function, such that if cancellation fails (due to timer callback invoking this routine, or the target timer callback running concurrently). In such a case, if the timer expiration is significantly far in the future, the RCU grace period expiration happening before it will free the bpf_hrtimer state and along with it the struct hrtimer, that is enqueued.  Hence, it is clear cancellation needs to occur after async_cancel_and_free, and yet it cannot be done inline due to deadlock issues. We thus modify bpf_timer_cancel_and_free to defer work to the global workqueue, adding a work_struct alongside rcu_head (both used at _different_ points of time, so can share space).  Update existing code comments to reflect the new state of affairs.	https://nvd.nist.gov/vuln/detail/CVE-2024-41045
CVE-2024-42118	7.8	LOCAL	yes	In the Linux kernel, the following vulnerability has been resolved:  drm/amd/display: Do not return negative stream id for array  [WHY] resource_stream_to_stream_idx returns an array index and it return -1 when not found; however, -1 is not a valid array index number.  [HOW] When this happens, call ASSERT(), and return a zero instead.  This fixes an OVERRUN and an NEGATIVE_RETURNS issues reported by Coverity.	https://nvd.nist.gov/vuln/detail/CVE-2024-42118
CVE-2024-42162	7.0	LOCAL	yes	In the Linux kernel, the following vulnerability has been resolved:  gve: Account for stopped queues when reading NIC stats  We now account for the fact that the NIC might send us stats for a subset of queues. Without this change, gve_get_ethtool_stats might make an invalid access on the priv->stats_report->stats array.	https://nvd.nist.gov/vuln/detail/CVE-2024-42162
CVE-2024-44951	7.8	LOCAL	yes	In the Linux kernel, the following vulnerability has been resolved:  serial: sc16is7xx: fix TX fifo corruption  Sometimes, when a packet is received on channel A at almost the same time as a packet is about to be transmitted on channel B, we observe with a logic analyzer that the received packet on channel A is transmitted on channel B. In other words, the Tx buffer data on channel B is corrupted with data from channel A.  The problem appeared since commit 4409df5866b7 ("serial: sc16is7xx: change EFR lock to operate on each channels"), which changed the EFR locking to operate on each channel instead of chip-wise.  This commit has introduced a regression, because the EFR lock is used not only to protect the EFR registers access, but also, in a very obscure and undocumented way, to protect access to the data buffer, which is shared by the Tx and Rx handlers, but also by each channel of the IC.  Fix this regression first by switching to kfifo_out_linear_ptr() in sc16is7xx_handle_tx() to eliminate the need for a shared Rx/Tx buffer.  Secondly, replace the chip-wise Rx buffer with a separate Rx buffer for each channel.	https://nvd.nist.gov/vuln/detail/CVE-2024-44951
CVE-2024-46729	7.8	LOCAL	yes	In the Linux kernel, the following vulnerability has been resolved:  drm/amd/display: Fix incorrect size calculation for loop  [WHY] fe_clk_en has size of 5 but sizeof(fe_clk_en) has byte size 20 which is lager than the array size.  [HOW] Divide byte size 20 by its element size.  This fixes 2 OVERRUN issues reported by Coverity.	https://nvd.nist.gov/vuln/detail/CVE-2024-46729
CVE-2024-46774	7.1	LOCAL	yes	In the Linux kernel, the following vulnerability has been resolved:  powerpc/rtas: Prevent Spectre v1 gadget construction in sys_rtas()  Smatch warns:    arch/powerpc/kernel/rtas.c:1932 __do_sys_rtas() warn: potential   spectre issue 'args.args' [r] (local cap)  The 'nargs' and 'nret' locals come directly from a user-supplied buffer and are used as indexes into a small stack-based array and as inputs to copy_to_user() after they are subject to bounds checks.  Use array_index_nospec() after the bounds checks to clamp these values for speculative execution.	https://nvd.nist.gov/vuln/detail/CVE-2024-46774
CVE-2024-46813	7.8	LOCAL	yes	In the Linux kernel, the following vulnerability has been resolved:  drm/amd/display: Check link_index before accessing dc->links[]  [WHY & HOW] dc->links[] has max size of MAX_LINKS and NULL is return when trying to access with out-of-bound index.  This fixes 3 OVERRUN and 1 RESOURCE_LEAK issues reported by Coverity.	https://nvd.nist.gov/vuln/detail/CVE-2024-46813
CVE-2024-46833	7.8	LOCAL	yes	In the Linux kernel, the following vulnerability has been resolved:  net: hns3: void array out of bound when loop tnl_num  When query reg inf of SSU, it loops tnl_num times. However, tnl_num comes from hardware and the length of array is a fixed value. To void array out of bound, make sure the loop time is not greater than the length of array	https://nvd.nist.gov/vuln/detail/CVE-2024-46833
CVE-2024-49928	7.1	LOCAL	yes	In the Linux kernel, the following vulnerability has been resolved:  wifi: rtw89: avoid reading out of bounds when loading TX power FW elements  Because the loop-expression will do one more time before getting false from cond-expression, the original code copied one more entry size beyond valid region.  Fix it by moving the entry copy to loop-body.	https://nvd.nist.gov/vuln/detail/CVE-2024-49928
CVE-2024-50067	7.8	LOCAL	yes	In the Linux kernel, the following vulnerability has been resolved:  uprobe: avoid out-of-bounds memory access of fetching args  Uprobe needs to fetch args into a percpu buffer, and then copy to ring buffer to avoid non-atomic context problem.  Sometimes user-space strings, arrays can be very large, but the size of percpu buffer is only page size. And store_trace_args() won't check whether these data exceeds a single page or not, caused out-of-bounds memory access.  It could be reproduced by following steps: 1. build kernel with CONFIG_KASAN enabled 2. save follow program as test.c  ``` \#include <stdio.h> \#include <stdlib.h> \#include <string.h>  // If string length large than MAX_STRING_SIZE, the fetch_store_strlen() // will return 0, cause __get_data_size() return shorter size, and // store_trace_args() will not trigger out-of-bounds access. // So make string length less than 4096. \#define STRLEN 4093  void generate_string(char *str, int n) {     int i;     for (i = 0; i < n; ++i)     {         char c = i % 26 + 'a';         str[i] = c;     }     str[n-1] = '\0'; }  void print_string(char *str) {     printf("%s\n", str); }  int main() {     char tmp[STRLEN];      generate_string(tmp, STRLEN);     print_string(tmp);      return 0; } ``` 3. compile program `gcc -o test test.c`  4. get the offset of `print_string()` ``` objdump -t test | grep -w print_string 0000000000401199 g     F .text  000000000000001b              print_string ```  5. configure uprobe with offset 0x1199 ``` off=0x1199  cd /sys/kernel/debug/tracing/ echo "p /root/test:${off} arg1=+0(%di):ustring arg2=\$comm arg3=+0(%di):ustring"  > uprobe_events echo 1 > events/uprobes/enable echo 1 > tracing_on ```  6. run `test`, and kasan will report error. ================================================================== BUG: KASAN: use-after-free in strncpy_from_user+0x1d6/0x1f0 Write of size 8 at addr ffff88812311c004 by task test/499CPU: 0 UID: 0 PID: 499 Comm: test Not tainted 6.12.0-rc3+ #18 Hardware name: Red Hat KVM, BIOS 1.16.0-4.al8 04/01/2014 Call Trace:  <TASK>  dump_stack_lvl+0x55/0x70  print_address_description.constprop.0+0x27/0x310  kasan_report+0x10f/0x120  ? strncpy_from_user+0x1d6/0x1f0  strncpy_from_user+0x1d6/0x1f0  ? rmqueue.constprop.0+0x70d/0x2ad0  process_fetch_insn+0xb26/0x1470  ? __pfx_process_fetch_insn+0x10/0x10  ? _raw_spin_lock+0x85/0xe0  ? __pfx__raw_spin_lock+0x10/0x10  ? __pte_offset_map+0x1f/0x2d0  ? unwind_next_frame+0xc5f/0x1f80  ? arch_stack_walk+0x68/0xf0  ? is_bpf_text_address+0x23/0x30  ? kernel_text_address.part.0+0xbb/0xd0  ? __kernel_text_address+0x66/0xb0  ? unwind_get_return_address+0x5e/0xa0  ? __pfx_stack_trace_consume_entry+0x10/0x10  ? arch_stack_walk+0xa2/0xf0  ? _raw_spin_lock_irqsave+0x8b/0xf0  ? __pfx__raw_spin_lock_irqsave+0x10/0x10  ? depot_alloc_stack+0x4c/0x1f0  ? _raw_spin_unlock_irqrestore+0xe/0x30  ? stack_depot_save_flags+0x35d/0x4f0  ? kasan_save_stack+0x34/0x50  ? kasan_save_stack+0x24/0x50  ? mutex_lock+0x91/0xe0  ? __pfx_mutex_lock+0x10/0x10  prepare_uprobe_buffer.part.0+0x2cd/0x500  uprobe_dispatcher+0x2c3/0x6a0  ? __pfx_uprobe_dispatcher+0x10/0x10  ? __kasan_slab_alloc+0x4d/0x90  handler_chain+0xdd/0x3e0  handle_swbp+0x26e/0x3d0  ? __pfx_handle_swbp+0x10/0x10  ? uprobe_pre_sstep_notifier+0x151/0x1b0  irqentry_exit_to_user_mode+0xe2/0x1b0  asm_exc_int3+0x39/0x40 RIP: 0033:0x401199 Code: 01 c2 0f b6 45 fb 88 02 83 45 fc 01 8b 45 fc 3b 45 e4 7c b7 8b 45 e4 48 98 48 8d 50 ff 48 8b 45 e8 48 01 d0 ce RSP: 002b:00007ffdf00576a8 EFLAGS: 00000206 RAX: 00007ffdf00576b0 RBX: 0000000000000000 RCX: 0000000000000ff2 RDX: 0000000000000ffc RSI: 0000000000000ffd RDI: 00007ffdf00576b0 RBP: 00007ffdf00586b0 R08: 00007feb2f9c0d20 R09: 00007feb2f9c0d20 R10: 0000000000000001 R11: 0000000000000202 R12: 0000000000401040 R13: 00007ffdf0058780 R14: 0000000000000000 R15: 0000000000000000  </TASK>  This commit enforces the buffer's maxlen less than a page-size to avoid store_trace_args() out-of-memory access.	https://nvd.nist.gov/vuln/detail/CVE-2024-50067
CVE-2024-50106	7.0	LOCAL	yes	In the Linux kernel, the following vulnerability has been resolved:  nfsd: fix race between laundromat and free_stateid  There is a race between laundromat handling of revoked delegations and a client sending free_stateid operation. Laundromat thread finds that delegation has expired and needs to be revoked so it marks the delegation stid revoked and it puts it on a reaper list but then it unlock the state lock and the actual delegation revocation happens without the lock. Once the stid is marked revoked a racing free_stateid processing thread does the following (1) it calls list_del_init() which removes it from the reaper list and (2) frees the delegation stid structure. The laundromat thread ends up not calling the revoke_delegation() function for this particular delegation but that means it will no release the lock lease that exists on the file.  Now, a new open for this file comes in and ends up finding that lease list isn't empty and calls nfsd_breaker_owns_lease() which ends up trying to derefence a freed delegation stateid. Leading to the followint use-after-free KASAN warning:  kernel: ================================================================== kernel: BUG: KASAN: slab-use-after-free in nfsd_breaker_owns_lease+0x140/0x160 [nfsd] kernel: Read of size 8 at addr ffff0000e73cd0c8 by task nfsd/6205 kernel: kernel: CPU: 2 UID: 0 PID: 6205 Comm: nfsd Kdump: loaded Not tainted 6.11.0-rc7+ #9 kernel: Hardware name: Apple Inc. Apple Virtualization Generic Platform, BIOS 2069.0.0.0.0 08/03/2024 kernel: Call trace: kernel: dump_backtrace+0x98/0x120 kernel: show_stack+0x1c/0x30 kernel: dump_stack_lvl+0x80/0xe8 kernel: print_address_description.constprop.0+0x84/0x390 kernel: print_report+0xa4/0x268 kernel: kasan_report+0xb4/0xf8 kernel: __asan_report_load8_noabort+0x1c/0x28 kernel: nfsd_breaker_owns_lease+0x140/0x160 [nfsd] kernel: nfsd_file_do_acquire+0xb3c/0x11d0 [nfsd] kernel: nfsd_file_acquire_opened+0x84/0x110 [nfsd] kernel: nfs4_get_vfs_file+0x634/0x958 [nfsd] kernel: nfsd4_process_open2+0xa40/0x1a40 [nfsd] kernel: nfsd4_open+0xa08/0xe80 [nfsd] kernel: nfsd4_proc_compound+0xb8c/0x2130 [nfsd] kernel: nfsd_dispatch+0x22c/0x718 [nfsd] kernel: svc_process_common+0x8e8/0x1960 [sunrpc] kernel: svc_process+0x3d4/0x7e0 [sunrpc] kernel: svc_handle_xprt+0x828/0xe10 [sunrpc] kernel: svc_recv+0x2cc/0x6a8 [sunrpc] kernel: nfsd+0x270/0x400 [nfsd] kernel: kthread+0x288/0x310 kernel: ret_from_fork+0x10/0x20  This patch proposes a fixed that's based on adding 2 new additional stid's sc_status values that help coordinate between the laundromat and other operations (nfsd4_free_stateid() and nfsd4_delegreturn()).  First to make sure, that once the stid is marked revoked, it is not removed by the nfsd4_free_stateid(), the laundromat take a reference on the stateid. Then, coordinating whether the stid has been put on the cl_revoked list or we are processing FREE_STATEID and need to make sure to remove it from the list, each check that state and act accordingly. If laundromat has added to the cl_revoke list before the arrival of FREE_STATEID, then nfsd4_free_stateid() knows to remove it from the list. If nfsd4_free_stateid() finds that operations arrived before laundromat has placed it on cl_revoke list, it marks the state freed and then laundromat will no longer add it to the list.  Also, for nfsd4_delegreturn() when looking for the specified stid, we need to access stid that are marked removed or freeable, it means the laundromat has started processing it but hasn't finished and this delegreturn needs to return nfserr_deleg_revoked and not nfserr_bad_stateid. The latter will not trigger a FREE_STATEID and the lack of it will leave this stid on the cl_revoked list indefinitely.	https://nvd.nist.gov/vuln/detail/CVE-2024-50106
CVE-2024-50217	7.8	LOCAL	yes	In the Linux kernel, the following vulnerability has been resolved:  btrfs: fix use-after-free of block device file in __btrfs_free_extra_devids()  Mounting btrfs from two images (which have the same one fsid and two different dev_uuids) in certain executing order may trigger an UAF for variable 'device->bdev_file' in __btrfs_free_extra_devids(). And following are the details:  1. Attach image_1 to loop0, attach image_2 to loop1, and scan btrfs    devices by ioctl(BTRFS_IOC_SCAN_DEV):               /  btrfs_device_1 → loop0    fs_device              \  btrfs_device_2 → loop1 2. mount /dev/loop0 /mnt    btrfs_open_devices     btrfs_device_1->bdev_file = btrfs_get_bdev_and_sb(loop0)     btrfs_device_2->bdev_file = btrfs_get_bdev_and_sb(loop1)    btrfs_fill_super     open_ctree      fail: btrfs_close_devices // -ENOMEM 	    btrfs_close_bdev(btrfs_device_1)              fput(btrfs_device_1->bdev_file) 	      // btrfs_device_1->bdev_file is freed 	    btrfs_close_bdev(btrfs_device_2)              fput(btrfs_device_2->bdev_file)  3. mount /dev/loop1 /mnt    btrfs_open_devices     btrfs_get_bdev_and_sb(&bdev_file)      // EIO, btrfs_device_1->bdev_file is not assigned,      // which points to a freed memory area     btrfs_device_2->bdev_file = btrfs_get_bdev_and_sb(loop1)    btrfs_fill_super     open_ctree      btrfs_free_extra_devids       if (btrfs_device_1->bdev_file)        fput(btrfs_device_1->bdev_file) // UAF !  Fix it by setting 'device->bdev_file' as 'NULL' after closing the btrfs_device in btrfs_close_one_device().	https://nvd.nist.gov/vuln/detail/CVE-2024-50217
CVE-2024-50221	7.8	LOCAL	yes	In the Linux kernel, the following vulnerability has been resolved:  drm/amd/pm: Vangogh: Fix kernel memory out of bounds write  KASAN reports that the GPU metrics table allocated in vangogh_tables_init() is not large enough for the memset done in smu_cmn_init_soft_gpu_metrics(). Condensed report follows:  [   33.861314] BUG: KASAN: slab-out-of-bounds in smu_cmn_init_soft_gpu_metrics+0x73/0x200 [amdgpu] [   33.861799] Write of size 168 at addr ffff888129f59500 by task mangoapp/1067 ... [   33.861808] CPU: 6 UID: 1000 PID: 1067 Comm: mangoapp Tainted: G        W          6.12.0-rc4 #356 1a56f59a8b5182eeaf67eb7cb8b13594dd23b544 [   33.861816] Tainted: [W]=WARN [   33.861818] Hardware name: Valve Galileo/Galileo, BIOS F7G0107 12/01/2023 [   33.861822] Call Trace: [   33.861826]  <TASK> [   33.861829]  dump_stack_lvl+0x66/0x90 [   33.861838]  print_report+0xce/0x620 [   33.861853]  kasan_report+0xda/0x110 [   33.862794]  kasan_check_range+0xfd/0x1a0 [   33.862799]  __asan_memset+0x23/0x40 [   33.862803]  smu_cmn_init_soft_gpu_metrics+0x73/0x200 [amdgpu 13b1bc364ec578808f676eba412c20eaab792779] [   33.863306]  vangogh_get_gpu_metrics_v2_4+0x123/0xad0 [amdgpu 13b1bc364ec578808f676eba412c20eaab792779] [   33.864257]  vangogh_common_get_gpu_metrics+0xb0c/0xbc0 [amdgpu 13b1bc364ec578808f676eba412c20eaab792779] [   33.865682]  amdgpu_dpm_get_gpu_metrics+0xcc/0x110 [amdgpu 13b1bc364ec578808f676eba412c20eaab792779] [   33.866160]  amdgpu_get_gpu_metrics+0x154/0x2d0 [amdgpu 13b1bc364ec578808f676eba412c20eaab792779] [   33.867135]  dev_attr_show+0x43/0xc0 [   33.867147]  sysfs_kf_seq_show+0x1f1/0x3b0 [   33.867155]  seq_read_iter+0x3f8/0x1140 [   33.867173]  vfs_read+0x76c/0xc50 [   33.867198]  ksys_read+0xfb/0x1d0 [   33.867214]  do_syscall_64+0x90/0x160 ... [   33.867353] Allocated by task 378 on cpu 7 at 22.794876s: [   33.867358]  kasan_save_stack+0x33/0x50 [   33.867364]  kasan_save_track+0x17/0x60 [   33.867367]  __kasan_kmalloc+0x87/0x90 [   33.867371]  vangogh_init_smc_tables+0x3f9/0x840 [amdgpu] [   33.867835]  smu_sw_init+0xa32/0x1850 [amdgpu] [   33.868299]  amdgpu_device_init+0x467b/0x8d90 [amdgpu] [   33.868733]  amdgpu_driver_load_kms+0x19/0xf0 [amdgpu] [   33.869167]  amdgpu_pci_probe+0x2d6/0xcd0 [amdgpu] [   33.869608]  local_pci_probe+0xda/0x180 [   33.869614]  pci_device_probe+0x43f/0x6b0  Empirically we can confirm that the former allocates 152 bytes for the table, while the latter memsets the 168 large block.  Root cause appears that when GPU metrics tables for v2_4 parts were added it was not considered to enlarge the table to fit.  The fix in this patch is rather "brute force" and perhaps later should be done in a smarter way, by extracting and consolidating the part version to size logic to a common helper, instead of brute forcing the largest possible allocation. Nevertheless, for now this works and fixes the out of bounds write.  v2:  * Drop impossible v3_0 case. (Mario)  (cherry picked from commit 0880f58f9609f0200483a49429af0f050d281703)	https://nvd.nist.gov/vuln/detail/CVE-2024-50221
CVE-2024-53098	7.8	LOCAL	yes	In the Linux kernel, the following vulnerability has been resolved:  drm/xe/ufence: Prefetch ufence addr to catch bogus address  access_ok() only checks for addr overflow so also try to read the addr to catch invalid addr sent from userspace.  (cherry picked from commit 9408c4508483ffc60811e910a93d6425b8e63928)	https://nvd.nist.gov/vuln/detail/CVE-2024-53098
CVE-2024-53133	7.8	LOCAL	yes	In the Linux kernel, the following vulnerability has been resolved:  drm/amd/display: Handle dml allocation failure to avoid crash  [Why] In the case where a dml allocation fails for any reason, the current state's dml contexts would no longer be valid. Then subsequent calls dc_state_copy_internal would shallow copy invalid memory and if the new state was released, a double free would occur.  [How] Reset dml pointers in new_state to NULL and avoid invalid pointer  (cherry picked from commit bcafdc61529a48f6f06355d78eb41b3aeda5296c)	https://nvd.nist.gov/vuln/detail/CVE-2024-53133
CVE-2024-53147	7.1	LOCAL	yes	In the Linux kernel, the following vulnerability has been resolved:  exfat: fix out-of-bounds access of directory entries  In the case of the directory size is greater than or equal to the cluster size, if start_clu becomes an EOF cluster(an invalid cluster) due to file system corruption, then the directory entry where ei->hint_femp.eidx hint is outside the directory, resulting in an out-of-bounds access, which may cause further file system corruption.  This commit adds a check for start_clu, if it is an invalid cluster, the file or directory will be treated as empty.	https://nvd.nist.gov/vuln/detail/CVE-2024-53147
CVE-2024-53170	7.8	LOCAL	yes	In the Linux kernel, the following vulnerability has been resolved:  block: fix uaf for flush rq while iterating tags  blk_mq_clear_flush_rq_mapping() is not called during scsi probe, by checking blk_queue_init_done(). However, QUEUE_FLAG_INIT_DONE is cleared in del_gendisk by commit aec89dc5d421 ("block: keep q_usage_counter in atomic mode after del_gendisk"), hence for disk like scsi, following blk_mq_destroy_queue() will not clear flush rq from tags->rqs[] as well, cause following uaf that is found by our syzkaller for v6.6:  ================================================================== BUG: KASAN: slab-use-after-free in blk_mq_find_and_get_req+0x16e/0x1a0 block/blk-mq-tag.c:261 Read of size 4 at addr ffff88811c969c20 by task kworker/1:2H/224909  CPU: 1 PID: 224909 Comm: kworker/1:2H Not tainted 6.6.0-ga836a5060850 #32 Workqueue: kblockd blk_mq_timeout_work Call Trace:  __dump_stack lib/dump_stack.c:88 [inline] dump_stack_lvl+0x91/0xf0 lib/dump_stack.c:106 print_address_description.constprop.0+0x66/0x300 mm/kasan/report.c:364 print_report+0x3e/0x70 mm/kasan/report.c:475 kasan_report+0xb8/0xf0 mm/kasan/report.c:588 blk_mq_find_and_get_req+0x16e/0x1a0 block/blk-mq-tag.c:261 bt_iter block/blk-mq-tag.c:288 [inline] __sbitmap_for_each_set include/linux/sbitmap.h:295 [inline] sbitmap_for_each_set include/linux/sbitmap.h:316 [inline] bt_for_each+0x455/0x790 block/blk-mq-tag.c:325 blk_mq_queue_tag_busy_iter+0x320/0x740 block/blk-mq-tag.c:534 blk_mq_timeout_work+0x1a3/0x7b0 block/blk-mq.c:1673 process_one_work+0x7c4/0x1450 kernel/workqueue.c:2631 process_scheduled_works kernel/workqueue.c:2704 [inline] worker_thread+0x804/0xe40 kernel/workqueue.c:2785 kthread+0x346/0x450 kernel/kthread.c:388 ret_from_fork+0x4d/0x80 arch/x86/kernel/process.c:147 ret_from_fork_asm+0x1b/0x30 arch/x86/entry/entry_64.S:293  Allocated by task 942: kasan_save_stack+0x22/0x50 mm/kasan/common.c:45 kasan_set_track+0x25/0x30 mm/kasan/common.c:52 ____kasan_kmalloc mm/kasan/common.c:374 [inline] __kasan_kmalloc mm/kasan/common.c:383 [inline] __kasan_kmalloc+0xaa/0xb0 mm/kasan/common.c:380 kasan_kmalloc include/linux/kasan.h:198 [inline] __do_kmalloc_node mm/slab_common.c:1007 [inline] __kmalloc_node+0x69/0x170 mm/slab_common.c:1014 kmalloc_node include/linux/slab.h:620 [inline] kzalloc_node include/linux/slab.h:732 [inline] blk_alloc_flush_queue+0x144/0x2f0 block/blk-flush.c:499 blk_mq_alloc_hctx+0x601/0x940 block/blk-mq.c:3788 blk_mq_alloc_and_init_hctx+0x27f/0x330 block/blk-mq.c:4261 blk_mq_realloc_hw_ctxs+0x488/0x5e0 block/blk-mq.c:4294 blk_mq_init_allocated_queue+0x188/0x860 block/blk-mq.c:4350 blk_mq_init_queue_data block/blk-mq.c:4166 [inline] blk_mq_init_queue+0x8d/0x100 block/blk-mq.c:4176 scsi_alloc_sdev+0x843/0xd50 drivers/scsi/scsi_scan.c:335 scsi_probe_and_add_lun+0x77c/0xde0 drivers/scsi/scsi_scan.c:1189 __scsi_scan_target+0x1fc/0x5a0 drivers/scsi/scsi_scan.c:1727 scsi_scan_channel drivers/scsi/scsi_scan.c:1815 [inline] scsi_scan_channel+0x14b/0x1e0 drivers/scsi/scsi_scan.c:1791 scsi_scan_host_selected+0x2fe/0x400 drivers/scsi/scsi_scan.c:1844 scsi_scan+0x3a0/0x3f0 drivers/scsi/scsi_sysfs.c:151 store_scan+0x2a/0x60 drivers/scsi/scsi_sysfs.c:191 dev_attr_store+0x5c/0x90 drivers/base/core.c:2388 sysfs_kf_write+0x11c/0x170 fs/sysfs/file.c:136 kernfs_fop_write_iter+0x3fc/0x610 fs/kernfs/file.c:338 call_write_iter include/linux/fs.h:2083 [inline] new_sync_write+0x1b4/0x2d0 fs/read_write.c:493 vfs_write+0x76c/0xb00 fs/read_write.c:586 ksys_write+0x127/0x250 fs/read_write.c:639 do_syscall_x64 arch/x86/entry/common.c:51 [inline] do_syscall_64+0x70/0x120 arch/x86/entry/common.c:81 entry_SYSCALL_64_after_hwframe+0x78/0xe2  Freed by task 244687: kasan_save_stack+0x22/0x50 mm/kasan/common.c:45 kasan_set_track+0x25/0x30 mm/kasan/common.c:52 kasan_save_free_info+0x2b/0x50 mm/kasan/generic.c:522 ____kasan_slab_free mm/kasan/common.c:236 [inline] __kasan_slab_free+0x12a/0x1b0 mm/kasan/common.c:244 kasan_slab_free include/linux/kasan.h:164 [in ---truncated---	https://nvd.nist.gov/vuln/detail/CVE-2024-53170
CVE-2024-53203	7.8	LOCAL	yes	In the Linux kernel, the following vulnerability has been resolved:  usb: typec: fix potential array underflow in ucsi_ccg_sync_control()  The "command" variable can be controlled by the user via debugfs.  The worry is that if con_index is zero then "&uc->ucsi->connector[con_index - 1]" would be an array underflow.	https://nvd.nist.gov/vuln/detail/CVE-2024-53203
CVE-2024-56608	7.8	LOCAL	yes	In the Linux kernel, the following vulnerability has been resolved:  drm/amd/display: Fix out-of-bounds access in 'dcn21_link_encoder_create'  An issue was identified in the dcn21_link_encoder_create function where an out-of-bounds access could occur when the hpd_source index was used to reference the link_enc_hpd_regs array. This array has a fixed size and the index was not being checked against the array's bounds before accessing it.  This fix adds a conditional check to ensure that the hpd_source index is within the valid range of the link_enc_hpd_regs array. If the index is out of bounds, the function now returns NULL to prevent undefined behavior.  References:  [   65.920507] ------------[ cut here ]------------ [   65.920510] UBSAN: array-index-out-of-bounds in drivers/gpu/drm/amd/amdgpu/../display/dc/resource/dcn21/dcn21_resource.c:1312:29 [   65.920519] index 7 is out of range for type 'dcn10_link_enc_hpd_registers [5]' [   65.920523] CPU: 3 PID: 1178 Comm: modprobe Tainted: G           OE      6.8.0-cleanershaderfeatureresetasdntipmi200nv2132 #13 [   65.920525] Hardware name: AMD Majolica-RN/Majolica-RN, BIOS WMJ0429N_Weekly_20_04_2 04/29/2020 [   65.920527] Call Trace: [   65.920529]  <TASK> [   65.920532]  dump_stack_lvl+0x48/0x70 [   65.920541]  dump_stack+0x10/0x20 [   65.920543]  __ubsan_handle_out_of_bounds+0xa2/0xe0 [   65.920549]  dcn21_link_encoder_create+0xd9/0x140 [amdgpu] [   65.921009]  link_create+0x6d3/0xed0 [amdgpu] [   65.921355]  create_links+0x18a/0x4e0 [amdgpu] [   65.921679]  dc_create+0x360/0x720 [amdgpu] [   65.921999]  ? dmi_matches+0xa0/0x220 [   65.922004]  amdgpu_dm_init+0x2b6/0x2c90 [amdgpu] [   65.922342]  ? console_unlock+0x77/0x120 [   65.922348]  ? dev_printk_emit+0x86/0xb0 [   65.922354]  dm_hw_init+0x15/0x40 [amdgpu] [   65.922686]  amdgpu_device_init+0x26a8/0x33a0 [amdgpu] [   65.922921]  amdgpu_driver_load_kms+0x1b/0xa0 [amdgpu] [   65.923087]  amdgpu_pci_probe+0x1b7/0x630 [amdgpu] [   65.923087]  local_pci_probe+0x4b/0xb0 [   65.923087]  pci_device_probe+0xc8/0x280 [   65.923087]  really_probe+0x187/0x300 [   65.923087]  __driver_probe_device+0x85/0x130 [   65.923087]  driver_probe_device+0x24/0x110 [   65.923087]  __driver_attach+0xac/0x1d0 [   65.923087]  ? __pfx___driver_attach+0x10/0x10 [   65.923087]  bus_for_each_dev+0x7d/0xd0 [   65.923087]  driver_attach+0x1e/0x30 [   65.923087]  bus_add_driver+0xf2/0x200 [   65.923087]  driver_register+0x64/0x130 [   65.923087]  ? __pfx_amdgpu_init+0x10/0x10 [amdgpu] [   65.923087]  __pci_register_driver+0x61/0x70 [   65.923087]  amdgpu_init+0x7d/0xff0 [amdgpu] [   65.923087]  do_one_initcall+0x49/0x310 [   65.923087]  ? kmalloc_trace+0x136/0x360 [   65.923087]  do_init_module+0x6a/0x270 [   65.923087]  load_module+0x1fce/0x23a0 [   65.923087]  init_module_from_file+0x9c/0xe0 [   65.923087]  ? init_module_from_file+0x9c/0xe0 [   65.923087]  idempotent_init_module+0x179/0x230 [   65.923087]  __x64_sys_finit_module+0x5d/0xa0 [   65.923087]  do_syscall_64+0x76/0x120 [   65.923087]  entry_SYSCALL_64_after_hwframe+0x6e/0x76 [   65.923087] RIP: 0033:0x7f2d80f1e88d [   65.923087] Code: 5b 41 5c c3 66 0f 1f 84 00 00 00 00 00 f3 0f 1e fa 48 89 f8 48 89 f7 48 89 d6 48 89 ca 4d 89 c2 4d 89 c8 4c 8b 4c 24 08 0f 05 <48> 3d 01 f0 ff ff 73 01 c3 48 8b 0d 73 b5 0f 00 f7 d8 64 89 01 48 [   65.923087] RSP: 002b:00007ffc7bc1aa78 EFLAGS: 00000246 ORIG_RAX: 0000000000000139 [   65.923087] RAX: ffffffffffffffda RBX: 0000564c9c1db130 RCX: 00007f2d80f1e88d [   65.923087] RDX: 0000000000000000 RSI: 0000564c9c1e5480 RDI: 000000000000000f [   65.923087] RBP: 0000000000040000 R08: 0000000000000000 R09: 0000000000000002 [   65.923087] R10: 000000000000000f R11: 0000000000000246 R12: 0000564c9c1e5480 [   65.923087] R13: 0000564c9c1db260 R14: 0000000000000000 R15: 0000564c9c1e54b0 [   65.923087]  </TASK> [   65.923927] ---[ end trace ]---	https://nvd.nist.gov/vuln/detail/CVE-2024-56608
CVE-2024-56759	7.8	LOCAL	yes	In the Linux kernel, the following vulnerability has been resolved:  btrfs: fix use-after-free when COWing tree bock and tracing is enabled  When a COWing a tree block, at btrfs_cow_block(), and we have the tracepoint trace_btrfs_cow_block() enabled and preemption is also enabled (CONFIG_PREEMPT=y), we can trigger a use-after-free in the COWed extent buffer while inside the tracepoint code. This is because in some paths that call btrfs_cow_block(), such as btrfs_search_slot(), we are holding the last reference on the extent buffer @buf so btrfs_force_cow_block() drops the last reference on the @buf extent buffer when it calls free_extent_buffer_stale(buf), which schedules the release of the extent buffer with RCU. This means that if we are on a kernel with preemption, the current task may be preempted before calling trace_btrfs_cow_block() and the extent buffer already released by the time trace_btrfs_cow_block() is called, resulting in a use-after-free.  Fix this by moving the trace_btrfs_cow_block() from btrfs_cow_block() to btrfs_force_cow_block() before the COWed extent buffer is freed. This also has a side effect of invoking the tracepoint in the tree defrag code, at defrag.c:btrfs_realloc_node(), since btrfs_force_cow_block() is called there, but this is fine and it was actually missing there.	https://nvd.nist.gov/vuln/detail/CVE-2024-56759
CVE-2024-56775	7.8	LOCAL	yes	In the Linux kernel, the following vulnerability has been resolved:  drm/amd/display: Fix handling of plane refcount  [Why] The mechanism to backup and restore plane states doesn't maintain refcount, which can cause issues if the refcount of the plane changes in between backup and restore operations, such as memory leaks if the refcount was supposed to go down, or double frees / invalid memory accesses if the refcount was supposed to go up.  [How] Cache and re-apply current refcount when restoring plane states.	https://nvd.nist.gov/vuln/detail/CVE-2024-56775
CVE-2024-56784	7.8	LOCAL	yes	In the Linux kernel, the following vulnerability has been resolved:  drm/amd/display: Adding array index check to prevent memory corruption  [Why & How] Array indices out of bound caused memory corruption. Adding checks to ensure that array index stays in bound.	https://nvd.nist.gov/vuln/detail/CVE-2024-56784
CVE-2024-57795	7.8	LOCAL	yes	In the Linux kernel, the following vulnerability has been resolved:  RDMA/rxe: Remove the direct link to net_device  The similar patch in siw is in the link: https://git.kernel.org/rdma/rdma/c/16b87037b48889  This problem also occurred in RXE. The following analyze this problem. In the following Call Traces: " BUG: KASAN: slab-use-after-free in dev_get_flags+0x188/0x1d0 net/core/dev.c:8782 Read of size 4 at addr ffff8880554640b0 by task kworker/1:4/5295  CPU: 1 UID: 0 PID: 5295 Comm: kworker/1:4 Not tainted 6.12.0-rc3-syzkaller-00399-g9197b73fd7bb #0 Hardware name: Google Compute Engine/Google Compute Engine, BIOS Google 09/13/2024 Workqueue: infiniband ib_cache_event_task Call Trace:  <TASK>  __dump_stack lib/dump_stack.c:94 [inline]  dump_stack_lvl+0x241/0x360 lib/dump_stack.c:120  print_address_description mm/kasan/report.c:377 [inline]  print_report+0x169/0x550 mm/kasan/report.c:488  kasan_report+0x143/0x180 mm/kasan/report.c:601  dev_get_flags+0x188/0x1d0 net/core/dev.c:8782  rxe_query_port+0x12d/0x260 drivers/infiniband/sw/rxe/rxe_verbs.c:60  __ib_query_port drivers/infiniband/core/device.c:2111 [inline]  ib_query_port+0x168/0x7d0 drivers/infiniband/core/device.c:2143  ib_cache_update+0x1a9/0xb80 drivers/infiniband/core/cache.c:1494  ib_cache_event_task+0xf3/0x1e0 drivers/infiniband/core/cache.c:1568  process_one_work kernel/workqueue.c:3229 [inline]  process_scheduled_works+0xa65/0x1850 kernel/workqueue.c:3310  worker_thread+0x870/0xd30 kernel/workqueue.c:3391  kthread+0x2f2/0x390 kernel/kthread.c:389  ret_from_fork+0x4d/0x80 arch/x86/kernel/process.c:147  ret_from_fork_asm+0x1a/0x30 arch/x86/entry/entry_64.S:244  </TASK> "  1). In the link [1],  "  infiniband syz2: set down "  This means that on 839.350575, the event ib_cache_event_task was sent andi queued in ib_wq.  2). In the link [1],  "  team0 (unregistering): Port device team_slave_0 removed "  It indicates that before 843.251853, the net device should be freed.  3). In the link [1],  "  BUG: KASAN: slab-use-after-free in dev_get_flags+0x188/0x1d0 "  This means that on 850.559070, this slab-use-after-free problem occurred.  In all, on 839.350575, the event ib_cache_event_task was sent and queued in ib_wq,  before 843.251853, the net device veth was freed.  on 850.559070, this event was executed, and the mentioned freed net device was called. Thus, the above call trace occurred.  [1] https://syzkaller.appspot.com/x/log.txt?x=12e7025f980000	https://nvd.nist.gov/vuln/detail/CVE-2024-57795
CVE-2024-57857	7.8	LOCAL	yes	In the Linux kernel, the following vulnerability has been resolved:  RDMA/siw: Remove direct link to net_device  Do not manage a per device direct link to net_device. Rely on associated ib_devices net_device management, not doubling the effort locally. A badly managed local link to net_device was causing a 'KASAN: slab-use-after-free' exception during siw_query_port() call.	https://nvd.nist.gov/vuln/detail/CVE-2024-57857
CVE-2024-57982	7.1	LOCAL	yes	In the Linux kernel, the following vulnerability has been resolved:  xfrm: state: fix out-of-bounds read during lookup  lookup and resize can run in parallel.  The xfrm_state_hash_generation seqlock ensures a retry, but the hash functions can observe a hmask value that is too large for the new hlist array.  rehash does:   rcu_assign_pointer(net->xfrm.state_bydst, ndst) [..]   net->xfrm.state_hmask = nhashmask;  While state lookup does:   h = xfrm_dst_hash(net, daddr, saddr, tmpl->reqid, encap_family);   hlist_for_each_entry_rcu(x, net->xfrm.state_bydst + h, bydst) {  This is only safe in case the update to state_bydst is larger than net->xfrm.xfrm_state_hmask (or if the lookup function gets serialized via state spinlock again).  Fix this by prefetching state_hmask and the associated pointers. The xfrm_state_hash_generation seqlock retry will ensure that the pointer and the hmask will be consistent.  The existing helpers, like xfrm_dst_hash(), are now unsafe for RCU side, add lockdep assertions to document that they are only safe for insert side.  xfrm_state_lookup_byaddr() uses the spinlock rather than RCU. AFAICS this is an oversight from back when state lookup was converted to RCU, this lock should be replaced with RCU in a future patch.	https://nvd.nist.gov/vuln/detail/CVE-2024-57982
CVE-2024-58015	7.1	LOCAL	yes	In the Linux kernel, the following vulnerability has been resolved:  wifi: ath12k: Fix for out-of bound access error  Selfgen stats are placed in a buffer using print_array_to_buf_index() function. Array length parameter passed to the function is too big, resulting in possible out-of bound memory error. Decreasing buffer size by one fixes faulty upper bound of passed array.  Discovered in coverity scan, CID 1600742 and CID 1600758	https://nvd.nist.gov/vuln/detail/CVE-2024-58015
CVE-2024-58093	7.8	LOCAL	yes	In the Linux kernel, the following vulnerability has been resolved:  PCI/ASPM: Fix link state exit during switch upstream function removal  Before 456d8aa37d0f ("PCI/ASPM: Disable ASPM on MFD function removal to avoid use-after-free"), we would free the ASPM link only after the last function on the bus pertaining to the given link was removed.  That was too late. If function 0 is removed before sibling function, link->downstream would point to free'd memory after.  After above change, we freed the ASPM parent link state upon any function removal on the bus pertaining to a given link.  That is too early. If the link is to a PCIe switch with MFD on the upstream port, then removing functions other than 0 first would free a link which still remains parent_link to the remaining downstream ports.  The resulting GPFs are especially frequent during hot-unplug, because pciehp removes devices on the link bus in reverse order.  On that switch, function 0 is the virtual P2P bridge to the internal bus. Free exactly when function 0 is removed -- before the parent link is obsolete, but after all subordinate links are gone.  [kwilczynski: commit log]	https://nvd.nist.gov/vuln/detail/CVE-2024-58093
CVE-2025-21650	7.8	LOCAL	yes	In the Linux kernel, the following vulnerability has been resolved:  net: hns3: fixed hclge_fetch_pf_reg accesses bar space out of bounds issue  The TQP BAR space is divided into two segments. TQPs 0-1023 and TQPs 1024-1279 are in different BAR space addresses. However, hclge_fetch_pf_reg does not distinguish the tqp space information when reading the tqp space information. When the number of TQPs is greater than 1024, access bar space overwriting occurs. The problem of different segments has been considered during the initialization of tqp.io_base. Therefore, tqp.io_base is directly used when the queue is read in hclge_fetch_pf_reg.  The error message:  Unable to handle kernel paging request at virtual address ffff800037200000 pc : hclge_fetch_pf_reg+0x138/0x250 [hclge] lr : hclge_get_regs+0x84/0x1d0 [hclge] Call trace:  hclge_fetch_pf_reg+0x138/0x250 [hclge]  hclge_get_regs+0x84/0x1d0 [hclge]  hns3_get_regs+0x2c/0x50 [hns3]  ethtool_get_regs+0xf4/0x270  dev_ethtool+0x674/0x8a0  dev_ioctl+0x270/0x36c  sock_do_ioctl+0x110/0x2a0  sock_ioctl+0x2ac/0x530  __arm64_sys_ioctl+0xa8/0x100  invoke_syscall+0x4c/0x124  el0_svc_common.constprop.0+0x140/0x15c  do_el0_svc+0x30/0xd0  el0_svc+0x1c/0x2c  el0_sync_handler+0xb0/0xb4  el0_sync+0x168/0x180	https://nvd.nist.gov/vuln/detail/CVE-2025-21650
CVE-2025-21693	7.8	LOCAL	yes	In the Linux kernel, the following vulnerability has been resolved:  mm: zswap: properly synchronize freeing resources during CPU hotunplug  In zswap_compress() and zswap_decompress(), the per-CPU acomp_ctx of the current CPU at the beginning of the operation is retrieved and used throughout.  However, since neither preemption nor migration are disabled, it is possible that the operation continues on a different CPU.  If the original CPU is hotunplugged while the acomp_ctx is still in use, we run into a UAF bug as some of the resources attached to the acomp_ctx are freed during hotunplug in zswap_cpu_comp_dead() (i.e.  acomp_ctx.buffer, acomp_ctx.req, or acomp_ctx.acomp).  The problem was introduced in commit 1ec3b5fe6eec ("mm/zswap: move to use crypto_acomp API for hardware acceleration") when the switch to the crypto_acomp API was made.  Prior to that, the per-CPU crypto_comp was retrieved using get_cpu_ptr() which disables preemption and makes sure the CPU cannot go away from under us.  Preemption cannot be disabled with the crypto_acomp API as a sleepable context is needed.  Use the acomp_ctx.mutex to synchronize CPU hotplug callbacks allocating and freeing resources with compression/decompression paths.  Make sure that acomp_ctx.req is NULL when the resources are freed.  In the compression/decompression paths, check if acomp_ctx.req is NULL after acquiring the mutex (meaning the CPU was offlined) and retry on the new CPU.  The initialization of acomp_ctx.mutex is moved from the CPU hotplug callback to the pool initialization where it belongs (where the mutex is allocated).  In addition to adding clarity, this makes sure that CPU hotplug cannot reinitialize a mutex that is already locked by compression/decompression.  Previously a fix was attempted by holding cpus_read_lock() [1].  This would have caused a potential deadlock as it is possible for code already holding the lock to fall into reclaim and enter zswap (causing a deadlock).  A fix was also attempted using SRCU for synchronization, but Johannes pointed out that synchronize_srcu() cannot be used in CPU hotplug notifiers [2].  Alternative fixes that were considered/attempted and could have worked: - Refcounting the per-CPU acomp_ctx. This involves complexity in   handling the race between the refcount dropping to zero in   zswap_[de]compress() and the refcount being re-initialized when the   CPU is onlined. - Disabling migration before getting the per-CPU acomp_ctx [3], but   that's discouraged and is a much bigger hammer than needed, and could   result in subtle performance issues.  [1]https://lkml.kernel.org/20241219212437.2714151-1-yosryahmed@google.com/ [2]https://lkml.kernel.org/20250107074724.1756696-2-yosryahmed@google.com/ [3]https://lkml.kernel.org/20250107222236.2715883-2-yosryahmed@google.com/  [yosryahmed@google.com: remove comment]	https://nvd.nist.gov/vuln/detail/CVE-2025-21693
CVE-2025-21722	7.8	LOCAL	yes	In the Linux kernel, the following vulnerability has been resolved:  nilfs2: do not force clear folio if buffer is referenced  Patch series "nilfs2: protect busy buffer heads from being force-cleared".  This series fixes the buffer head state inconsistency issues reported by syzbot that occurs when the filesystem is corrupted and falls back to read-only, and the associated buffer head use-after-free issue.   This patch (of 2):  Syzbot has reported that after nilfs2 detects filesystem corruption and falls back to read-only, inconsistencies in the buffer state may occur.  One of the inconsistencies is that when nilfs2 calls mark_buffer_dirty() to set a data or metadata buffer as dirty, but it detects that the buffer is not in the uptodate state:   WARNING: CPU: 0 PID: 6049 at fs/buffer.c:1177 mark_buffer_dirty+0x2e5/0x520   fs/buffer.c:1177  ...  Call Trace:   <TASK>   nilfs_palloc_commit_alloc_entry+0x4b/0x160 fs/nilfs2/alloc.c:598   nilfs_ifile_create_inode+0x1dd/0x3a0 fs/nilfs2/ifile.c:73   nilfs_new_inode+0x254/0x830 fs/nilfs2/inode.c:344   nilfs_mkdir+0x10d/0x340 fs/nilfs2/namei.c:218   vfs_mkdir+0x2f9/0x4f0 fs/namei.c:4257   do_mkdirat+0x264/0x3a0 fs/namei.c:4280   __do_sys_mkdirat fs/namei.c:4295 [inline]   __se_sys_mkdirat fs/namei.c:4293 [inline]   __x64_sys_mkdirat+0x87/0xa0 fs/namei.c:4293   do_syscall_x64 arch/x86/entry/common.c:52 [inline]   do_syscall_64+0xf3/0x230 arch/x86/entry/common.c:83   entry_SYSCALL_64_after_hwframe+0x77/0x7f  The other is when nilfs_btree_propagate(), which propagates the dirty state to the ancestor nodes of a b-tree that point to a dirty buffer, detects that the origin buffer is not dirty, even though it should be:   WARNING: CPU: 0 PID: 5245 at fs/nilfs2/btree.c:2089   nilfs_btree_propagate+0xc79/0xdf0 fs/nilfs2/btree.c:2089  ...  Call Trace:   <TASK>   nilfs_bmap_propagate+0x75/0x120 fs/nilfs2/bmap.c:345   nilfs_collect_file_data+0x4d/0xd0 fs/nilfs2/segment.c:587   nilfs_segctor_apply_buffers+0x184/0x340 fs/nilfs2/segment.c:1006   nilfs_segctor_scan_file+0x28c/0xa50 fs/nilfs2/segment.c:1045   nilfs_segctor_collect_blocks fs/nilfs2/segment.c:1216 [inline]   nilfs_segctor_collect fs/nilfs2/segment.c:1540 [inline]   nilfs_segctor_do_construct+0x1c28/0x6b90 fs/nilfs2/segment.c:2115   nilfs_segctor_construct+0x181/0x6b0 fs/nilfs2/segment.c:2479   nilfs_segctor_thread_construct fs/nilfs2/segment.c:2587 [inline]   nilfs_segctor_thread+0x69e/0xe80 fs/nilfs2/segment.c:2701   kthread+0x2f0/0x390 kernel/kthread.c:389   ret_from_fork+0x4b/0x80 arch/x86/kernel/process.c:147   ret_from_fork_asm+0x1a/0x30 arch/x86/entry/entry_64.S:244   </TASK>  Both of these issues are caused by the callbacks that handle the page/folio write requests, forcibly clear various states, including the working state of the buffers they hold, at unexpected times when they detect read-only fallback.  Fix these issues by checking if the buffer is referenced before clearing the page/folio state, and skipping the clear if it is.	https://nvd.nist.gov/vuln/detail/CVE-2025-21722
CVE-2025-21729	7.8	LOCAL	yes	In the Linux kernel, the following vulnerability has been resolved:  wifi: rtw89: fix race between cancel_hw_scan and hw_scan completion  The rtwdev->scanning flag isn't protected by mutex originally, so cancel_hw_scan can pass the condition, but suddenly hw_scan completion unset the flag and calls ieee80211_scan_completed() that will free local->hw_scan_req. Then, cancel_hw_scan raises null-ptr-deref and use-after-free. Fix it by moving the check condition to where protected by mutex.   KASAN: null-ptr-deref in range [0x0000000000000088-0x000000000000008f]  CPU: 2 PID: 6922 Comm: kworker/2:2 Tainted: G           OE  Hardware name: LENOVO 2356AD1/2356AD1, BIOS G7ETB6WW (2.76 ) 09/10/2019  Workqueue: events cfg80211_conn_work [cfg80211]  RIP: 0010:rtw89_fw_h2c_scan_offload_be+0xc33/0x13c3 [rtw89_core]  Code: 00 45 89 6c 24 1c 0f 85 23 01 00 00 48 8b 85 20 ff ff ff 48 8d  RSP: 0018:ffff88811fd9f068 EFLAGS: 00010206  RAX: dffffc0000000000 RBX: ffff88811fd9f258 RCX: 0000000000000001  RDX: 0000000000000011 RSI: 0000000000000001 RDI: 0000000000000089  RBP: ffff88811fd9f170 R08: 0000000000000000 R09: 0000000000000000  R10: ffff88811fd9f108 R11: 0000000000000000 R12: ffff88810e47f960  R13: 0000000000000000 R14: 000000000000ffff R15: 0000000000000000  FS:  0000000000000000(0000) GS:ffff8881d6f00000(0000) knlGS:0000000000000000  CS:  0010 DS: 0000 ES: 0000 CR0: 0000000080050033  CR2: 00007531dfca55b0 CR3: 00000001be296004 CR4: 00000000001706e0  Call Trace:   <TASK>   ? show_regs+0x61/0x73   ? __die_body+0x20/0x73   ? die_addr+0x4f/0x7b   ? exc_general_protection+0x191/0x1db   ? asm_exc_general_protection+0x27/0x30   ? rtw89_fw_h2c_scan_offload_be+0xc33/0x13c3 [rtw89_core]   ? rtw89_fw_h2c_scan_offload_be+0x458/0x13c3 [rtw89_core]   ? __pfx_rtw89_fw_h2c_scan_offload_be+0x10/0x10 [rtw89_core]   ? do_raw_spin_lock+0x75/0xdb   ? __pfx_do_raw_spin_lock+0x10/0x10   rtw89_hw_scan_offload+0xb5e/0xbf7 [rtw89_core]   ? _raw_spin_unlock+0xe/0x24   ? __mutex_lock.constprop.0+0x40c/0x471   ? __pfx_rtw89_hw_scan_offload+0x10/0x10 [rtw89_core]   ? __mutex_lock_slowpath+0x13/0x1f   ? mutex_lock+0xa2/0xdc   ? __pfx_mutex_lock+0x10/0x10   rtw89_hw_scan_abort+0x58/0xb7 [rtw89_core]   rtw89_ops_cancel_hw_scan+0x120/0x13b [rtw89_core]   ieee80211_scan_cancel+0x468/0x4d0 [mac80211]   ieee80211_prep_connection+0x858/0x899 [mac80211]   ieee80211_mgd_auth+0xbea/0xdde [mac80211]   ? __pfx_ieee80211_mgd_auth+0x10/0x10 [mac80211]   ? cfg80211_find_elem+0x15/0x29 [cfg80211]   ? is_bss+0x1b7/0x1d7 [cfg80211]   ieee80211_auth+0x18/0x27 [mac80211]   cfg80211_mlme_auth+0x3bb/0x3e7 [cfg80211]   cfg80211_conn_do_work+0x410/0xb81 [cfg80211]   ? __pfx_cfg80211_conn_do_work+0x10/0x10 [cfg80211]   ? __kasan_check_read+0x11/0x1f   ? psi_group_change+0x8bc/0x944   ? __kasan_check_write+0x14/0x22   ? mutex_lock+0x8e/0xdc   ? __pfx_mutex_lock+0x10/0x10   ? __pfx___radix_tree_lookup+0x10/0x10   cfg80211_conn_work+0x245/0x34d [cfg80211]   ? __pfx_cfg80211_conn_work+0x10/0x10 [cfg80211]   ? update_cfs_rq_load_avg+0x3bc/0x3d7   ? sched_clock_noinstr+0x9/0x1a   ? sched_clock+0x10/0x24   ? sched_clock_cpu+0x7e/0x42e   ? newidle_balance+0x796/0x937   ? __pfx_sched_clock_cpu+0x10/0x10   ? __pfx_newidle_balance+0x10/0x10   ? __kasan_check_read+0x11/0x1f   ? psi_group_change+0x8bc/0x944   ? _raw_spin_unlock+0xe/0x24   ? raw_spin_rq_unlock+0x47/0x54   ? raw_spin_rq_unlock_irq+0x9/0x1f   ? finish_task_switch.isra.0+0x347/0x586   ? __schedule+0x27bf/0x2892   ? mutex_unlock+0x80/0xd0   ? do_raw_spin_lock+0x75/0xdb   ? __pfx___schedule+0x10/0x10   process_scheduled_works+0x58c/0x821   worker_thread+0x4c7/0x586   ? __kasan_check_read+0x11/0x1f   kthread+0x285/0x294   ? __pfx_worker_thread+0x10/0x10   ? __pfx_kthread+0x10/0x10   ret_from_fork+0x29/0x6f   ? __pfx_kthread+0x10/0x10   ret_from_fork_asm+0x1b/0x30   </TASK>	https://nvd.nist.gov/vuln/detail/CVE-2025-21729
CVE-2025-21739	7.8	LOCAL	yes	In the Linux kernel, the following vulnerability has been resolved:  scsi: ufs: core: Fix use-after free in init error and remove paths  devm_blk_crypto_profile_init() registers a cleanup handler to run when the associated (platform-) device is being released. For UFS, the crypto private data and pointers are stored as part of the ufs_hba's data structure 'struct ufs_hba::crypto_profile'. This structure is allocated as part of the underlying ufshcd and therefore Scsi_host allocation.  During driver release or during error handling in ufshcd_pltfrm_init(), this structure is released as part of ufshcd_dealloc_host() before the (platform-) device associated with the crypto call above is released. Once this device is released, the crypto cleanup code will run, using the just-released 'struct ufs_hba::crypto_profile'. This causes a use-after-free situation:    Call trace:    kfree+0x60/0x2d8 (P)    kvfree+0x44/0x60    blk_crypto_profile_destroy_callback+0x28/0x70    devm_action_release+0x1c/0x30    release_nodes+0x6c/0x108    devres_release_all+0x98/0x100    device_unbind_cleanup+0x20/0x70    really_probe+0x218/0x2d0  In other words, the initialisation code flow is:    platform-device probe     ufshcd_pltfrm_init()       ufshcd_alloc_host()         scsi_host_alloc()           allocation of struct ufs_hba           creation of scsi-host devices     devm_blk_crypto_profile_init()       devm registration of cleanup handler using platform-device  and during error handling of ufshcd_pltfrm_init() or during driver removal:    ufshcd_dealloc_host()     scsi_host_put()       put_device(scsi-host)         release of struct ufs_hba   put_device(platform-device)     crypto cleanup handler  To fix this use-after free, change ufshcd_alloc_host() to register a devres action to automatically cleanup the underlying SCSI device on ufshcd destruction, without requiring explicit calls to ufshcd_dealloc_host(). This way:      * the crypto profile and all other ufs_hba-owned resources are       destroyed before SCSI (as they've been registered after)     * a memleak is plugged in tc-dwc-g210-pci.c remove() as a       side-effect     * EXPORT_SYMBOL_GPL(ufshcd_dealloc_host) can be removed fully as       it's not needed anymore     * no future drivers using ufshcd_alloc_host() could ever forget       adding the cleanup	https://nvd.nist.gov/vuln/detail/CVE-2025-21739
CVE-2025-21751	7.8	LOCAL	yes	In the Linux kernel, the following vulnerability has been resolved:  net/mlx5: HWS, change error flow on matcher disconnect  Currently, when firmware failure occurs during matcher disconnect flow, the error flow of the function reconnects the matcher back and returns an error, which continues running the calling function and eventually frees the matcher that is being disconnected. This leads to a case where we have a freed matcher on the matchers list, which in turn leads to use-after-free and eventual crash.  This patch fixes that by not trying to reconnect the matcher back when some FW command fails during disconnect.  Note that we're dealing here with FW error. We can't overcome this problem. This might lead to bad steering state (e.g. wrong connection between matchers), and will also lead to resource leakage, as it is the case with any other error handling during resource destruction.  However, the goal here is to allow the driver to continue and not crash the machine with use-after-free error.	https://nvd.nist.gov/vuln/detail/CVE-2025-21751
CVE-2025-21786	7.8	LOCAL	yes	In the Linux kernel, the following vulnerability has been resolved:  workqueue: Put the pwq after detaching the rescuer from the pool  The commit 68f83057b913("workqueue: Reap workers via kthread_stop() and remove detach_completion") adds code to reap the normal workers but mistakenly does not handle the rescuer and also removes the code waiting for the rescuer in put_unbound_pool(), which caused a use-after-free bug reported by Cheung Wall.  To avoid the use-after-free bug, the pool’s reference must be held until the detachment is complete. Therefore, move the code that puts the pwq after detaching the rescuer from the pool.	https://nvd.nist.gov/vuln/detail/CVE-2025-21786
CVE-2025-21985	7.1	LOCAL	yes	In the Linux kernel, the following vulnerability has been resolved:  drm/amd/display: Fix out-of-bound accesses  [WHAT & HOW] hpo_stream_to_link_encoder_mapping has size MAX_HPO_DP2_ENCODERS(=4), but location can have size up to 6. As a result, it is necessary to check location against MAX_HPO_DP2_ENCODERS.  Similiarly, disp_cfg_stream_location can be used as an array index which should be 0..5, so the ASSERT's conditions should be less without equal.	https://nvd.nist.gov/vuln/detail/CVE-2025-21985
CVE-2025-22022	7.8	LOCAL	yes	In the Linux kernel, the following vulnerability has been resolved:  usb: xhci: Apply the link chain quirk on NEC isoc endpoints  Two clearly different specimens of NEC uPD720200 (one with start/stop bug, one without) were seen to cause IOMMU faults after some Missed Service Errors. Faulting address is immediately after a transfer ring segment and patched dynamic debug messages revealed that the MSE was received when waiting for a TD near the end of that segment:  [ 1.041954] xhci_hcd: Miss service interval error for slot 1 ep 2 expected TD DMA ffa08fe0 [ 1.042120] xhci_hcd: AMD-Vi: Event logged [IO_PAGE_FAULT domain=0x0005 address=0xffa09000 flags=0x0000] [ 1.042146] xhci_hcd: AMD-Vi: Event logged [IO_PAGE_FAULT domain=0x0005 address=0xffa09040 flags=0x0000]  It gets even funnier if the next page is a ring segment accessible to the HC. Below, it reports MSE in segment at ff1e8000, plows through a zero-filled page at ff1e9000 and starts reporting events for TRBs in page at ff1ea000 every microframe, instead of jumping to seg ff1e6000.  [ 7.041671] xhci_hcd: Miss service interval error for slot 1 ep 2 expected TD DMA ff1e8fe0 [ 7.041999] xhci_hcd: Miss service interval error for slot 1 ep 2 expected TD DMA ff1e8fe0 [ 7.042011] xhci_hcd: WARN: buffer overrun event for slot 1 ep 2 on endpoint [ 7.042028] xhci_hcd: All TDs skipped for slot 1 ep 2. Clear skip flag. [ 7.042134] xhci_hcd: WARN: buffer overrun event for slot 1 ep 2 on endpoint [ 7.042138] xhci_hcd: ERROR Transfer event TRB DMA ptr not part of current TD ep_index 2 comp_code 31 [ 7.042144] xhci_hcd: Looking for event-dma 00000000ff1ea040 trb-start 00000000ff1e6820 trb-end 00000000ff1e6820 [ 7.042259] xhci_hcd: WARN: buffer overrun event for slot 1 ep 2 on endpoint [ 7.042262] xhci_hcd: ERROR Transfer event TRB DMA ptr not part of current TD ep_index 2 comp_code 31 [ 7.042266] xhci_hcd: Looking for event-dma 00000000ff1ea050 trb-start 00000000ff1e6820 trb-end 00000000ff1e6820  At some point completion events change from Isoch Buffer Overrun to Short Packet and the HC finally finds cycle bit mismatch in ff1ec000.  [ 7.098130] xhci_hcd: ERROR Transfer event TRB DMA ptr not part of current TD ep_index 2 comp_code 13 [ 7.098132] xhci_hcd: Looking for event-dma 00000000ff1ecc50 trb-start 00000000ff1e6820 trb-end 00000000ff1e6820 [ 7.098254] xhci_hcd: ERROR Transfer event TRB DMA ptr not part of current TD ep_index 2 comp_code 13 [ 7.098256] xhci_hcd: Looking for event-dma 00000000ff1ecc60 trb-start 00000000ff1e6820 trb-end 00000000ff1e6820 [ 7.098379] xhci_hcd: Overrun event on slot 1 ep 2  It's possible that data from the isochronous device were written to random buffers of pending TDs on other endpoints (either IN or OUT), other devices or even other HCs in the same IOMMU domain.  Lastly, an error from a different USB device on another HC. Was it caused by the above? I don't know, but it may have been. The disk was working without any other issues and generated PCIe traffic to starve the NEC of upstream BW and trigger those MSEs. The two HCs shared one x1 slot by means of a commercial "PCIe splitter" board.  [ 7.162604] usb 10-2: reset SuperSpeed USB device number 3 using xhci_hcd [ 7.178990] sd 9:0:0:0: [sdb] tag#0 UNKNOWN(0x2003) Result: hostbyte=0x07 driverbyte=DRIVER_OK cmd_age=0s [ 7.179001] sd 9:0:0:0: [sdb] tag#0 CDB: opcode=0x28 28 00 04 02 ae 00 00 02 00 00 [ 7.179004] I/O error, dev sdb, sector 67284480 op 0x0:(READ) flags 0x80700 phys_seg 5 prio class 0  Fortunately, it appears that this ridiculous bug is avoided by setting the chain bit of Link TRBs on isochronous rings. Other ancient HCs are known which also expect the bit to be set and they ignore Link TRBs if it's not. Reportedly, 0.95 spec guaranteed that the bit is set.  The bandwidth-starved NEC HC running a 32KB/uframe UVC endpoint reports tens of MSEs per second and runs into the bug within seconds. Chaining Link TRBs allows the same workload to run for many minutes, many times.  No ne ---truncated---	https://nvd.nist.gov/vuln/detail/CVE-2025-22022
CVE-2025-22104	7.1	LOCAL	yes	In the Linux kernel, the following vulnerability has been resolved:  ibmvnic: Use kernel helpers for hex dumps  Previously, when the driver was printing hex dumps, the buffer was cast to an 8 byte long and printed using string formatters. If the buffer size was not a multiple of 8 then a read buffer overflow was possible.  Therefore, create a new ibmvnic function that loops over a buffer and calls hex_dump_to_buffer instead.  This patch address KASAN reports like the one below:   ibmvnic 30000003 env3: Login Buffer:   ibmvnic 30000003 env3: 01000000af000000   <...>   ibmvnic 30000003 env3: 2e6d62692e736261   ibmvnic 30000003 env3: 65050003006d6f63   ==================================================================   BUG: KASAN: slab-out-of-bounds in ibmvnic_login+0xacc/0xffc [ibmvnic]   Read of size 8 at addr c0000001331a9aa8 by task ip/17681   <...>   Allocated by task 17681:   <...>   ibmvnic_login+0x2f0/0xffc [ibmvnic]   ibmvnic_open+0x148/0x308 [ibmvnic]   __dev_open+0x1ac/0x304   <...>   The buggy address is located 168 bytes inside of                 allocated 175-byte region [c0000001331a9a00, c0000001331a9aaf)   <...>   =================================================================   ibmvnic 30000003 env3: 000000000033766e	https://nvd.nist.gov/vuln/detail/CVE-2025-22104
CVE-2025-22107	7.1	LOCAL	yes	In the Linux kernel, the following vulnerability has been resolved:  net: dsa: sja1105: fix kasan out-of-bounds warning in sja1105_table_delete_entry()  There are actually 2 problems: - deleting the last element doesn't require the memmove of elements   [i + 1, end) over it. Actually, element i+1 is out of bounds. - The memmove itself should move size - i - 1 elements, because the last   element is out of bounds.  The out-of-bounds element still remains out of bounds after being accessed, so the problem is only that we touch it, not that it becomes in active use. But I suppose it can lead to issues if the out-of-bounds element is part of an unmapped page.	https://nvd.nist.gov/vuln/detail/CVE-2025-22107
CVE-2025-22121	7.1	LOCAL	yes	In the Linux kernel, the following vulnerability has been resolved:  ext4: fix out-of-bound read in ext4_xattr_inode_dec_ref_all()  There's issue as follows: BUG: KASAN: use-after-free in ext4_xattr_inode_dec_ref_all+0x6ff/0x790 Read of size 4 at addr ffff88807b003000 by task syz-executor.0/15172  CPU: 3 PID: 15172 Comm: syz-executor.0 Call Trace:  __dump_stack lib/dump_stack.c:82 [inline]  dump_stack+0xbe/0xfd lib/dump_stack.c:123  print_address_description.constprop.0+0x1e/0x280 mm/kasan/report.c:400  __kasan_report.cold+0x6c/0x84 mm/kasan/report.c:560  kasan_report+0x3a/0x50 mm/kasan/report.c:585  ext4_xattr_inode_dec_ref_all+0x6ff/0x790 fs/ext4/xattr.c:1137  ext4_xattr_delete_inode+0x4c7/0xda0 fs/ext4/xattr.c:2896  ext4_evict_inode+0xb3b/0x1670 fs/ext4/inode.c:323  evict+0x39f/0x880 fs/inode.c:622  iput_final fs/inode.c:1746 [inline]  iput fs/inode.c:1772 [inline]  iput+0x525/0x6c0 fs/inode.c:1758  ext4_orphan_cleanup fs/ext4/super.c:3298 [inline]  ext4_fill_super+0x8c57/0xba40 fs/ext4/super.c:5300  mount_bdev+0x355/0x410 fs/super.c:1446  legacy_get_tree+0xfe/0x220 fs/fs_context.c:611  vfs_get_tree+0x8d/0x2f0 fs/super.c:1576  do_new_mount fs/namespace.c:2983 [inline]  path_mount+0x119a/0x1ad0 fs/namespace.c:3316  do_mount+0xfc/0x110 fs/namespace.c:3329  __do_sys_mount fs/namespace.c:3540 [inline]  __se_sys_mount+0x219/0x2e0 fs/namespace.c:3514  do_syscall_64+0x33/0x40 arch/x86/entry/common.c:46  entry_SYSCALL_64_after_hwframe+0x67/0xd1  Memory state around the buggy address:  ffff88807b002f00: 00 00 00 00 00 00 00 00 00 00 00 00 00 00 00 00  ffff88807b002f80: 00 00 00 00 00 00 00 00 00 00 00 00 00 00 00 00 >ffff88807b003000: ff ff ff ff ff ff ff ff ff ff ff ff ff ff ff ff                    ^  ffff88807b003080: ff ff ff ff ff ff ff ff ff ff ff ff ff ff ff ff  ffff88807b003100: ff ff ff ff ff ff ff ff ff ff ff ff ff ff ff ff  Above issue happens as ext4_xattr_delete_inode() isn't check xattr is valid if xattr is in inode. To solve above issue call xattr_check_inode() check if xattr if valid in inode. In fact, we can directly verify in ext4_iget_extra_inode(), so that there is no divergent verification.	https://nvd.nist.gov/vuln/detail/CVE-2025-22121
CVE-2025-23133	7.8	LOCAL	yes	In the Linux kernel, the following vulnerability has been resolved:  wifi: ath11k: update channel list in reg notifier instead reg worker  Currently when ath11k gets a new channel list, it will be processed according to the following steps: 1. update new channel list to cfg80211 and queue reg_work. 2. cfg80211 handles new channel list during reg_work. 3. update cfg80211's handled channel list to firmware by ath11k_reg_update_chan_list().  But ath11k will immediately execute step 3 after reg_work is just queued. Since step 2 is asynchronous, cfg80211 may not have completed handling the new channel list, which may leading to an out-of-bounds write error: BUG: KASAN: slab-out-of-bounds in ath11k_reg_update_chan_list Call Trace:     ath11k_reg_update_chan_list+0xbfe/0xfe0 [ath11k]     kfree+0x109/0x3a0     ath11k_regd_update+0x1cf/0x350 [ath11k]     ath11k_regd_update_work+0x14/0x20 [ath11k]     process_one_work+0xe35/0x14c0  Should ensure step 2 is completely done before executing step 3. Thus Wen raised patch[1]. When flag NL80211_REGDOM_SET_BY_DRIVER is set, cfg80211 will notify ath11k after step 2 is done.  So enable the flag NL80211_REGDOM_SET_BY_DRIVER then cfg80211 will notify ath11k after step 2 is done. At this time, there will be no KASAN bug during the execution of the step 3.  [1] https://patchwork.kernel.org/project/linux-wireless/patch/20230201065313.27203-1-quic_wgong@quicinc.com/  Tested-on: WCN6855 hw2.0 PCI WLAN.HSP.1.1-03125-QCAHSPSWPL_V1_V2_SILICONZ_LITE-3	https://nvd.nist.gov/vuln/detail/CVE-2025-23133
CVE-2025-37822	7.8	LOCAL	yes	In the Linux kernel, the following vulnerability has been resolved:  riscv: uprobes: Add missing fence.i after building the XOL buffer  The XOL (execute out-of-line) buffer is used to single-step the replaced instruction(s) for uprobes. The RISC-V port was missing a proper fence.i (i$ flushing) after constructing the XOL buffer, which can result in incorrect execution of stale/broken instructions.  This was found running the BPF selftests "test_progs: uprobe_autoattach, attach_probe" on the Spacemit K1/X60, where the uprobes tests randomly blew up.	https://nvd.nist.gov/vuln/detail/CVE-2025-37822
CVE-2025-37861	7.8	LOCAL	yes	In the Linux kernel, the following vulnerability has been resolved:  scsi: mpi3mr: Synchronous access b/w reset and tm thread for reply queue  When the task management thread processes reply queues while the reset thread resets them, the task management thread accesses an invalid queue ID (0xFFFF), set by the reset thread, which points to unallocated memory, causing a crash.  Add flag 'io_admin_reset_sync' to synchronize access between the reset, I/O, and admin threads. Before a reset, the reset handler sets this flag to block I/O and admin processing threads. If any thread bypasses the initial check, the reset thread waits up to 10 seconds for processing to finish. If the wait exceeds 10 seconds, the controller is marked as unrecoverable.	https://nvd.nist.gov/vuln/detail/CVE-2025-37861
CVE-2025-37882	7.8	LOCAL	yes	In the Linux kernel, the following vulnerability has been resolved:  usb: xhci: Fix isochronous Ring Underrun/Overrun event handling  The TRB pointer of these events points at enqueue at the time of error occurrence on xHCI 1.1+ HCs or it's NULL on older ones. By the time we are handling the event, a new TD may be queued at this ring position.  I can trigger this race by rising interrupt moderation to increase IRQ handling delay. Similar delay may occur naturally due to system load.  If this ever happens after a Missed Service Error, missed TDs will be skipped and the new TD processed as if it matched the event. It could be given back prematurely, risking data loss or buffer UAF by the xHC.  Don't complete TDs on xrun events and don't warn if queued TDs don't match the event's TRB pointer, which can be NULL or a link/no-op TRB. Don't warn if there are no queued TDs at all.  Now that it's safe, also handle xrun events if the skip flag is clear. This ensures completion of any TD stuck in 'error mid TD' state right before the xrun event, which could happen if a driver submits a finite number of URBs to a buggy HC and then an error occurs on the last TD.	https://nvd.nist.gov/vuln/detail/CVE-2025-37882
CVE-2025-38022	7.8	LOCAL	yes	In the Linux kernel, the following vulnerability has been resolved:  RDMA/core: Fix "KASAN: slab-use-after-free Read in ib_register_device" problem  Call Trace:   __dump_stack lib/dump_stack.c:94 [inline]  dump_stack_lvl+0x116/0x1f0 lib/dump_stack.c:120  print_address_description mm/kasan/report.c:408 [inline]  print_report+0xc3/0x670 mm/kasan/report.c:521  kasan_report+0xe0/0x110 mm/kasan/report.c:634  strlen+0x93/0xa0 lib/string.c:420  __fortify_strlen include/linux/fortify-string.h:268 [inline]  get_kobj_path_length lib/kobject.c:118 [inline]  kobject_get_path+0x3f/0x2a0 lib/kobject.c:158  kobject_uevent_env+0x289/0x1870 lib/kobject_uevent.c:545  ib_register_device drivers/infiniband/core/device.c:1472 [inline]  ib_register_device+0x8cf/0xe00 drivers/infiniband/core/device.c:1393  rxe_register_device+0x275/0x320 drivers/infiniband/sw/rxe/rxe_verbs.c:1552  rxe_net_add+0x8e/0xe0 drivers/infiniband/sw/rxe/rxe_net.c:550  rxe_newlink+0x70/0x190 drivers/infiniband/sw/rxe/rxe.c:225  nldev_newlink+0x3a3/0x680 drivers/infiniband/core/nldev.c:1796  rdma_nl_rcv_msg+0x387/0x6e0 drivers/infiniband/core/netlink.c:195  rdma_nl_rcv_skb.constprop.0.isra.0+0x2e5/0x450  netlink_unicast_kernel net/netlink/af_netlink.c:1313 [inline]  netlink_unicast+0x53a/0x7f0 net/netlink/af_netlink.c:1339  netlink_sendmsg+0x8d1/0xdd0 net/netlink/af_netlink.c:1883  sock_sendmsg_nosec net/socket.c:712 [inline]  __sock_sendmsg net/socket.c:727 [inline]  ____sys_sendmsg+0xa95/0xc70 net/socket.c:2566  ___sys_sendmsg+0x134/0x1d0 net/socket.c:2620  __sys_sendmsg+0x16d/0x220 net/socket.c:2652  do_syscall_x64 arch/x86/entry/syscall_64.c:63 [inline]  do_syscall_64+0xcd/0x260 arch/x86/entry/syscall_64.c:94  entry_SYSCALL_64_after_hwframe+0x77/0x7f  This problem is similar to the problem that the commit 1d6a9e7449e2 ("RDMA/core: Fix use-after-free when rename device name") fixes.  The root cause is: the function ib_device_rename() renames the name with lock. But in the function kobject_uevent(), this name is accessed without lock protection at the same time.  The solution is to add the lock protection when this name is accessed in the function kobject_uevent().	https://nvd.nist.gov/vuln/detail/CVE-2025-38022
CVE-2025-38069	7.8	LOCAL	yes	In the Linux kernel, the following vulnerability has been resolved:  PCI: endpoint: pci-epf-test: Fix double free that causes kernel to oops  Fix a kernel oops found while testing the stm32_pcie Endpoint driver with handling of PERST# deassertion:  During EP initialization, pci_epf_test_alloc_space() allocates all BARs, which are further freed if epc_set_bar() fails (for instance, due to no free inbound window).  However, when pci_epc_set_bar() fails, the error path:    pci_epc_set_bar() ->     pci_epf_free_space()  does not clear the previous assignment to epf_test->reg[bar].  Then, if the host reboots, the PERST# deassertion restarts the BAR allocation sequence with the same allocation failure (no free inbound window), creating a double free situation since epf_test->reg[bar] was deallocated and is still non-NULL.  Thus, make sure that pci_epf_alloc_space() and pci_epf_free_space() invocations are symmetric, and as such, set epf_test->reg[bar] to NULL when memory is freed.  [kwilczynski: commit log]	https://nvd.nist.gov/vuln/detail/CVE-2025-38069
CVE-2025-38129	7.8	LOCAL	yes	In the Linux kernel, the following vulnerability has been resolved:  page_pool: Fix use-after-free in page_pool_recycle_in_ring  syzbot reported a uaf in page_pool_recycle_in_ring:  BUG: KASAN: slab-use-after-free in lock_release+0x151/0xa30 kernel/locking/lockdep.c:5862 Read of size 8 at addr ffff8880286045a0 by task syz.0.284/6943  CPU: 0 UID: 0 PID: 6943 Comm: syz.0.284 Not tainted 6.13.0-rc3-syzkaller-gdfa94ce54f41 #0 Hardware name: Google Google Compute Engine/Google Compute Engine, BIOS Google 09/13/2024 Call Trace:  <TASK>  __dump_stack lib/dump_stack.c:94 [inline]  dump_stack_lvl+0x241/0x360 lib/dump_stack.c:120  print_address_description mm/kasan/report.c:378 [inline]  print_report+0x169/0x550 mm/kasan/report.c:489  kasan_report+0x143/0x180 mm/kasan/report.c:602  lock_release+0x151/0xa30 kernel/locking/lockdep.c:5862  __raw_spin_unlock_bh include/linux/spinlock_api_smp.h:165 [inline]  _raw_spin_unlock_bh+0x1b/0x40 kernel/locking/spinlock.c:210  spin_unlock_bh include/linux/spinlock.h:396 [inline]  ptr_ring_produce_bh include/linux/ptr_ring.h:164 [inline]  page_pool_recycle_in_ring net/core/page_pool.c:707 [inline]  page_pool_put_unrefed_netmem+0x748/0xb00 net/core/page_pool.c:826  page_pool_put_netmem include/net/page_pool/helpers.h:323 [inline]  page_pool_put_full_netmem include/net/page_pool/helpers.h:353 [inline]  napi_pp_put_page+0x149/0x2b0 net/core/skbuff.c:1036  skb_pp_recycle net/core/skbuff.c:1047 [inline]  skb_free_head net/core/skbuff.c:1094 [inline]  skb_release_data+0x6c4/0x8a0 net/core/skbuff.c:1125  skb_release_all net/core/skbuff.c:1190 [inline]  __kfree_skb net/core/skbuff.c:1204 [inline]  sk_skb_reason_drop+0x1c9/0x380 net/core/skbuff.c:1242  kfree_skb_reason include/linux/skbuff.h:1263 [inline]  __skb_queue_purge_reason include/linux/skbuff.h:3343 [inline]  root cause is:  page_pool_recycle_in_ring   ptr_ring_produce     spin_lock(&r->producer_lock);     WRITE_ONCE(r->queue[r->producer++], ptr)       //recycle last page to pool 				page_pool_release 				  page_pool_scrub 				    page_pool_empty_ring 				      ptr_ring_consume 				      page_pool_return_page  //release all page 				  __page_pool_destroy 				     free_percpu(pool->recycle_stats); 				     free(pool) //free       spin_unlock(&r->producer_lock); //pool->ring uaf read   recycle_stat_inc(pool, ring);  page_pool can be free while page pool recycle the last page in ring. Add producer-lock barrier to page_pool_release to prevent the page pool from being free before all pages have been recycled.  recycle_stat_inc() is empty when CONFIG_PAGE_POOL_STATS is not enabled, which will trigger Wempty-body build warning. Add definition for pool stat macro to fix warning.	https://nvd.nist.gov/vuln/detail/CVE-2025-38129
CVE-2025-38201	7.8	LOCAL	yes	In the Linux kernel, the following vulnerability has been resolved:  netfilter: nft_set_pipapo: clamp maximum map bucket size to INT_MAX  Otherwise, it is possible to hit WARN_ON_ONCE in __kvmalloc_node_noprof() when resizing hashtable because __GFP_NOWARN is unset.  Similar to:    b541ba7d1f5a ("netfilter: conntrack: clamp maximum hashtable size to INT_MAX")	https://nvd.nist.gov/vuln/detail/CVE-2025-38201
CVE-2025-38204	7.1	LOCAL	yes	In the Linux kernel, the following vulnerability has been resolved:  jfs: fix array-index-out-of-bounds read in add_missing_indices  stbl is s8 but it must contain offsets into slot which can go from 0 to 127.  Added a bound check for that error and return -EIO if the check fails. Also make jfs_readdir return with error if add_missing_indices returns with an error.	https://nvd.nist.gov/vuln/detail/CVE-2025-38204
CVE-2025-38206	7.8	LOCAL	yes	In the Linux kernel, the following vulnerability has been resolved:  exfat: fix double free in delayed_free  The double free could happen in the following path.  exfat_create_upcase_table()         exfat_create_upcase_table() : return error         exfat_free_upcase_table() : free ->vol_utbl         exfat_load_default_upcase_table : return error      exfat_kill_sb()            delayed_free()                   exfat_free_upcase_table() <--------- double free This patch set ->vol_util as NULL after freeing it.	https://nvd.nist.gov/vuln/detail/CVE-2025-38206
CVE-2025-38248	7.8	LOCAL	yes	In the Linux kernel, the following vulnerability has been resolved:  bridge: mcast: Fix use-after-free during router port configuration  The bridge maintains a global list of ports behind which a multicast router resides. The list is consulted during forwarding to ensure multicast packets are forwarded to these ports even if the ports are not member in the matching MDB entry.  When per-VLAN multicast snooping is enabled, the per-port multicast context is disabled on each port and the port is removed from the global router port list:   # ip link add name br1 up type bridge vlan_filtering 1 mcast_snooping 1  # ip link add name dummy1 up master br1 type dummy  # ip link set dev dummy1 type bridge_slave mcast_router 2  $ bridge -d mdb show | grep router  router ports on br1: dummy1  # ip link set dev br1 type bridge mcast_vlan_snooping 1  $ bridge -d mdb show | grep router  However, the port can be re-added to the global list even when per-VLAN multicast snooping is enabled:   # ip link set dev dummy1 type bridge_slave mcast_router 0  # ip link set dev dummy1 type bridge_slave mcast_router 2  $ bridge -d mdb show | grep router  router ports on br1: dummy1  Since commit 4b30ae9adb04 ("net: bridge: mcast: re-implement br_multicast_{enable, disable}_port functions"), when per-VLAN multicast snooping is enabled, multicast disablement on a port will disable the per-{port, VLAN} multicast contexts and not the per-port one. As a result, a port will remain in the global router port list even after it is deleted. This will lead to a use-after-free [1] when the list is traversed (when adding a new port to the list, for example):   # ip link del dev dummy1  # ip link add name dummy2 up master br1 type dummy  # ip link set dev dummy2 type bridge_slave mcast_router 2  Similarly, stale entries can also be found in the per-VLAN router port list. When per-VLAN multicast snooping is disabled, the per-{port, VLAN} contexts are disabled on each port and the port is removed from the per-VLAN router port list:   # ip link add name br1 up type bridge vlan_filtering 1 mcast_snooping 1 mcast_vlan_snooping 1  # ip link add name dummy1 up master br1 type dummy  # bridge vlan add vid 2 dev dummy1  # bridge vlan global set vid 2 dev br1 mcast_snooping 1  # bridge vlan set vid 2 dev dummy1 mcast_router 2  $ bridge vlan global show dev br1 vid 2 | grep router        router ports: dummy1  # ip link set dev br1 type bridge mcast_vlan_snooping 0  $ bridge vlan global show dev br1 vid 2 | grep router  However, the port can be re-added to the per-VLAN list even when per-VLAN multicast snooping is disabled:   # bridge vlan set vid 2 dev dummy1 mcast_router 0  # bridge vlan set vid 2 dev dummy1 mcast_router 2  $ bridge vlan global show dev br1 vid 2 | grep router        router ports: dummy1  When the VLAN is deleted from the port, the per-{port, VLAN} multicast context will not be disabled since multicast snooping is not enabled on the VLAN. As a result, the port will remain in the per-VLAN router port list even after it is no longer member in the VLAN. This will lead to a use-after-free [2] when the list is traversed (when adding a new port to the list, for example):   # ip link add name dummy2 up master br1 type dummy  # bridge vlan add vid 2 dev dummy2  # bridge vlan del vid 2 dev dummy1  # bridge vlan set vid 2 dev dummy2 mcast_router 2  Fix these issues by removing the port from the relevant (global or per-VLAN) router port list in br_multicast_port_ctx_deinit(). The function is invoked during port deletion with the per-port multicast context and during VLAN deletion with the per-{port, VLAN} multicast context.  Note that deleting the multicast router timer is not enough as it only takes care of the temporary multicast router states (1 or 3) and not the permanent one (2).  [1] BUG: KASAN: slab-out-of-bounds in br_multicast_add_router.part.0+0x3f1/0x560 Write of size 8 at addr ffff888004a67328 by task ip/384 [...] Call Trace:  <TASK>  dump_stack ---truncated---	https://nvd.nist.gov/vuln/detail/CVE-2025-38248
CVE-2025-38279	7.8	LOCAL	yes	In the Linux kernel, the following vulnerability has been resolved:  bpf: Do not include stack ptr register in precision backtracking bookkeeping  Yi Lai reported an issue ([1]) where the following warning appears in kernel dmesg:   [   60.643604] verifier backtracking bug   [   60.643635] WARNING: CPU: 10 PID: 2315 at kernel/bpf/verifier.c:4302 __mark_chain_precision+0x3a6c/0x3e10   [   60.648428] Modules linked in: bpf_testmod(OE)   [   60.650471] CPU: 10 UID: 0 PID: 2315 Comm: test_progs Tainted: G           OE       6.15.0-rc4-gef11287f8289-dirty #327 PREEMPT(full)   [   60.654385] Tainted: [O]=OOT_MODULE, [E]=UNSIGNED_MODULE   [   60.656682] Hardware name: QEMU Standard PC (i440FX + PIIX, 1996), BIOS rel-1.14.0-0-g155821a1990b-prebuilt.qemu.org 04/01/2014   [   60.660475] RIP: 0010:__mark_chain_precision+0x3a6c/0x3e10   [   60.662814] Code: 5a 30 84 89 ea e8 c4 d9 01 00 80 3d 3e 7d d8 04 00 0f 85 60 fa ff ff c6 05 31 7d d8 04                        01 48 c7 c7 00 58 30 84 e8 c4 06 a5 ff <0f> 0b e9 46 fa ff ff 48 ...   [   60.668720] RSP: 0018:ffff888116cc7298 EFLAGS: 00010246   [   60.671075] RAX: 54d70e82dfd31900 RBX: ffff888115b65e20 RCX: 0000000000000000   [   60.673659] RDX: 0000000000000001 RSI: 0000000000000004 RDI: 00000000ffffffff   [   60.676241] RBP: 0000000000000400 R08: ffff8881f6f23bd3 R09: 1ffff1103ede477a   [   60.678787] R10: dffffc0000000000 R11: ffffed103ede477b R12: ffff888115b60ae8   [   60.681420] R13: 1ffff11022b6cbc4 R14: 00000000fffffff2 R15: 0000000000000001   [   60.684030] FS:  00007fc2aedd80c0(0000) GS:ffff88826fa8a000(0000) knlGS:0000000000000000   [   60.686837] CS:  0010 DS: 0000 ES: 0000 CR0: 0000000080050033   [   60.689027] CR2: 000056325369e000 CR3: 000000011088b002 CR4: 0000000000370ef0   [   60.691623] Call Trace:   [   60.692821]  <TASK>   [   60.693960]  ? __pfx_verbose+0x10/0x10   [   60.695656]  ? __pfx_disasm_kfunc_name+0x10/0x10   [   60.697495]  check_cond_jmp_op+0x16f7/0x39b0   [   60.699237]  do_check+0x58fa/0xab10   ...  Further analysis shows the warning is at line 4302 as below:    4294                 /* static subprog call instruction, which   4295                  * means that we are exiting current subprog,   4296                  * so only r1-r5 could be still requested as   4297                  * precise, r0 and r6-r10 or any stack slot in   4298                  * the current frame should be zero by now   4299                  */   4300                 if (bt_reg_mask(bt) & ~BPF_REGMASK_ARGS) {   4301                         verbose(env, "BUG regs %x\n", bt_reg_mask(bt));   4302                         WARN_ONCE(1, "verifier backtracking bug");   4303                         return -EFAULT;   4304                 }  With the below test (also in the next patch):   __used __naked static void __bpf_jmp_r10(void)   { 	asm volatile ( 	"r2 = 2314885393468386424 ll;" 	"goto +0;" 	"if r2 <= r10 goto +3;" 	"if r1 >= -1835016 goto +0;" 	"if r2 <= 8 goto +0;" 	"if r3 <= 0 goto +0;" 	"exit;" 	::: __clobber_all);   }    SEC("?raw_tp")   __naked void bpf_jmp_r10(void)   { 	asm volatile ( 	"r3 = 0 ll;" 	"call __bpf_jmp_r10;" 	"r0 = 0;" 	"exit;" 	::: __clobber_all);   }  The following is the verifier failure log:   0: (18) r3 = 0x0                      ; R3_w=0   2: (85) call pc+2   caller:    R10=fp0   callee:    frame1: R1=ctx() R3_w=0 R10=fp0   5: frame1: R1=ctx() R3_w=0 R10=fp0   ; asm volatile ("                                 \ @ verifier_precision.c:184   5: (18) r2 = 0x20202000256c6c78       ; frame1: R2_w=0x20202000256c6c78   7: (05) goto pc+0   8: (bd) if r2 <= r10 goto pc+3        ; frame1: R2_w=0x20202000256c6c78 R10=fp0   9: (35) if r1 >= 0xffe3fff8 goto pc+0         ; frame1: R1=ctx()   10: (b5) if r2 <= 0x8 goto pc+0   mark_precise: frame1: last_idx 10 first_idx 0 subseq_idx -1   mark_precise: frame1: regs=r2 stack= before 9: (35) if r1 >= 0xffe3fff8 goto pc+0   mark_precise: frame1: regs=r2 stack= before 8: (bd) if r2 <= r10 goto pc+3   mark_preci ---truncated---	https://nvd.nist.gov/vuln/detail/CVE-2025-38279
CVE-2025-38292	7.1	LOCAL	yes	In the Linux kernel, the following vulnerability has been resolved:  wifi: ath12k: fix invalid access to memory  In ath12k_dp_rx_msdu_coalesce(), rxcb is fetched from skb and boolean is_continuation is part of rxcb. Currently, after freeing the skb, the rxcb->is_continuation accessed again which is wrong since the memory is already freed. This might lead use-after-free error.  Hence, fix by locally defining bool is_continuation from rxcb, so that after freeing skb, is_continuation can be used.  Compile tested only.	https://nvd.nist.gov/vuln/detail/CVE-2025-38292
CVE-2025-38361	7.8	LOCAL	yes	In the Linux kernel, the following vulnerability has been resolved:  drm/amd/display: Check dce_hwseq before dereferencing it  [WHAT]  hws was checked for null earlier in dce110_blank_stream, indicating hws can be null, and should be checked whenever it is used.  (cherry picked from commit 79db43611ff61280b6de58ce1305e0b2ecf675ad)	https://nvd.nist.gov/vuln/detail/CVE-2025-38361
CVE-2025-38556	7.1	LOCAL	yes	In the Linux kernel, the following vulnerability has been resolved:  HID: core: Harden s32ton() against conversion to 0 bits  Testing by the syzbot fuzzer showed that the HID core gets a shift-out-of-bounds exception when it tries to convert a 32-bit quantity to a 0-bit quantity.  Ideally this should never occur, but there are buggy devices and some might have a report field with size set to zero; we shouldn't reject the report or the device just because of that.  Instead, harden the s32ton() routine so that it returns a reasonable result instead of crashing when it is called with the number of bits set to 0 -- the same as what snto32() does.	https://nvd.nist.gov/vuln/detail/CVE-2025-38556
CVE-2025-38582	7.8	LOCAL	yes	In the Linux kernel, the following vulnerability has been resolved:  RDMA/hns: Fix double destruction of rsv_qp  rsv_qp may be double destroyed in error flow, first in free_mr_init(), and then in hns_roce_exit(). Fix it by moving the free_mr_init() call into hns_roce_v2_init().  list_del corruption, ffff589732eb9b50->next is LIST_POISON1 (dead000000000100) WARNING: CPU: 8 PID: 1047115 at lib/list_debug.c:53 __list_del_entry_valid+0x148/0x240 ... Call trace:  __list_del_entry_valid+0x148/0x240  hns_roce_qp_remove+0x4c/0x3f0 [hns_roce_hw_v2]  hns_roce_v2_destroy_qp_common+0x1dc/0x5f4 [hns_roce_hw_v2]  hns_roce_v2_destroy_qp+0x22c/0x46c [hns_roce_hw_v2]  free_mr_exit+0x6c/0x120 [hns_roce_hw_v2]  hns_roce_v2_exit+0x170/0x200 [hns_roce_hw_v2]  hns_roce_exit+0x118/0x350 [hns_roce_hw_v2]  __hns_roce_hw_v2_init_instance+0x1c8/0x304 [hns_roce_hw_v2]  hns_roce_hw_v2_reset_notify_init+0x170/0x21c [hns_roce_hw_v2]  hns_roce_hw_v2_reset_notify+0x6c/0x190 [hns_roce_hw_v2]  hclge_notify_roce_client+0x6c/0x160 [hclge]  hclge_reset_rebuild+0x150/0x5c0 [hclge]  hclge_reset+0x10c/0x140 [hclge]  hclge_reset_subtask+0x80/0x104 [hclge]  hclge_reset_service_task+0x168/0x3ac [hclge]  hclge_service_task+0x50/0x100 [hclge]  process_one_work+0x250/0x9a0  worker_thread+0x324/0x990  kthread+0x190/0x210  ret_from_fork+0x10/0x18	https://nvd.nist.gov/vuln/detail/CVE-2025-38582
CVE-2025-38584	7.8	LOCAL	yes	In the Linux kernel, the following vulnerability has been resolved:  padata: Fix pd UAF once and for all  There is a race condition/UAF in padata_reorder that goes back to the initial commit.  A reference count is taken at the start of the process in padata_do_parallel, and released at the end in padata_serial_worker.  This reference count is (and only is) required for padata_replace to function correctly.  If padata_replace is never called then there is no issue.  In the function padata_reorder which serves as the core of padata, as soon as padata is added to queue->serial.list, and the associated spin lock released, that padata may be processed and the reference count on pd would go away.  Fix this by getting the next padata before the squeue->serial lock is released.  In order to make this possible, simplify padata_reorder by only calling it once the next padata arrives.	https://nvd.nist.gov/vuln/detail/CVE-2025-38584
CVE-2025-38585	7.8	LOCAL	yes	In the Linux kernel, the following vulnerability has been resolved:  staging: media: atomisp: Fix stack buffer overflow in gmin_get_var_int()  When gmin_get_config_var() calls efi.get_variable() and the EFI variable is larger than the expected buffer size, two behaviors combine to create a stack buffer overflow:  1. gmin_get_config_var() does not return the proper error code when    efi.get_variable() fails. It returns the stale 'ret' value from    earlier operations instead of indicating the EFI failure.  2. When efi.get_variable() returns EFI_BUFFER_TOO_SMALL, it updates    *out_len to the required buffer size but writes no data to the output    buffer. However, due to bug #1, gmin_get_var_int() believes the call    succeeded.  The caller gmin_get_var_int() then performs: - Allocates val[CFG_VAR_NAME_MAX + 1] (65 bytes) on stack - Calls gmin_get_config_var(dev, is_gmin, var, val, &len) with len=64 - If EFI variable is >64 bytes, efi.get_variable() sets len=required_size - Due to bug #1, thinks call succeeded with len=required_size - Executes val[len] = 0, writing past end of 65-byte stack buffer  This creates a stack buffer overflow when EFI variables are larger than 64 bytes. Since EFI variables can be controlled by firmware or system configuration, this could potentially be exploited for code execution.  Fix the bug by returning proper error codes from gmin_get_config_var() based on EFI status instead of stale 'ret' value.  The gmin_get_var_int() function is called during device initialization for camera sensor configuration on Intel Bay Trail and Cherry Trail platforms using the atomisp camera stack.	https://nvd.nist.gov/vuln/detail/CVE-2025-38585
CVE-2025-38595	7.8	LOCAL	yes	In the Linux kernel, the following vulnerability has been resolved:  xen: fix UAF in dmabuf_exp_from_pages()  [dma_buf_fd() fixes; no preferences regarding the tree it goes through - up to xen folks]  As soon as we'd inserted a file reference into descriptor table, another thread could close it.  That's fine for the case when all we are doing is returning that descriptor to userland (it's a race, but it's a userland race and there's nothing the kernel can do about it).  However, if we follow fd_install() with any kind of access to objects that would be destroyed on close (be it the struct file itself or anything destroyed by its ->release()), we have a UAF.  dma_buf_fd() is a combination of reserving a descriptor and fd_install(). gntdev dmabuf_exp_from_pages() calls it and then proceeds to access the objects destroyed on close - starting with gntdev_dmabuf itself.  Fix that by doing reserving descriptor before anything else and do fd_install() only when everything had been set up.	https://nvd.nist.gov/vuln/detail/CVE-2025-38595
CVE-2025-38636	7.1	LOCAL	yes	In the Linux kernel, the following vulnerability has been resolved:  rv: Use strings in da monitors tracepoints  Using DA monitors tracepoints with KASAN enabled triggers the following warning:   BUG: KASAN: global-out-of-bounds in do_trace_event_raw_event_event_da_monitor+0xd6/0x1a0  Read of size 32 at addr ffffffffaada8980 by task ...  Call Trace:   <TASK>  [...]   do_trace_event_raw_event_event_da_monitor+0xd6/0x1a0   ? __pfx_do_trace_event_raw_event_event_da_monitor+0x10/0x10   ? trace_event_sncid+0x83/0x200   trace_event_sncid+0x163/0x200  [...]  The buggy address belongs to the variable:   automaton_snep+0x4e0/0x5e0  This is caused by the tracepoints reading 32 bytes __array instead of __string from the automata definition. Such strings are literals and reading 32 bytes ends up in out of bound memory accesses (e.g. the next automaton's data in this case). The error is harmless as, while printing the string, we stop at the null terminator, but it should still be fixed.  Use the __string facilities while defining the tracepoints to avoid reading out of bound memory.	https://nvd.nist.gov/vuln/detail/CVE-2025-38636
CVE-2025-38656	7.8	LOCAL	yes	In the Linux kernel, the following vulnerability has been resolved:  wifi: iwlwifi: Fix error code in iwl_op_mode_dvm_start()  Preserve the error code if iwl_setup_deferred_work() fails.  The current code returns ERR_PTR(0) (which is NULL) on this path.  I believe the missing error code potentially leads to a use after free involving debugfs.	https://nvd.nist.gov/vuln/detail/CVE-2025-38656
CVE-2025-38704	7.8	LOCAL	yes	In the Linux kernel, the following vulnerability has been resolved:  rcu/nocb: Fix possible invalid rdp's->nocb_cb_kthread pointer access  In the preparation stage of CPU online, if the corresponding the rdp's->nocb_cb_kthread does not exist, will be created, there is a situation where the rdp's rcuop kthreads creation fails, and then de-offload this CPU's rdp, does not assign this CPU's rdp->nocb_cb_kthread pointer, but this rdp's->nocb_gp_rdp and rdp's->rdp_gp->nocb_gp_kthread is still valid.  This will cause the subsequent re-offload operation of this offline CPU, which will pass the conditional check and the kthread_unpark() will access invalid rdp's->nocb_cb_kthread pointer.  This commit therefore use rdp's->nocb_gp_kthread instead of rdp_gp's->nocb_gp_kthread for safety check.	https://nvd.nist.gov/vuln/detail/CVE-2025-38704
CVE-2025-38722	7.8	LOCAL	yes	In the Linux kernel, the following vulnerability has been resolved:  habanalabs: fix UAF in export_dmabuf()  As soon as we'd inserted a file reference into descriptor table, another thread could close it.  That's fine for the case when all we are doing is returning that descriptor to userland (it's a race, but it's a userland race and there's nothing the kernel can do about it).  However, if we follow fd_install() with any kind of access to objects that would be destroyed on close (be it the struct file itself or anything destroyed by its ->release()), we have a UAF.  dma_buf_fd() is a combination of reserving a descriptor and fd_install(). habanalabs export_dmabuf() calls it and then proceeds to access the objects destroyed on close.  In particular, it grabs an extra reference to another struct file that will be dropped as part of ->release() for ours; that "will be" is actually "might have already been".  Fix that by reserving descriptor before anything else and do fd_install() only when everything had been set up.  As a side benefit, we no longer have the failure exit with file already created, but reference to underlying file (as well as ->dmabuf_export_cnt, etc.) not grabbed yet; unlike dma_buf_fd(), fd_install() can't fail.	https://nvd.nist.gov/vuln/detail/CVE-2025-38722
CVE-2025-39810	7.8	LOCAL	yes	In the Linux kernel, the following vulnerability has been resolved:  bnxt_en: Fix memory corruption when FW resources change during ifdown  bnxt_set_dflt_rings() assumes that it is always called before any TC has been created.  So it doesn't take bp->num_tc into account and assumes that it is always 0 or 1.  In the FW resource or capability change scenario, the FW will return flags in bnxt_hwrm_if_change() that will cause the driver to reinitialize and call bnxt_cancel_reservations().  This will lead to bnxt_init_dflt_ring_mode() calling bnxt_set_dflt_rings() and bp->num_tc may be greater than 1.  This will cause bp->tx_ring[] to be sized too small and cause memory corruption in bnxt_alloc_cp_rings().  Fix it by properly scaling the TX rings by bp->num_tc in the code paths mentioned above.  Add 2 helper functions to determine bp->tx_nr_rings and bp->tx_nr_rings_per_tc.	https://nvd.nist.gov/vuln/detail/CVE-2025-39810
CVE-2025-39859	7.8	LOCAL	yes	In the Linux kernel, the following vulnerability has been resolved:  ptp: ocp: fix use-after-free bugs causing by ptp_ocp_watchdog  The ptp_ocp_detach() only shuts down the watchdog timer if it is pending. However, if the timer handler is already running, the timer_delete_sync() is not called. This leads to race conditions where the devlink that contains the ptp_ocp is deallocated while the timer handler is still accessing it, resulting in use-after-free bugs. The following details one of the race scenarios.  (thread 1)                           | (thread 2) ptp_ocp_remove()                     |   ptp_ocp_detach()                   | ptp_ocp_watchdog()     if (timer_pending(&bp->watchdog))|   bp = timer_container_of()       timer_delete_sync()            |                                      |   devlink_free(devlink) //free       |                                      |   bp-> //use  Resolve this by unconditionally calling timer_delete_sync() to ensure the timer is reliably deactivated, preventing any access after free.	https://nvd.nist.gov/vuln/detail/CVE-2025-39859
CVE-2025-39862	7.8	LOCAL	yes	In the Linux kernel, the following vulnerability has been resolved:  wifi: mt76: mt7915: fix list corruption after hardware restart  Since stations are recreated from scratch, all lists that wcids are added to must be cleared before calling ieee80211_restart_hw. Set wcid->sta = 0 for each wcid entry in order to ensure that they are not added again before they are ready.	https://nvd.nist.gov/vuln/detail/CVE-2025-39862
CVE-2025-39901	7.1	LOCAL	yes	In the Linux kernel, the following vulnerability has been resolved:  i40e: remove read access to debugfs files  The 'command' and 'netdev_ops' debugfs files are a legacy debugging interface supported by the i40e driver since its early days by commit 02e9c290814c ("i40e: debugfs interface").  Both of these debugfs files provide a read handler which is mostly useless, and which is implemented with questionable logic. They both use a static 256 byte buffer which is initialized to the empty string. In the case of the 'command' file this buffer is literally never used and simply wastes space. In the case of the 'netdev_ops' file, the last command written is saved here.  On read, the files contents are presented as the name of the device followed by a colon and then the contents of their respective static buffer. For 'command' this will always be "<device>: ". For 'netdev_ops', this will be "<device>: <last command written>". But note the buffer is shared between all devices operated by this module. At best, it is mostly meaningless information, and at worse it could be accessed simultaneously as there doesn't appear to be any locking mechanism.  We have also recently received multiple reports for both read functions about their use of snprintf and potential overflow that could result in reading arbitrary kernel memory. For the 'command' file, this is definitely impossible, since the static buffer is always zero and never written to. For the 'netdev_ops' file, it does appear to be possible, if the user carefully crafts the command input, it will be copied into the buffer, which could be large enough to cause snprintf to truncate, which then causes the copy_to_user to read beyond the length of the buffer allocated by kzalloc.  A minimal fix would be to replace snprintf() with scnprintf() which would cap the return to the number of bytes written, preventing an overflow. A more involved fix would be to drop the mostly useless static buffers, saving 512 bytes and modifying the read functions to stop needing those as input.  Instead, lets just completely drop the read access to these files. These are debug interfaces exposed as part of debugfs, and I don't believe that dropping read access will break any script, as the provided output is pretty useless. You can find the netdev name through other more standard interfaces, and the 'netdev_ops' interface can easily result in garbage if you issue simultaneous writes to multiple devices at once.  In order to properly remove the i40e_dbg_netdev_ops_buf, we need to refactor its write function to avoid using the static buffer. Instead, use the same logic as the i40e_dbg_command_write, with an allocated buffer. Update the code to use this instead of the static buffer, and ensure we free the buffer on exit. This fixes simultaneous writes to 'netdev_ops' on multiple devices, and allows us to remove the now unused static buffer along with removing the read access.	https://nvd.nist.gov/vuln/detail/CVE-2025-39901
CVE-2025-39905	7.0	LOCAL	yes	In the Linux kernel, the following vulnerability has been resolved:  net: phylink: add lock for serializing concurrent pl->phydev writes with resolver  Currently phylink_resolve() protects itself against concurrent phylink_bringup_phy() or phylink_disconnect_phy() calls which modify pl->phydev by relying on pl->state_mutex.  The problem is that in phylink_resolve(), pl->state_mutex is in a lock inversion state with pl->phydev->lock. So pl->phydev->lock needs to be acquired prior to pl->state_mutex. But that requires dereferencing pl->phydev in the first place, and without pl->state_mutex, that is racy.  Hence the reason for the extra lock. Currently it is redundant, but it will serve a functional purpose once mutex_lock(&phy->lock) will be moved outside of the mutex_lock(&pl->state_mutex) section.  Another alternative considered would have been to let phylink_resolve() acquire the rtnl_mutex, which is also held when phylink_bringup_phy() and phylink_disconnect_phy() are called. But since phylink_disconnect_phy() runs under rtnl_lock(), it would deadlock with phylink_resolve() when calling flush_work(&pl->resolve). Additionally, it would have been undesirable because it would have unnecessarily blocked many other call paths as well in the entire kernel, so the smaller-scoped lock was preferred.	https://nvd.nist.gov/vuln/detail/CVE-2025-39905
CVE-2025-39958	7.8	LOCAL	yes	In the Linux kernel, the following vulnerability has been resolved:  iommu/s390: Make attach succeed when the device was surprise removed  When a PCI device is removed with surprise hotplug, there may still be attempts to attach the device to the default domain as part of tear down via (__iommu_release_dma_ownership()), or because the removal happens during probe (__iommu_probe_device()). In both cases zpci_register_ioat() fails with a cc value indicating that the device handle is invalid. This is because the device is no longer part of the instance as far as the hypervisor is concerned.  Currently this leads to an error return and s390_iommu_attach_device() fails. This triggers the WARN_ON() in __iommu_group_set_domain_nofail() because attaching to the default domain must never fail.  With the device fenced by the hypervisor no DMAs to or from memory are possible and the IOMMU translations have no effect. Proceed as if the registration was successful and let the hotplug event handling clean up the device.  This is similar to how devices in the error state are handled since commit 59bbf596791b ("iommu/s390: Make attach succeed even if the device is in error state") except that for removal the domain will not be registered later. This approach was also previously discussed at the link.  Handle both cases, error state and removal, in a helper which checks if the error needs to be propagated or ignored. Avoid magic number condition codes by using the pre-existing, but never used, defines for PCI load/store condition codes and rename them to reflect that they apply to all PCI instructions.	https://nvd.nist.gov/vuln/detail/CVE-2025-39958
CVE-2025-71073	7.8	LOCAL	yes	In the Linux kernel, the following vulnerability has been resolved:  Input: lkkbd - disable pending work before freeing device  lkkbd_interrupt() schedules lk->tq via schedule_work(), and the work handler lkkbd_reinit() dereferences the lkkbd structure and its serio/input_dev fields.  lkkbd_disconnect() and error paths in lkkbd_connect() free the lkkbd structure without preventing the reinit work from being queued again until serio_close() returns. This can allow the work handler to run after the structure has been freed, leading to a potential use-after-free.  Use disable_work_sync() instead of cancel_work_sync() to ensure the reinit work cannot be re-queued, and call it both in lkkbd_disconnect() and in lkkbd_connect() error paths after serio_open().	https://nvd.nist.gov/vuln/detail/CVE-2025-71073
CVE-2025-71152	7.8	LOCAL	yes	In the Linux kernel, the following vulnerability has been resolved:  net: dsa: properly keep track of conduit reference  Problem description -------------------  DSA has a mumbo-jumbo of reference handling of the conduit net device and its kobject which, sadly, is just wrong and doesn't make sense.  There are two distinct problems.  1. The OF path, which uses of_find_net_device_by_node(), never releases    the elevated refcount on the conduit's kobject. Nominally, the OF and    non-OF paths should result in objects having identical reference    counts taken, and it is already suspicious that    dsa_dev_to_net_device() has a put_device() call which is missing in    dsa_port_parse_of(), but we can actually even verify that an issue    exists. With CONFIG_DEBUG_KOBJECT_RELEASE=y, if we run this command    "before" and "after" applying this patch:  (unbind the conduit driver for net device eno2) echo 0000:00:00.2 > /sys/bus/pci/drivers/fsl_enetc/unbind  we see these lines in the output diff which appear only with the patch applied:  kobject: 'eno2' (ffff002009a3a6b8): kobject_release, parent 0000000000000000 (delayed 1000) kobject: '109' (ffff0020099d59a0): kobject_release, parent 0000000000000000 (delayed 1000)  2. After we find the conduit interface one way (OF) or another (non-OF),    it can get unregistered at any time, and DSA remains with a long-lived,    but in this case stale, cpu_dp->conduit pointer. Holding the net    device's underlying kobject isn't actually of much help, it just    prevents it from being freed (but we never need that kobject    directly). What helps us to prevent the net device from being    unregistered is the parallel netdev reference mechanism (dev_hold()    and dev_put()).  Actually we actually use that netdev tracker mechanism implicitly on user ports since commit 2f1e8ea726e9 ("net: dsa: link interfaces with the DSA master to get rid of lockdep warnings"), via netdev_upper_dev_link(). But time still passes at DSA switch probe time between the initial of_find_net_device_by_node() code and the user port creation time, time during which the conduit could unregister itself and DSA wouldn't know about it.  So we have to run of_find_net_device_by_node() under rtnl_lock() to prevent that from happening, and release the lock only with the netdev tracker having acquired the reference.  Do we need to keep the reference until dsa_unregister_switch() / dsa_switch_shutdown()? 1: Maybe yes. A switch device will still be registered even if all user    ports failed to probe, see commit 86f8b1c01a0a ("net: dsa: Do not    make user port errors fatal"), and the cpu_dp->conduit pointers    remain valid.  I haven't audited all call paths to see whether they    will actually use the conduit in lack of any user port, but if they    do, it seems safer to not rely on user ports for that reference. 2. Definitely yes. We support changing the conduit which a user port is    associated to, and we can get into a situation where we've moved all    user ports away from a conduit, thus no longer hold any reference to    it via the net device tracker. But we shouldn't let it go nonetheless    - see the next change in relation to dsa_tree_find_first_conduit()    and LAG conduits which disappear.    We have to be prepared to return to the physical conduit, so the CPU    port must explicitly keep another reference to it. This is also to    say: the user ports and their CPU ports may not always keep a    reference to the same conduit net device, and both are needed.  As for the conduit's kobject for the /sys/class/net/ entry, we don't care about it, we can release it as soon as we hold the net device object itself.  History and blame attribution -----------------------------  The code has been refactored so many times, it is very difficult to follow and properly attribute a blame, but I'll try to make a short history which I hope to be correct.  We have two distinct probing paths: - one for OF, introduced in 2016 i ---truncated---	https://nvd.nist.gov/vuln/detail/CVE-2025-71152
CVE-2025-71203	7.0	LOCAL	yes	In the Linux kernel, the following vulnerability has been resolved:  riscv: Sanitize syscall table indexing under speculation  The syscall number is a user-controlled value used to index into the syscall table. Use array_index_nospec() to clamp this value after the bounds check to prevent speculative out-of-bounds access and subsequent data leakage via cache side channels.	https://nvd.nist.gov/vuln/detail/CVE-2025-71203
CVE-2025-71221	7.0	LOCAL	yes	In the Linux kernel, the following vulnerability has been resolved:  dmaengine: mmp_pdma: Fix race condition in mmp_pdma_residue()  Add proper locking in mmp_pdma_residue() to prevent use-after-free when accessing descriptor list and descriptor contents.  The race occurs when multiple threads call tx_status() while the tasklet on another CPU is freeing completed descriptors:  CPU 0                              CPU 1 -----                              ----- mmp_pdma_tx_status() mmp_pdma_residue()   -> NO LOCK held      list_for_each_entry(sw, ..)                                    DMA interrupt                                    dma_do_tasklet()                                      -> spin_lock(&desc_lock)                                         list_move(sw->node, ...)                                         spin_unlock(&desc_lock)   |                                     dma_pool_free(sw) <- FREED!   -> access sw->desc <- UAF!  This issue can be reproduced when running dmatest on the same channel with multiple threads (threads_per_chan > 1).  Fix by protecting the chain_running list iteration and descriptor access with the chan->desc_lock spinlock.	https://nvd.nist.gov/vuln/detail/CVE-2025-71221
CVE-2026-23066	7.8	LOCAL	yes	In the Linux kernel, the following vulnerability has been resolved:  rxrpc: Fix recvmsg() unconditional requeue  If rxrpc_recvmsg() fails because MSG_DONTWAIT was specified but the call at the front of the recvmsg queue already has its mutex locked, it requeues the call - whether or not the call is already queued.  The call may be on the queue because MSG_PEEK was also passed and so the call was not dequeued or because the I/O thread requeued it.  The unconditional requeue may then corrupt the recvmsg queue, leading to things like UAFs or refcount underruns.  Fix this by only requeuing the call if it isn't already on the queue - and moving it to the front if it is already queued.  If we don't queue it, we have to put the ref we obtained by dequeuing it.  Also, MSG_PEEK doesn't dequeue the call so shouldn't call rxrpc_notify_socket() for the call if we didn't use up all the data on the queue, so fix that also.	https://nvd.nist.gov/vuln/detail/CVE-2026-23066
CVE-2026-23171	7.8	LOCAL	yes	In the Linux kernel, the following vulnerability has been resolved:  bonding: fix use-after-free due to enslave fail after slave array update  Fix a use-after-free which happens due to enslave failure after the new slave has been added to the array. Since the new slave can be used for Tx immediately, we can use it after it has been freed by the enslave error cleanup path which frees the allocated slave memory. Slave update array is supposed to be called last when further enslave failures are not expected. Move it after xdp setup to avoid any problems.  It is very easy to reproduce the problem with a simple xdp_pass prog:  ip l add bond1 type bond mode balance-xor  ip l set bond1 up  ip l set dev bond1 xdp object xdp_pass.o sec xdp_pass  ip l add dumdum type dummy  Then run in parallel:  while :; do ip l set dumdum master bond1 1>/dev/null 2>&1; done;  mausezahn bond1 -a own -b rand -A rand -B 1.1.1.1 -c 0 -t tcp "dp=1-1023, flags=syn"  The crash happens almost immediately:  [  605.602850] Oops: general protection fault, probably for non-canonical address 0xe0e6fc2460000137: 0000 [#1] SMP KASAN NOPTI  [  605.602916] KASAN: maybe wild-memory-access in range [0x07380123000009b8-0x07380123000009bf]  [  605.602946] CPU: 0 UID: 0 PID: 2445 Comm: mausezahn Kdump: loaded Tainted: G    B               6.19.0-rc6+ #21 PREEMPT(voluntary)  [  605.602979] Tainted: [B]=BAD_PAGE  [  605.602998] Hardware name: QEMU Standard PC (Q35 + ICH9, 2009), BIOS 1.16.3-debian-1.16.3-2 04/01/2014  [  605.603032] RIP: 0010:netdev_core_pick_tx+0xcd/0x210  [  605.603063] Code: 48 89 fa 48 c1 ea 03 80 3c 02 00 0f 85 3e 01 00 00 48 b8 00 00 00 00 00 fc ff df 4c 8b 6b 08 49 8d 7d 30 48 89 fa 48 c1 ea 03 <80> 3c 02 00 0f 85 25 01 00 00 49 8b 45 30 4c 89 e2 48 89 ee 48 89  [  605.603111] RSP: 0018:ffff88817b9af348 EFLAGS: 00010213  [  605.603145] RAX: dffffc0000000000 RBX: ffff88817d28b420 RCX: 0000000000000000  [  605.603172] RDX: 00e7002460000137 RSI: 0000000000000008 RDI: 07380123000009be  [  605.603199] RBP: ffff88817b541a00 R08: 0000000000000001 R09: fffffbfff3ed8c0c  [  605.603226] R10: ffffffff9f6c6067 R11: 0000000000000001 R12: 0000000000000000  [  605.603253] R13: 073801230000098e R14: ffff88817d28b448 R15: ffff88817b541a84  [  605.603286] FS:  00007f6570ef67c0(0000) GS:ffff888221dfa000(0000) knlGS:0000000000000000  [  605.603319] CS:  0010 DS: 0000 ES: 0000 CR0: 0000000080050033  [  605.603343] CR2: 00007f65712fae40 CR3: 000000011371b000 CR4: 0000000000350ef0  [  605.603373] Call Trace:  [  605.603392]  <TASK>  [  605.603410]  __dev_queue_xmit+0x448/0x32a0  [  605.603434]  ? __pfx_vprintk_emit+0x10/0x10  [  605.603461]  ? __pfx_vprintk_emit+0x10/0x10  [  605.603484]  ? __pfx___dev_queue_xmit+0x10/0x10  [  605.603507]  ? bond_start_xmit+0xbfb/0xc20 [bonding]  [  605.603546]  ? _printk+0xcb/0x100  [  605.603566]  ? __pfx__printk+0x10/0x10  [  605.603589]  ? bond_start_xmit+0xbfb/0xc20 [bonding]  [  605.603627]  ? add_taint+0x5e/0x70  [  605.603648]  ? add_taint+0x2a/0x70  [  605.603670]  ? end_report.cold+0x51/0x75  [  605.603693]  ? bond_start_xmit+0xbfb/0xc20 [bonding]  [  605.603731]  bond_start_xmit+0x623/0xc20 [bonding]	https://nvd.nist.gov/vuln/detail/CVE-2026-23171
CVE-2026-23191	7.8	LOCAL	yes	In the Linux kernel, the following vulnerability has been resolved:  ALSA: aloop: Fix racy access at PCM trigger  The PCM trigger callback of aloop driver tries to check the PCM state and stop the stream of the tied substream in the corresponding cable. Since both check and stop operations are performed outside the cable lock, this may result in UAF when a program attempts to trigger frequently while opening/closing the tied stream, as spotted by fuzzers.  For addressing the UAF, this patch changes two things: - It covers the most of code in loopback_check_format() with   cable->lock spinlock, and add the proper NULL checks.  This avoids   already some racy accesses. - In addition, now we try to check the state of the capture PCM stream   that may be stopped in this function, which was the major pain point   leading to UAF.	https://nvd.nist.gov/vuln/detail/CVE-2026-23191
CVE-2026-23208	7.8	LOCAL	yes	In the Linux kernel, the following vulnerability has been resolved:  ALSA: usb-audio: Prevent excessive number of frames  In this case, the user constructed the parameters with maxpacksize 40 for rate 22050 / pps 1000, and packsize[0] 22 packsize[1] 23. The buffer size for each data URB is maxpacksize * packets, which in this example is 40 * 6 = 240; When the user performs a write operation to send audio data into the ALSA PCM playback stream, the calculated number of frames is packsize[0] * packets = 264, which exceeds the allocated URB buffer size, triggering the out-of-bounds (OOB) issue reported by syzbot [1].  Added a check for the number of single data URB frames when calculating the number of frames to prevent [1].  [1] BUG: KASAN: slab-out-of-bounds in copy_to_urb+0x261/0x460 sound/usb/pcm.c:1487 Write of size 264 at addr ffff88804337e800 by task syz.0.17/5506 Call Trace:  copy_to_urb+0x261/0x460 sound/usb/pcm.c:1487  prepare_playback_urb+0x953/0x13d0 sound/usb/pcm.c:1611  prepare_outbound_urb+0x377/0xc50 sound/usb/endpoint.c:333	https://nvd.nist.gov/vuln/detail/CVE-2026-23208
CVE-2026-23227	7.8	LOCAL	yes	In the Linux kernel, the following vulnerability has been resolved:  drm/exynos: vidi: use ctx->lock to protect struct vidi_context member variables related to memory alloc/free  Exynos Virtual Display driver performs memory alloc/free operations without lock protection, which easily causes concurrency problem.  For example, use-after-free can occur in race scenario like this: ``` 	CPU0				CPU1				CPU2 	----				----				----   vidi_connection_ioctl()     if (vidi->connection) // true       drm_edid = drm_edid_alloc(); // alloc drm_edid       ...       ctx->raw_edid = drm_edid;       ... 								drm_mode_getconnector() 								  drm_helper_probe_single_connector_modes() 								    vidi_get_modes() 								      if (ctx->raw_edid) // true 								        drm_edid_dup(ctx->raw_edid); 								          if (!drm_edid) // false 								          ... 				vidi_connection_ioctl() 				  if (vidi->connection) // false 				    drm_edid_free(ctx->raw_edid); // free drm_edid 				    ... 								          drm_edid_alloc(drm_edid->edid) 								            kmemdup(edid); // UAF!! 								            ... ```  To prevent these vulns, at least in vidi_context, member variables related to memory alloc/free should be protected with ctx->lock.	https://nvd.nist.gov/vuln/detail/CVE-2026-23227
