cve	scorev3	vector	upstream_fix_phrase	summary	link	filter_reason
CVE-2022-4543	5.5	LOCAL	no	A flaw named "EntryBleed" was found in the Linux Kernel Page Table Isolation (KPTI). This issue could allow a local attacker to leak KASLR base via prefetch side-channels based on TLB timing for Intel systems.	https://nvd.nist.gov/vuln/detail/CVE-2022-4543	filtered-vector-low-criticality: LOCAL scorev3<7
CVE-2023-3079	8.8	NETWORK	no	Type confusion in V8 in Google Chrome prior to 114.0.5735.110 allowed a remote attacker to potentially exploit heap corruption via a crafted HTML page. (Chromium security severity: High)	https://nvd.nist.gov/vuln/detail/CVE-2023-3079	bad-cpe-match: Chromium V8 entry, not a kernel CVE
CVE-2023-4010	4.6	PHYSICAL	no	A flaw was found in the USB Host Controller Driver framework in the Linux kernel. The usb_giveback_urb function has a logic loophole in its implementation. Due to the inappropriate judgment condition of the goto statement, the function cannot return under the input of a specific malformed descriptor file, so it falls into an endless loop, resulting in a denial of service.	https://nvd.nist.gov/vuln/detail/CVE-2023-4010	filtered-vector-low-criticality: PHYSICAL scorev3<7
CVE-2023-52485	5.5	LOCAL	yes	In the Linux kernel, the following vulnerability has been resolved:  drm/amd/display: Wake DMCUB before sending a command  [Why] We can hang in place trying to send commands when the DMCUB isn't powered on.  [How] For functions that execute within a DC context or DC lock we can wrap the direct calls to dm_execute_dmub_cmd/list with code that exits idle power optimizations and reallows once we're done with the command submission on success.  For DM direct submissions the DM will need to manage the enter/exit sequencing manually.  We cannot invoke a DMCUB command directly within the DM execution helper or we can deadlock.	https://nvd.nist.gov/vuln/detail/CVE-2023-52485	filtered-vector-low-criticality: LOCAL scorev3<7
CVE-2023-52585	5.5	LOCAL	yes	In the Linux kernel, the following vulnerability has been resolved:  drm/amdgpu: Fix possible NULL dereference in amdgpu_ras_query_error_status_helper()  Return invalid error code -EINVAL for invalid block id.  Fixes the below:  drivers/gpu/drm/amd/amdgpu/amdgpu_ras.c:1183 amdgpu_ras_query_error_status_helper() error: we previously assumed 'info' could be null (see line 1176)	https://nvd.nist.gov/vuln/detail/CVE-2023-52585	filtered-vector-low-criticality: LOCAL scorev3<7
CVE-2023-52590	5.5	LOCAL	yes	In the Linux kernel, the following vulnerability has been resolved:  ocfs2: Avoid touching renamed directory if parent does not change  The VFS will not be locking moved directory if its parent does not change. Change ocfs2 rename code to avoid touching renamed directory if its parent does not change as without locking that can corrupt the filesystem.	https://nvd.nist.gov/vuln/detail/CVE-2023-52590	filtered-vector-low-criticality: LOCAL scorev3<7
CVE-2023-52625	5.5	LOCAL	yes	In the Linux kernel, the following vulnerability has been resolved:  drm/amd/display: Refactor DMCUB enter/exit idle interface  [Why] We can hang in place trying to send commands when the DMCUB isn't powered on.  [How] We need to exit out of the idle state prior to sending a command, but the process that performs the exit also invokes a command itself.  Fixing this issue involves the following:  1. Using a software state to track whether or not we need to start    the process to exit idle or notify idle.  It's possible for the hardware to have exited an idle state without driver knowledge, but entering one is always restricted to a driver allow - which makes the SW state vs HW state mismatch issue purely one of optimization, which should seldomly be hit, if at all.  2. Refactor any instances of exit/notify idle to use a single wrapper    that maintains this SW state.  This works simialr to dc_allow_idle_optimizations, but works at the DMCUB level and makes sure the state is marked prior to any notify/exit idle so we don't enter an infinite loop.  3. Make sure we exit out of idle prior to sending any commands or    waiting for DMCUB idle.  This patch takes care of 1/2. A future patch will take care of wrapping DMCUB command submission with calls to this new interface.	https://nvd.nist.gov/vuln/detail/CVE-2023-52625	filtered-vector-low-criticality: LOCAL scorev3<7
CVE-2023-52634	5.5	LOCAL	yes	In the Linux kernel, the following vulnerability has been resolved:  drm/amd/display: Fix disable_otg_wa logic  [Why] When switching to another HDMI mode, we are unnecesarilly disabling/enabling FIFO causing both HPO and DIG registers to be set at the same time when only HPO is supposed to be set.  This can lead to a system hang the next time we change refresh rates as there are cases when we don't disable OTG/FIFO but FIFO is enabled when it isn't supposed to be.  [How] Removing the enable/disable FIFO entirely.	https://nvd.nist.gov/vuln/detail/CVE-2023-52634	filtered-vector-low-criticality: LOCAL scorev3<7
CVE-2023-52904	5.5	LOCAL	yes	In the Linux kernel, the following vulnerability has been resolved:  ALSA: usb-audio: Fix possible NULL pointer dereference in snd_usb_pcm_has_fixed_rate()  The subs function argument may be NULL, so do not use it before the NULL check.	https://nvd.nist.gov/vuln/detail/CVE-2023-52904	filtered-vector-low-criticality: LOCAL scorev3<7
CVE-2023-52920	5.5	LOCAL	yes	In the Linux kernel, the following vulnerability has been resolved:  bpf: support non-r10 register spill/fill to/from stack in precision tracking  Use instruction (jump) history to record instructions that performed register spill/fill to/from stack, regardless if this was done through read-only r10 register, or any other register after copying r10 into it *and* potentially adjusting offset.  To make this work reliably, we push extra per-instruction flags into instruction history, encoding stack slot index (spi) and stack frame number in extra 10 bit flags we take away from prev_idx in instruction history. We don't touch idx field for maximum performance, as it's checked most frequently during backtracking.  This change removes basically the last remaining practical limitation of precision backtracking logic in BPF verifier. It fixes known deficiencies, but also opens up new opportunities to reduce number of verified states, explored in the subsequent patches.  There are only three differences in selftests' BPF object files according to veristat, all in the positive direction (less states).  File                                    Program        Insns (A)  Insns (B)  Insns  (DIFF)  States (A)  States (B)  States (DIFF) --------------------------------------  -------------  ---------  ---------  -------------  ----------  ----------  ------------- test_cls_redirect_dynptr.bpf.linked3.o  cls_redirect        2987       2864  -123 (-4.12%)         240         231    -9 (-3.75%) xdp_synproxy_kern.bpf.linked3.o         syncookie_tc       82848      82661  -187 (-0.23%)        5107        5073   -34 (-0.67%) xdp_synproxy_kern.bpf.linked3.o         syncookie_xdp      85116      84964  -152 (-0.18%)        5162        5130   -32 (-0.62%)  Note, I avoided renaming jmp_history to more generic insn_hist to minimize number of lines changed and potential merge conflicts between bpf and bpf-next trees.  Notice also cur_hist_entry pointer reset to NULL at the beginning of instruction verification loop. This pointer avoids the problem of relying on last jump history entry's insn_idx to determine whether we already have entry for current instruction or not. It can happen that we added jump history entry because current instruction is_jmp_point(), but also we need to add instruction flags for stack access. In this case, we don't want to entries, so we need to reuse last added entry, if it is present.  Relying on insn_idx comparison has the same ambiguity problem as the one that was fixed recently in [0], so we avoid that.    [0] https://patchwork.kernel.org/project/netdevbpf/patch/20231110002638.4168352-3-andrii@kernel.org/	https://nvd.nist.gov/vuln/detail/CVE-2023-52920	filtered-vector-low-criticality: LOCAL scorev3<7
CVE-2023-6238	6.7	LOCAL	no	A buffer overflow vulnerability was found in the NVM Express (NVMe) driver in the Linux kernel. Only privileged user could specify a small meta buffer and let the device perform larger Direct Memory Access (DMA) into the same buffer, overwriting unrelated kernel memory, causing random kernel crashes and memory corruption.	https://nvd.nist.gov/vuln/detail/CVE-2023-6238	filtered-vector-low-criticality: LOCAL scorev3<7
CVE-2024-23848	5.5	LOCAL	no	In the Linux kernel through 6.7.1, there is a use-after-free in cec_queue_msg_fh, related to drivers/media/cec/core/cec-adap.c and drivers/media/cec/core/cec-api.c.	https://nvd.nist.gov/vuln/detail/CVE-2024-23848	filtered-vector-low-criticality: LOCAL scorev3<7
CVE-2024-24864	5.3	LOCAL	no	A race condition was found in the Linux kernel's media/dvb-core in dvbdmx_write() function. This can result in a null pointer dereference issue, possibly leading to a kernel panic or denial of service issue.	https://nvd.nist.gov/vuln/detail/CVE-2024-24864	filtered-vector-low-criticality: LOCAL scorev3<7
CVE-2024-25739	5.5	LOCAL	no	create_empty_lvol in drivers/mtd/ubi/vtbl.c in the Linux kernel through 6.7.4 can attempt to allocate zero bytes, and crash, because of a missing check for ubi->leb_size.	https://nvd.nist.gov/vuln/detail/CVE-2024-25739	filtered-vector-low-criticality: LOCAL scorev3<7
CVE-2024-25740	5.5	LOCAL	no	A memory leak flaw was found in the UBI driver in drivers/mtd/ubi/attach.c in the Linux kernel through 6.7.4 for UBI_IOCATT, because kobj->name is not released.	https://nvd.nist.gov/vuln/detail/CVE-2024-25740	filtered-vector-low-criticality: LOCAL scorev3<7
CVE-2024-25741	5.5	LOCAL	no	printer_write in drivers/usb/gadget/function/f_printer.c in the Linux kernel through 6.7.4 does not properly call usb_ep_queue, which might allow attackers to cause a denial of service or have unspecified other impact.	https://nvd.nist.gov/vuln/detail/CVE-2024-25741	filtered-vector-low-criticality: LOCAL scorev3<7
CVE-2024-26596	5.5	LOCAL	yes	In the Linux kernel, the following vulnerability has been resolved:  net: dsa: fix netdev_priv() dereference before check on non-DSA netdevice events  After the blamed commit, we started doing this dereference for every NETDEV_CHANGEUPPER and NETDEV_PRECHANGEUPPER event in the system.  static inline struct dsa_port *dsa_user_to_port(const struct net_device *dev) { 	struct dsa_user_priv *p = netdev_priv(dev);  	return p->dp; }  Which is obviously bogus, because not all net_devices have a netdev_priv() of type struct dsa_user_priv. But struct dsa_user_priv is fairly small, and p->dp means dereferencing 8 bytes starting with offset 16. Most drivers allocate that much private memory anyway, making our access not fault, and we discard the bogus data quickly afterwards, so this wasn't caught.  But the dummy interface is somewhat special in that it calls alloc_netdev() with a priv size of 0. So every netdev_priv() dereference is invalid, and we get this when we emit a NETDEV_PRECHANGEUPPER event with a VLAN as its new upper:  $ ip link add dummy1 type dummy $ ip link add link dummy1 name dummy1.100 type vlan id 100 [   43.309174] ================================================================== [   43.316456] BUG: KASAN: slab-out-of-bounds in dsa_user_prechangeupper+0x30/0xe8 [   43.323835] Read of size 8 at addr ffff3f86481d2990 by task ip/374 [   43.330058] [   43.342436] Call trace: [   43.366542]  dsa_user_prechangeupper+0x30/0xe8 [   43.371024]  dsa_user_netdevice_event+0xb38/0xee8 [   43.375768]  notifier_call_chain+0xa4/0x210 [   43.379985]  raw_notifier_call_chain+0x24/0x38 [   43.384464]  __netdev_upper_dev_link+0x3ec/0x5d8 [   43.389120]  netdev_upper_dev_link+0x70/0xa8 [   43.393424]  register_vlan_dev+0x1bc/0x310 [   43.397554]  vlan_newlink+0x210/0x248 [   43.401247]  rtnl_newlink+0x9fc/0xe30 [   43.404942]  rtnetlink_rcv_msg+0x378/0x580  Avoid the kernel oops by dereferencing after the type check, as customary.	https://nvd.nist.gov/vuln/detail/CVE-2024-26596	filtered-vector-low-criticality: LOCAL scorev3<7
CVE-2024-26686	5.5	LOCAL	yes	In the Linux kernel, the following vulnerability has been resolved:  fs/proc: do_task_stat: use sig->stats_lock to gather the threads/children stats  lock_task_sighand() can trigger a hard lockup.  If NR_CPUS threads call do_task_stat() at the same time and the process has NR_THREADS, it will spin with irqs disabled O(NR_CPUS * NR_THREADS) time.  Change do_task_stat() to use sig->stats_lock to gather the statistics outside of ->siglock protected section, in the likely case this code will run lockless.	https://nvd.nist.gov/vuln/detail/CVE-2024-26686	filtered-vector-low-criticality: LOCAL scorev3<7
CVE-2024-26756	5.5	LOCAL	yes	In the Linux kernel, the following vulnerability has been resolved:  md: Don't register sync_thread for reshape directly  Currently, if reshape is interrupted, then reassemble the array will register sync_thread directly from pers->run(), in this case 'MD_RECOVERY_RUNNING' is set directly, however, there is no guarantee that md_do_sync() will be executed, hence stop_sync_thread() will hang because 'MD_RECOVERY_RUNNING' can't be cleared.  Last patch make sure that md_do_sync() will set MD_RECOVERY_DONE, however, following hang can still be triggered by dm-raid test shell/lvconvert-raid-reshape.sh occasionally:  [root@fedora ~]# cat /proc/1982/stack [<0>] stop_sync_thread+0x1ab/0x270 [md_mod] [<0>] md_frozen_sync_thread+0x5c/0xa0 [md_mod] [<0>] raid_presuspend+0x1e/0x70 [dm_raid] [<0>] dm_table_presuspend_targets+0x40/0xb0 [dm_mod] [<0>] __dm_destroy+0x2a5/0x310 [dm_mod] [<0>] dm_destroy+0x16/0x30 [dm_mod] [<0>] dev_remove+0x165/0x290 [dm_mod] [<0>] ctl_ioctl+0x4bb/0x7b0 [dm_mod] [<0>] dm_ctl_ioctl+0x11/0x20 [dm_mod] [<0>] vfs_ioctl+0x21/0x60 [<0>] __x64_sys_ioctl+0xb9/0xe0 [<0>] do_syscall_64+0xc6/0x230 [<0>] entry_SYSCALL_64_after_hwframe+0x6c/0x74  Meanwhile mddev->recovery is: MD_RECOVERY_RUNNING | MD_RECOVERY_INTR | MD_RECOVERY_RESHAPE | MD_RECOVERY_FROZEN  Fix this problem by remove the code to register sync_thread directly from raid10 and raid5. And let md_check_recovery() to register sync_thread.	https://nvd.nist.gov/vuln/detail/CVE-2024-26756	filtered-vector-low-criticality: LOCAL scorev3<7
CVE-2024-26757	5.5	LOCAL	yes	In the Linux kernel, the following vulnerability has been resolved:  md: Don't ignore read-only array in md_check_recovery()  Usually if the array is not read-write, md_check_recovery() won't register new sync_thread in the first place. And if the array is read-write and sync_thread is registered, md_set_readonly() will unregister sync_thread before setting the array read-only. md/raid follow this behavior hence there is no problem.  After commit f52f5c71f3d4 ("md: fix stopping sync thread"), following hang can be triggered by test shell/integrity-caching.sh:  1) array is read-only. dm-raid update super block: rs_update_sbs  ro = mddev->ro  mddev->ro = 0   -> set array read-write  md_update_sb  2) register new sync thread concurrently.  3) dm-raid set array back to read-only: rs_update_sbs  mddev->ro = ro  4) stop the array: raid_dtr  md_stop   stop_sync_thread     set_bit(MD_RECOVERY_INTR, &mddev->recovery);     md_wakeup_thread_directly(mddev->sync_thread);     wait_event(..., !test_bit(MD_RECOVERY_RUNNING, &mddev->recovery))  5) sync thread done:  md_do_sync  set_bit(MD_RECOVERY_DONE, &mddev->recovery);  md_wakeup_thread(mddev->thread);  6) daemon thread can't unregister sync thread:  md_check_recovery   if (!md_is_rdwr(mddev) &&       !test_bit(MD_RECOVERY_NEEDED, &mddev->recovery))    return;   -> -> MD_RECOVERY_RUNNING can't be cleared, hence step 4 hang;  The root cause is that dm-raid manipulate 'mddev->ro' by itself, however, dm-raid really should stop sync thread before setting the array read-only. Unfortunately, I need to read more code before I can refacter the handler of 'mddev->ro' in dm-raid, hence let's fix the problem the easy way for now to prevent dm-raid regression.	https://nvd.nist.gov/vuln/detail/CVE-2024-26757	filtered-vector-low-criticality: LOCAL scorev3<7
CVE-2024-26758	5.5	LOCAL	yes	In the Linux kernel, the following vulnerability has been resolved:  md: Don't ignore suspended array in md_check_recovery()  mddev_suspend() never stop sync_thread, hence it doesn't make sense to ignore suspended array in md_check_recovery(), which might cause sync_thread can't be unregistered.  After commit f52f5c71f3d4 ("md: fix stopping sync thread"), following hang can be triggered by test shell/integrity-caching.sh:  1) suspend the array: raid_postsuspend  mddev_suspend  2) stop the array: raid_dtr  md_stop   __md_stop_writes    stop_sync_thread     set_bit(MD_RECOVERY_INTR, &mddev->recovery);     md_wakeup_thread_directly(mddev->sync_thread);     wait_event(..., !test_bit(MD_RECOVERY_RUNNING, &mddev->recovery))  3) sync thread done: md_do_sync  set_bit(MD_RECOVERY_DONE, &mddev->recovery);  md_wakeup_thread(mddev->thread);  4) daemon thread can't unregister sync thread: md_check_recovery  if (mddev->suspended)    return; -> return directly  md_read_sync_thread  clear_bit(MD_RECOVERY_RUNNING, &mddev->recovery);  -> MD_RECOVERY_RUNNING can't be cleared, hence step 2 hang;  This problem is not just related to dm-raid, fix it by ignoring suspended array in md_check_recovery(). And follow up patches will improve dm-raid better to frozen sync thread during suspend.	https://nvd.nist.gov/vuln/detail/CVE-2024-26758	filtered-vector-low-criticality: LOCAL scorev3<7
CVE-2024-26785	5.5	LOCAL	yes	In the Linux kernel, the following vulnerability has been resolved:  iommufd: Fix protection fault in iommufd_test_syz_conv_iova  Syzkaller reported the following bug:    general protection fault, probably for non-canonical address 0xdffffc0000000038: 0000 [#1] SMP KASAN   KASAN: null-ptr-deref in range [0x00000000000001c0-0x00000000000001c7]   Call Trace:    lock_acquire    lock_acquire+0x1ce/0x4f0    down_read+0x93/0x4a0    iommufd_test_syz_conv_iova+0x56/0x1f0    iommufd_test_access_rw.isra.0+0x2ec/0x390    iommufd_test+0x1058/0x1e30    iommufd_fops_ioctl+0x381/0x510    vfs_ioctl    __do_sys_ioctl    __se_sys_ioctl    __x64_sys_ioctl+0x170/0x1e0    do_syscall_x64    do_syscall_64+0x71/0x140  This is because the new iommufd_access_change_ioas() sets access->ioas to NULL during its process, so the lock might be gone in a concurrent racing context.  Fix this by doing the same access->ioas sanity as iommufd_access_rw() and iommufd_access_pin_pages() functions do.	https://nvd.nist.gov/vuln/detail/CVE-2024-26785	filtered-vector-low-criticality: LOCAL scorev3<7
CVE-2024-26811	5.5	LOCAL	yes	In the Linux kernel, the following vulnerability has been resolved:  ksmbd: validate payload size in ipc response  If installing malicious ksmbd-tools, ksmbd.mountd can return invalid ipc response to ksmbd kernel server. ksmbd should validate payload size of ipc response from ksmbd.mountd to avoid memory overrun or slab-out-of-bounds. This patch validate 3 ipc response that has payload.	https://nvd.nist.gov/vuln/detail/CVE-2024-26811	not-applicable-config: ksmbd/SMB server disabled (CONFIG_SMB_SERVER disabled)
CVE-2024-26900	5.5	LOCAL	yes	In the Linux kernel, the following vulnerability has been resolved:  md: fix kmemleak of rdev->serial  If kobject_add() is fail in bind_rdev_to_array(), 'rdev->serial' will be alloc not be freed, and kmemleak occurs.  unreferenced object 0xffff88815a350000 (size 49152):   comm "mdadm", pid 789, jiffies 4294716910   hex dump (first 32 bytes):     00 00 00 00 00 00 00 00 00 00 00 00 00 00 00 00  ................     00 00 00 00 00 00 00 00 00 00 00 00 00 00 00 00  ................   backtrace (crc f773277a):     [<0000000058b0a453>] kmemleak_alloc+0x61/0xe0     [<00000000366adf14>] __kmalloc_large_node+0x15e/0x270     [<000000002e82961b>] __kmalloc_node.cold+0x11/0x7f     [<00000000f206d60a>] kvmalloc_node+0x74/0x150     [<0000000034bf3363>] rdev_init_serial+0x67/0x170     [<0000000010e08fe9>] mddev_create_serial_pool+0x62/0x220     [<00000000c3837bf0>] bind_rdev_to_array+0x2af/0x630     [<0000000073c28560>] md_add_new_disk+0x400/0x9f0     [<00000000770e30ff>] md_ioctl+0x15bf/0x1c10     [<000000006cfab718>] blkdev_ioctl+0x191/0x3f0     [<0000000085086a11>] vfs_ioctl+0x22/0x60     [<0000000018b656fe>] __x64_sys_ioctl+0xba/0xe0     [<00000000e54e675e>] do_syscall_64+0x71/0x150     [<000000008b0ad622>] entry_SYSCALL_64_after_hwframe+0x6c/0x74	https://nvd.nist.gov/vuln/detail/CVE-2024-26900	filtered-vector-low-criticality: LOCAL scorev3<7
CVE-2024-26948	5.5	LOCAL	yes	In the Linux kernel, the following vulnerability has been resolved:  drm/amd/display: Add a dc_state NULL check in dc_state_release  [How] Check wheather state is NULL before releasing it.	https://nvd.nist.gov/vuln/detail/CVE-2024-26948	filtered-vector-low-criticality: LOCAL scorev3<7
CVE-2024-26949	5.5	LOCAL	yes	In the Linux kernel, the following vulnerability has been resolved:  drm/amdgpu/pm: Fix NULL pointer dereference when get power limit  Because powerplay_table initialization is skipped under sriov case, We check and set default lower and upper OD value if powerplay_table is NULL.	https://nvd.nist.gov/vuln/detail/CVE-2024-26949	filtered-vector-low-criticality: LOCAL scorev3<7
CVE-2024-26954	7.1	LOCAL	yes	In the Linux kernel, the following vulnerability has been resolved:  ksmbd: fix slab-out-of-bounds in smb_strndup_from_utf16()  If ->NameOffset of smb2_create_req is smaller than Buffer offset of smb2_create_req, slab-out-of-bounds read can happen from smb2_open. This patch set the minimum value of the name offset to the buffer offset to validate name length of smb2_create_req().	https://nvd.nist.gov/vuln/detail/CVE-2024-26954	not-applicable-config: ksmbd/SMB server disabled (CONFIG_SMB_SERVER disabled)
CVE-2024-26962	5.5	LOCAL	yes	In the Linux kernel, the following vulnerability has been resolved:  dm-raid456, md/raid456: fix a deadlock for dm-raid456 while io concurrent with reshape  For raid456, if reshape is still in progress, then IO across reshape position will wait for reshape to make progress. However, for dm-raid, in following cases reshape will never make progress hence IO will hang:  1) the array is read-only; 2) MD_RECOVERY_WAIT is set; 3) MD_RECOVERY_FROZEN is set;  After commit c467e97f079f ("md/raid6: use valid sector values to determine if an I/O should wait on the reshape") fix the problem that IO across reshape position doesn't wait for reshape, the dm-raid test shell/lvconvert-raid-reshape.sh start to hang:  [root@fedora ~]# cat /proc/979/stack [<0>] wait_woken+0x7d/0x90 [<0>] raid5_make_request+0x929/0x1d70 [raid456] [<0>] md_handle_request+0xc2/0x3b0 [md_mod] [<0>] raid_map+0x2c/0x50 [dm_raid] [<0>] __map_bio+0x251/0x380 [dm_mod] [<0>] dm_submit_bio+0x1f0/0x760 [dm_mod] [<0>] __submit_bio+0xc2/0x1c0 [<0>] submit_bio_noacct_nocheck+0x17f/0x450 [<0>] submit_bio_noacct+0x2bc/0x780 [<0>] submit_bio+0x70/0xc0 [<0>] mpage_readahead+0x169/0x1f0 [<0>] blkdev_readahead+0x18/0x30 [<0>] read_pages+0x7c/0x3b0 [<0>] page_cache_ra_unbounded+0x1ab/0x280 [<0>] force_page_cache_ra+0x9e/0x130 [<0>] page_cache_sync_ra+0x3b/0x110 [<0>] filemap_get_pages+0x143/0xa30 [<0>] filemap_read+0xdc/0x4b0 [<0>] blkdev_read_iter+0x75/0x200 [<0>] vfs_read+0x272/0x460 [<0>] ksys_read+0x7a/0x170 [<0>] __x64_sys_read+0x1c/0x30 [<0>] do_syscall_64+0xc6/0x230 [<0>] entry_SYSCALL_64_after_hwframe+0x6c/0x74  This is because reshape can't make progress.  For md/raid, the problem doesn't exist because register new sync_thread doesn't rely on the IO to be done any more:  1) If array is read-only, it can switch to read-write by ioctl/sysfs; 2) md/raid never set MD_RECOVERY_WAIT; 3) If MD_RECOVERY_FROZEN is set, mddev_suspend() doesn't hold    'reconfig_mutex', hence it can be cleared and reshape can continue by    sysfs api 'sync_action'.  However, I'm not sure yet how to avoid the problem in dm-raid yet. This patch on the one hand make sure raid_message() can't change sync_thread() through raid_message() after presuspend(), on the other hand detect the above 3 cases before wait for IO do be done in dm_suspend(), and let dm-raid requeue those IO.	https://nvd.nist.gov/vuln/detail/CVE-2024-26962	filtered-vector-low-criticality: LOCAL scorev3<7
CVE-2024-27010	5.5	LOCAL	yes	In the Linux kernel, the following vulnerability has been resolved:  net/sched: Fix mirred deadlock on device recursion  When the mirred action is used on a classful egress qdisc and a packet is mirrored or redirected to self we hit a qdisc lock deadlock. See trace below.  [..... other info removed for brevity....] [   82.890906] [   82.890906] ============================================ [   82.890906] WARNING: possible recursive locking detected [   82.890906] 6.8.0-05205-g77fadd89fe2d-dirty #213 Tainted: G        W [   82.890906] -------------------------------------------- [   82.890906] ping/418 is trying to acquire lock: [   82.890906] ffff888006994110 (&sch->q.lock){+.-.}-{3:3}, at: __dev_queue_xmit+0x1778/0x3550 [   82.890906] [   82.890906] but task is already holding lock: [   82.890906] ffff888006994110 (&sch->q.lock){+.-.}-{3:3}, at: __dev_queue_xmit+0x1778/0x3550 [   82.890906] [   82.890906] other info that might help us debug this: [   82.890906]  Possible unsafe locking scenario: [   82.890906] [   82.890906]        CPU0 [   82.890906]        ---- [   82.890906]   lock(&sch->q.lock); [   82.890906]   lock(&sch->q.lock); [   82.890906] [   82.890906]  *** DEADLOCK *** [   82.890906] [..... other info removed for brevity....]  Example setup (eth0->eth0) to recreate tc qdisc add dev eth0 root handle 1: htb default 30 tc filter add dev eth0 handle 1: protocol ip prio 2 matchall \      action mirred egress redirect dev eth0  Another example(eth0->eth1->eth0) to recreate tc qdisc add dev eth0 root handle 1: htb default 30 tc filter add dev eth0 handle 1: protocol ip prio 2 matchall \      action mirred egress redirect dev eth1  tc qdisc add dev eth1 root handle 1: htb default 30 tc filter add dev eth1 handle 1: protocol ip prio 2 matchall \      action mirred egress redirect dev eth0  We fix this by adding an owner field (CPU id) to struct Qdisc set after root qdisc is entered. When the softirq enters it a second time, if the qdisc owner is the same CPU, the packet is dropped to break the loop.	https://nvd.nist.gov/vuln/detail/CVE-2024-27010	filtered-vector-low-criticality: LOCAL scorev3<7
CVE-2024-27011	5.5	LOCAL	yes	In the Linux kernel, the following vulnerability has been resolved:  netfilter: nf_tables: fix memleak in map from abort path  The delete set command does not rely on the transaction object for element removal, therefore, a combination of delete element + delete set from the abort path could result in restoring twice the refcount of the mapping.  Check for inactive element in the next generation for the delete element command in the abort path, skip restoring state if next generation bit has been already cleared. This is similar to the activate logic using the set walk iterator.  [ 6170.286929] ------------[ cut here ]------------ [ 6170.286939] WARNING: CPU: 6 PID: 790302 at net/netfilter/nf_tables_api.c:2086 nf_tables_chain_destroy+0x1f7/0x220 [nf_tables] [ 6170.287071] Modules linked in: [...] [ 6170.287633] CPU: 6 PID: 790302 Comm: kworker/6:2 Not tainted 6.9.0-rc3+ #365 [ 6170.287768] RIP: 0010:nf_tables_chain_destroy+0x1f7/0x220 [nf_tables] [ 6170.287886] Code: df 48 8d 7d 58 e8 69 2e 3b df 48 8b 7d 58 e8 80 1b 37 df 48 8d 7d 68 e8 57 2e 3b df 48 8b 7d 68 e8 6e 1b 37 df 48 89 ef eb c4 <0f> 0b 48 83 c4 08 5b 5d 41 5c 41 5d 41 5e 41 5f c3 cc cc cc cc 0f [ 6170.287895] RSP: 0018:ffff888134b8fd08 EFLAGS: 00010202 [ 6170.287904] RAX: 0000000000000001 RBX: ffff888125bffb28 RCX: dffffc0000000000 [ 6170.287912] RDX: 0000000000000003 RSI: ffffffffa20298ab RDI: ffff88811ebe4750 [ 6170.287919] RBP: ffff88811ebe4700 R08: ffff88838e812650 R09: fffffbfff0623a55 [ 6170.287926] R10: ffffffff8311d2af R11: 0000000000000001 R12: ffff888125bffb10 [ 6170.287933] R13: ffff888125bffb10 R14: dead000000000122 R15: dead000000000100 [ 6170.287940] FS:  0000000000000000(0000) GS:ffff888390b00000(0000) knlGS:0000000000000000 [ 6170.287948] CS:  0010 DS: 0000 ES: 0000 CR0: 0000000080050033 [ 6170.287955] CR2: 00007fd31fc00710 CR3: 0000000133f60004 CR4: 00000000001706f0 [ 6170.287962] Call Trace: [ 6170.287967]  <TASK> [ 6170.287973]  ? __warn+0x9f/0x1a0 [ 6170.287986]  ? nf_tables_chain_destroy+0x1f7/0x220 [nf_tables] [ 6170.288092]  ? report_bug+0x1b1/0x1e0 [ 6170.287986]  ? nf_tables_chain_destroy+0x1f7/0x220 [nf_tables] [ 6170.288092]  ? report_bug+0x1b1/0x1e0 [ 6170.288104]  ? handle_bug+0x3c/0x70 [ 6170.288112]  ? exc_invalid_op+0x17/0x40 [ 6170.288120]  ? asm_exc_invalid_op+0x1a/0x20 [ 6170.288132]  ? nf_tables_chain_destroy+0x2b/0x220 [nf_tables] [ 6170.288243]  ? nf_tables_chain_destroy+0x1f7/0x220 [nf_tables] [ 6170.288366]  ? nf_tables_chain_destroy+0x2b/0x220 [nf_tables] [ 6170.288483]  nf_tables_trans_destroy_work+0x588/0x590 [nf_tables]	https://nvd.nist.gov/vuln/detail/CVE-2024-27011	filtered-vector-low-criticality: LOCAL scorev3<7
CVE-2024-27012	5.5	LOCAL	yes	In the Linux kernel, the following vulnerability has been resolved:  netfilter: nf_tables: restore set elements when delete set fails  From abort path, nft_mapelem_activate() needs to restore refcounters to the original state. Currently, it uses the set->ops->walk() to iterate over these set elements. The existing set iterator skips inactive elements in the next generation, this does not work from the abort path to restore the original state since it has to skip active elements instead (not inactive ones).  This patch moves the check for inactive elements to the set iterator callback, then it reverses the logic for the .activate case which needs to skip active elements.  Toggle next generation bit for elements when delete set command is invoked and call nft_clear() from .activate (abort) path to restore the next generation bit.  The splat below shows an object in mappings memleak:  [43929.457523] ------------[ cut here ]------------ [43929.457532] WARNING: CPU: 0 PID: 1139 at include/net/netfilter/nf_tables.h:1237 nft_setelem_data_deactivate+0xe4/0xf0 [nf_tables] [...] [43929.458014] RIP: 0010:nft_setelem_data_deactivate+0xe4/0xf0 [nf_tables] [43929.458076] Code: 83 f8 01 77 ab 49 8d 7c 24 08 e8 37 5e d0 de 49 8b 6c 24 08 48 8d 7d 50 e8 e9 5c d0 de 8b 45 50 8d 50 ff 89 55 50 85 c0 75 86 <0f> 0b eb 82 0f 0b eb b3 0f 1f 40 00 90 90 90 90 90 90 90 90 90 90 [43929.458081] RSP: 0018:ffff888140f9f4b0 EFLAGS: 00010246 [43929.458086] RAX: 0000000000000000 RBX: ffff8881434f5288 RCX: dffffc0000000000 [43929.458090] RDX: 00000000ffffffff RSI: ffffffffa26d28a7 RDI: ffff88810ecc9550 [43929.458093] RBP: ffff88810ecc9500 R08: 0000000000000001 R09: ffffed10281f3e8f [43929.458096] R10: 0000000000000003 R11: ffff0000ffff0000 R12: ffff8881434f52a0 [43929.458100] R13: ffff888140f9f5f4 R14: ffff888151c7a800 R15: 0000000000000002 [43929.458103] FS:  00007f0c687c4740(0000) GS:ffff888390800000(0000) knlGS:0000000000000000 [43929.458107] CS:  0010 DS: 0000 ES: 0000 CR0: 0000000080050033 [43929.458111] CR2: 00007f58dbe5b008 CR3: 0000000123602005 CR4: 00000000001706f0 [43929.458114] Call Trace: [43929.458118]  <TASK> [43929.458121]  ? __warn+0x9f/0x1a0 [43929.458127]  ? nft_setelem_data_deactivate+0xe4/0xf0 [nf_tables] [43929.458188]  ? report_bug+0x1b1/0x1e0 [43929.458196]  ? handle_bug+0x3c/0x70 [43929.458200]  ? exc_invalid_op+0x17/0x40 [43929.458211]  ? nft_setelem_data_deactivate+0xd7/0xf0 [nf_tables] [43929.458271]  ? nft_setelem_data_deactivate+0xe4/0xf0 [nf_tables] [43929.458332]  nft_mapelem_deactivate+0x24/0x30 [nf_tables] [43929.458392]  nft_rhash_walk+0xdd/0x180 [nf_tables] [43929.458453]  ? __pfx_nft_rhash_walk+0x10/0x10 [nf_tables] [43929.458512]  ? rb_insert_color+0x2e/0x280 [43929.458520]  nft_map_deactivate+0xdc/0x1e0 [nf_tables] [43929.458582]  ? __pfx_nft_map_deactivate+0x10/0x10 [nf_tables] [43929.458642]  ? __pfx_nft_mapelem_deactivate+0x10/0x10 [nf_tables] [43929.458701]  ? __rcu_read_unlock+0x46/0x70 [43929.458709]  nft_delset+0xff/0x110 [nf_tables] [43929.458769]  nft_flush_table+0x16f/0x460 [nf_tables] [43929.458830]  nf_tables_deltable+0x501/0x580 [nf_tables]	https://nvd.nist.gov/vuln/detail/CVE-2024-27012	filtered-vector-low-criticality: LOCAL scorev3<7
CVE-2024-27017	5.5	LOCAL	yes	In the Linux kernel, the following vulnerability has been resolved:  netfilter: nft_set_pipapo: walk over current view on netlink dump  The generation mask can be updated while netlink dump is in progress. The pipapo set backend walk iterator cannot rely on it to infer what view of the datastructure is to be used. Add notation to specify if user wants to read/update the set.  Based on patch from Florian Westphal.	https://nvd.nist.gov/vuln/detail/CVE-2024-27017	filtered-vector-low-criticality: LOCAL scorev3<7
CVE-2024-27079	5.5	LOCAL	yes	In the Linux kernel, the following vulnerability has been resolved:  iommu/vt-d: Fix NULL domain on device release  In the kdump kernel, the IOMMU operates in deferred_attach mode. In this mode, info->domain may not yet be assigned by the time the release_device function is called. It leads to the following crash in the crash kernel:      BUG: kernel NULL pointer dereference, address: 000000000000003c     ...     RIP: 0010:do_raw_spin_lock+0xa/0xa0     ...     _raw_spin_lock_irqsave+0x1b/0x30     intel_iommu_release_device+0x96/0x170     iommu_deinit_device+0x39/0xf0     __iommu_group_remove_device+0xa0/0xd0     iommu_bus_notifier+0x55/0xb0     notifier_call_chain+0x5a/0xd0     blocking_notifier_call_chain+0x41/0x60     bus_notify+0x34/0x50     device_del+0x269/0x3d0     pci_remove_bus_device+0x77/0x100     p2sb_bar+0xae/0x1d0     ...     i801_probe+0x423/0x740  Use the release_domain mechanism to fix it. The scalable mode context entry which is not part of release domain should be cleared in release_device().	https://nvd.nist.gov/vuln/detail/CVE-2024-27079	filtered-vector-low-criticality: LOCAL scorev3<7
CVE-2024-35794	5.5	LOCAL	yes	In the Linux kernel, the following vulnerability has been resolved:  dm-raid: really frozen sync_thread during suspend  1) commit f52f5c71f3d4 ("md: fix stopping sync thread") remove    MD_RECOVERY_FROZEN from __md_stop_writes() and doesn't realize that    dm-raid relies on __md_stop_writes() to frozen sync_thread    indirectly. Fix this problem by adding MD_RECOVERY_FROZEN in    md_stop_writes(), and since stop_sync_thread() is only used for    dm-raid in this case, also move stop_sync_thread() to    md_stop_writes(). 2) The flag MD_RECOVERY_FROZEN doesn't mean that sync thread is frozen,    it only prevent new sync_thread to start, and it can't stop the    running sync thread; In order to frozen sync_thread, after seting the    flag, stop_sync_thread() should be used. 3) The flag MD_RECOVERY_FROZEN doesn't mean that writes are stopped, use    it as condition for md_stop_writes() in raid_postsuspend() doesn't    look correct. Consider that reentrant stop_sync_thread() do nothing,    always call md_stop_writes() in raid_postsuspend(). 4) raid_message can set/clear the flag MD_RECOVERY_FROZEN at anytime,    and if MD_RECOVERY_FROZEN is cleared while the array is suspended,    new sync_thread can start unexpected. Fix this by disallow    raid_message() to change sync_thread status during suspend.  Note that after commit f52f5c71f3d4 ("md: fix stopping sync thread"), the test shell/lvconvert-raid-reshape.sh start to hang in stop_sync_thread(), and with previous fixes, the test won't hang there anymore, however, the test will still fail and complain that ext4 is corrupted. And with this patch, the test won't hang due to stop_sync_thread() or fail due to ext4 is corrupted anymore. However, there is still a deadlock related to dm-raid456 that will be fixed in following patches.	https://nvd.nist.gov/vuln/detail/CVE-2024-35794	filtered-vector-low-criticality: LOCAL scorev3<7
CVE-2024-35808	5.5	LOCAL	yes	In the Linux kernel, the following vulnerability has been resolved:  md/dm-raid: don't call md_reap_sync_thread() directly  Currently md_reap_sync_thread() is called from raid_message() directly without holding 'reconfig_mutex', this is definitely unsafe because md_reap_sync_thread() can change many fields that is protected by 'reconfig_mutex'.  However, hold 'reconfig_mutex' here is still problematic because this will cause deadlock, for example, commit 130443d60b1b ("md: refactor idle/frozen_sync_thread() to fix deadlock").  Fix this problem by using stop_sync_thread() to unregister sync_thread, like md/raid did.	https://nvd.nist.gov/vuln/detail/CVE-2024-35808	filtered-vector-low-criticality: LOCAL scorev3<7
CVE-2024-35843	6.8	LOCAL	yes	In the Linux kernel, the following vulnerability has been resolved:  iommu/vt-d: Use device rbtree in iopf reporting path  The existing I/O page fault handler currently locates the PCI device by calling pci_get_domain_bus_and_slot(). This function searches the list of all PCI devices until the desired device is found. To improve lookup efficiency, replace it with device_rbtree_find() to search the device within the probed device rbtree.  The I/O page fault is initiated by the device, which does not have any synchronization mechanism with the software to ensure that the device stays in the probed device tree. Theoretically, a device could be released by the IOMMU subsystem after device_rbtree_find() and before iopf_get_dev_fault_param(), which would cause a use-after-free problem.  Add a mutex to synchronize the I/O page fault reporting path and the IOMMU release device path. This lock doesn't introduce any performance overhead, as the conflict between I/O page fault reporting and device releasing is very rare.	https://nvd.nist.gov/vuln/detail/CVE-2024-35843	filtered-vector-low-criticality: LOCAL scorev3<7
CVE-2024-35931	5.5	LOCAL	yes	In the Linux kernel, the following vulnerability has been resolved:  drm/amdgpu: Skip do PCI error slot reset during RAS recovery  Why:     The PCI error slot reset maybe triggered after inject ue to UMC multi times, this     caused system hang.     [  557.371857] amdgpu 0000:af:00.0: amdgpu: GPU reset succeeded, trying to resume     [  557.373718] [drm] PCIE GART of 512M enabled.     [  557.373722] [drm] PTB located at 0x0000031FED700000     [  557.373788] [drm] VRAM is lost due to GPU reset!     [  557.373789] [drm] PSP is resuming...     [  557.547012] mlx5_core 0000:55:00.0: mlx5_pci_err_detected Device state = 1 pci_status: 0. Exit, result = 3, need reset     [  557.547067] [drm] PCI error: detected callback, state(1)!!     [  557.547069] [drm] No support for XGMI hive yet...     [  557.548125] mlx5_core 0000:55:00.0: mlx5_pci_slot_reset Device state = 1 pci_status: 0. Enter     [  557.607763] mlx5_core 0000:55:00.0: wait vital counter value 0x16b5b after 1 iterations     [  557.607777] mlx5_core 0000:55:00.0: mlx5_pci_slot_reset Device state = 1 pci_status: 1. Exit, err = 0, result = 5, recovered     [  557.610492] [drm] PCI error: slot reset callback!!     ...     [  560.689382] amdgpu 0000:3f:00.0: amdgpu: GPU reset(2) succeeded!     [  560.689546] amdgpu 0000:5a:00.0: amdgpu: GPU reset(2) succeeded!     [  560.689562] general protection fault, probably for non-canonical address 0x5f080b54534f611f: 0000 [#1] SMP NOPTI     [  560.701008] CPU: 16 PID: 2361 Comm: kworker/u448:9 Tainted: G           OE     5.15.0-91-generic #101-Ubuntu     [  560.712057] Hardware name: Microsoft C278A/C278A, BIOS C2789.5.BS.1C11.AG.1 11/08/2023     [  560.720959] Workqueue: amdgpu-reset-hive amdgpu_ras_do_recovery [amdgpu]     [  560.728887] RIP: 0010:amdgpu_device_gpu_recover.cold+0xbf1/0xcf5 [amdgpu]     [  560.736891] Code: ff 41 89 c6 e9 1b ff ff ff 44 0f b6 45 b0 e9 4f ff ff ff be 01 00 00 00 4c 89 e7 e8 76 c9 8b ff 44 0f b6 45 b0 e9 3c fd ff ff <48> 83 ba 18 02 00 00 00 0f 84 6a f8 ff ff 48 8d 7a 78 be 01 00 00     [  560.757967] RSP: 0018:ffa0000032e53d80 EFLAGS: 00010202     [  560.763848] RAX: ffa00000001dfd10 RBX: ffa0000000197090 RCX: ffa0000032e53db0     [  560.771856] RDX: 5f080b54534f5f07 RSI: 0000000000000000 RDI: ff11000128100010     [  560.779867] RBP: ffa0000032e53df0 R08: 0000000000000000 R09: ffffffffffe77f08     [  560.787879] R10: 0000000000ffff0a R11: 0000000000000001 R12: 0000000000000000     [  560.795889] R13: ffa0000032e53e00 R14: 0000000000000000 R15: 0000000000000000     [  560.803889] FS:  0000000000000000(0000) GS:ff11007e7e800000(0000) knlGS:0000000000000000     [  560.812973] CS:  0010 DS: 0000 ES: 0000 CR0: 0000000080050033     [  560.819422] CR2: 000055a04c118e68 CR3: 0000000007410005 CR4: 0000000000771ee0     [  560.827433] DR0: 0000000000000000 DR1: 0000000000000000 DR2: 0000000000000000     [  560.835433] DR3: 0000000000000000 DR6: 00000000fffe07f0 DR7: 0000000000000400     [  560.843444] PKRU: 55555554     [  560.846480] Call Trace:     [  560.849225]  <TASK>     [  560.851580]  ? show_trace_log_lvl+0x1d6/0x2ea     [  560.856488]  ? show_trace_log_lvl+0x1d6/0x2ea     [  560.861379]  ? amdgpu_ras_do_recovery+0x1b2/0x210 [amdgpu]     [  560.867778]  ? show_regs.part.0+0x23/0x29     [  560.872293]  ? __die_body.cold+0x8/0xd     [  560.876502]  ? die_addr+0x3e/0x60     [  560.880238]  ? exc_general_protection+0x1c5/0x410     [  560.885532]  ? asm_exc_general_protection+0x27/0x30     [  560.891025]  ? amdgpu_device_gpu_recover.cold+0xbf1/0xcf5 [amdgpu]     [  560.898323]  amdgpu_ras_do_recovery+0x1b2/0x210 [amdgpu]     [  560.904520]  process_one_work+0x228/0x3d0 How:     In RAS recovery, mode-1 reset is issued from RAS fatal error handling and expected     all the nodes in a hive to be reset. no need to issue another mode-1 during this procedure.	https://nvd.nist.gov/vuln/detail/CVE-2024-35931	filtered-vector-low-criticality: LOCAL scorev3<7
CVE-2024-35968	5.5	LOCAL	yes	In the Linux kernel, the following vulnerability has been resolved:  pds_core: Fix pdsc_check_pci_health function to use work thread  When the driver notices fw_status == 0xff it tries to perform a PCI reset on itself via pci_reset_function() in the context of the driver's health thread. However, pdsc_reset_prepare calls pdsc_stop_health_thread(), which attempts to stop/flush the health thread. This results in a deadlock because the stop/flush will never complete since the driver called pci_reset_function() from the health thread context. Fix by changing the pdsc_check_pci_health_function() to queue a newly introduced pdsc_pci_reset_thread() on the pdsc's work queue.  Unloading the driver in the fw_down/dead state uncovered another issue, which can be seen in the following trace:  WARNING: CPU: 51 PID: 6914 at kernel/workqueue.c:1450 __queue_work+0x358/0x440 [...] RIP: 0010:__queue_work+0x358/0x440 [...] Call Trace:  <TASK>  ? __warn+0x85/0x140  ? __queue_work+0x358/0x440  ? report_bug+0xfc/0x1e0  ? handle_bug+0x3f/0x70  ? exc_invalid_op+0x17/0x70  ? asm_exc_invalid_op+0x1a/0x20  ? __queue_work+0x358/0x440  queue_work_on+0x28/0x30  pdsc_devcmd_locked+0x96/0xe0 [pds_core]  pdsc_devcmd_reset+0x71/0xb0 [pds_core]  pdsc_teardown+0x51/0xe0 [pds_core]  pdsc_remove+0x106/0x200 [pds_core]  pci_device_remove+0x37/0xc0  device_release_driver_internal+0xae/0x140  driver_detach+0x48/0x90  bus_remove_driver+0x6d/0xf0  pci_unregister_driver+0x2e/0xa0  pdsc_cleanup_module+0x10/0x780 [pds_core]  __x64_sys_delete_module+0x142/0x2b0  ? syscall_trace_enter.isra.18+0x126/0x1a0  do_syscall_64+0x3b/0x90  entry_SYSCALL_64_after_hwframe+0x72/0xdc RIP: 0033:0x7fbd9d03a14b [...]  Fix this by preventing the devcmd reset if the FW is not running.	https://nvd.nist.gov/vuln/detail/CVE-2024-35968	filtered-vector-low-criticality: LOCAL scorev3<7
CVE-2024-36024	4.7	LOCAL	yes	In the Linux kernel, the following vulnerability has been resolved:  drm/amd/display: Disable idle reallow as part of command/gpint execution  [Why] Workaroud for a race condition where DMCUB is in the process of committing to IPS1 during the handshake causing us to miss the transition into IPS2 and touch the INBOX1 RPTR causing a HW hang.  [How] Disable the reallow to ensure that we have enough of a gap between entry and exit and we're not seeing back-to-back wake_and_executes.	https://nvd.nist.gov/vuln/detail/CVE-2024-36024	filtered-vector-low-criticality: LOCAL scorev3<7
CVE-2024-36288	5.5	LOCAL	yes	In the Linux kernel, the following vulnerability has been resolved:  SUNRPC: Fix loop termination condition in gss_free_in_token_pages()  The in_token->pages[] array is not NULL terminated. This results in the following KASAN splat:    KASAN: maybe wild-memory-access in range [0x04a2013400000008-0x04a201340000000f]	https://nvd.nist.gov/vuln/detail/CVE-2024-36288	filtered-vector-low-criticality: LOCAL scorev3<7
CVE-2024-36478	5.5	LOCAL	yes	In the Linux kernel, the following vulnerability has been resolved:  null_blk: fix null-ptr-dereference while configuring 'power' and 'submit_queues'  Writing 'power' and 'submit_queues' concurrently will trigger kernel panic:  Test script:  modprobe null_blk nr_devices=0 mkdir -p /sys/kernel/config/nullb/nullb0 while true; do echo 1 > submit_queues; echo 4 > submit_queues; done & while true; do echo 1 > power; echo 0 > power; done  Test result:  BUG: kernel NULL pointer dereference, address: 0000000000000148 Oops: 0000 [#1] PREEMPT SMP RIP: 0010:__lock_acquire+0x41d/0x28f0 Call Trace:  <TASK>  lock_acquire+0x121/0x450  down_write+0x5f/0x1d0  simple_recursive_removal+0x12f/0x5c0  blk_mq_debugfs_unregister_hctxs+0x7c/0x100  blk_mq_update_nr_hw_queues+0x4a3/0x720  nullb_update_nr_hw_queues+0x71/0xf0 [null_blk]  nullb_device_submit_queues_store+0x79/0xf0 [null_blk]  configfs_write_iter+0x119/0x1e0  vfs_write+0x326/0x730  ksys_write+0x74/0x150  This is because del_gendisk() can concurrent with blk_mq_update_nr_hw_queues():  nullb_device_power_store	nullb_apply_submit_queues  null_del_dev  del_gendisk 				 nullb_update_nr_hw_queues 				  if (!dev->nullb) 				  // still set while gendisk is deleted 				   return 0 				  blk_mq_update_nr_hw_queues  dev->nullb = NULL  Fix this problem by resuing the global mutex to protect nullb_device_power_store() and nullb_update_nr_hw_queues() from configfs.	https://nvd.nist.gov/vuln/detail/CVE-2024-36478	filtered-vector-low-criticality: LOCAL scorev3<7
CVE-2024-38595	5.5	LOCAL	yes	In the Linux kernel, the following vulnerability has been resolved:  net/mlx5: Fix peer devlink set for SF representor devlink port  The cited patch change register devlink flow, and neglect to reflect the changes for peer devlink set logic. Peer devlink set is triggering a call trace if done after devl_register.[1]  Hence, align peer devlink set logic with register devlink flow.  [1] WARNING: CPU: 4 PID: 3394 at net/devlink/core.c:155 devlink_rel_nested_in_add+0x177/0x180 CPU: 4 PID: 3394 Comm: kworker/u40:1 Not tainted 6.9.0-rc4_for_linust_min_debug_2024_04_16_14_08 #1 Hardware name: QEMU Standard PC (Q35 + ICH9, 2009), BIOS rel-1.13.0-0-gf21b5a4aeb02-prebuilt.qemu.org 04/01/2014 Workqueue: mlx5_vhca_event0 mlx5_vhca_state_work_handler [mlx5_core] RIP: 0010:devlink_rel_nested_in_add+0x177/0x180 Call Trace:  <TASK>  ? __warn+0x78/0x120  ? devlink_rel_nested_in_add+0x177/0x180  ? report_bug+0x16d/0x180  ? handle_bug+0x3c/0x60  ? exc_invalid_op+0x14/0x70  ? asm_exc_invalid_op+0x16/0x20  ? devlink_port_init+0x30/0x30  ? devlink_port_type_clear+0x50/0x50  ? devlink_rel_nested_in_add+0x177/0x180  ? devlink_rel_nested_in_add+0xdd/0x180  mlx5_sf_mdev_event+0x74/0xb0 [mlx5_core]  notifier_call_chain+0x35/0xb0  blocking_notifier_call_chain+0x3d/0x60  mlx5_blocking_notifier_call_chain+0x22/0x30 [mlx5_core]  mlx5_sf_dev_probe+0x185/0x3e0 [mlx5_core]  auxiliary_bus_probe+0x38/0x80  ? driver_sysfs_add+0x51/0x80  really_probe+0xc5/0x3a0  ? driver_probe_device+0x90/0x90  __driver_probe_device+0x80/0x160  driver_probe_device+0x1e/0x90  __device_attach_driver+0x7d/0x100  bus_for_each_drv+0x80/0xd0  __device_attach+0xbc/0x1f0  bus_probe_device+0x86/0xa0  device_add+0x64f/0x860  __auxiliary_device_add+0x3b/0xa0  mlx5_sf_dev_add+0x139/0x330 [mlx5_core]  mlx5_sf_dev_state_change_handler+0x1e4/0x250 [mlx5_core]  notifier_call_chain+0x35/0xb0  blocking_notifier_call_chain+0x3d/0x60  mlx5_vhca_state_work_handler+0x151/0x200 [mlx5_core]  process_one_work+0x13f/0x2e0  worker_thread+0x2bd/0x3c0  ? rescuer_thread+0x410/0x410  kthread+0xc4/0xf0  ? kthread_complete_and_exit+0x20/0x20  ret_from_fork+0x2d/0x50  ? kthread_complete_and_exit+0x20/0x20  ret_from_fork_asm+0x11/0x20  </TASK>	https://nvd.nist.gov/vuln/detail/CVE-2024-38595	filtered-vector-low-criticality: LOCAL scorev3<7
CVE-2024-38608	5.5	LOCAL	yes	In the Linux kernel, the following vulnerability has been resolved:  net/mlx5e: Fix netif state handling  mlx5e_suspend cleans resources only if netif_device_present() returns true. However, mlx5e_resume changes the state of netif, via mlx5e_nic_enable, only if reg_state == NETREG_REGISTERED. In the below case, the above leads to NULL-ptr Oops[1] and memory leaks:  mlx5e_probe  _mlx5e_resume   mlx5e_attach_netdev    mlx5e_nic_enable  <-- netdev not reg, not calling netif_device_attach()   register_netdev <-- failed for some reason. ERROR_FLOW:  _mlx5e_suspend <-- netif_device_present return false, resources aren't freed :(  Hence, clean resources in this case as well.  [1] BUG: kernel NULL pointer dereference, address: 0000000000000000 PGD 0 P4D 0 Oops: 0010 [#1] SMP CPU: 2 PID: 9345 Comm: test-ovs-ct-gen Not tainted 6.5.0_for_upstream_min_debug_2023_09_05_16_01 #1 Hardware name: QEMU Standard PC (Q35 + ICH9, 2009), BIOS rel-1.13.0-0-gf21b5a4aeb02-prebuilt.qemu.org 04/01/2014 RIP: 0010:0x0 Code: Unable to access opcode bytes at0xffffffffffffffd6. RSP: 0018:ffff888178aaf758 EFLAGS: 00010246 Call Trace:  <TASK>  ? __die+0x20/0x60  ? page_fault_oops+0x14c/0x3c0  ? exc_page_fault+0x75/0x140  ? asm_exc_page_fault+0x22/0x30  notifier_call_chain+0x35/0xb0  blocking_notifier_call_chain+0x3d/0x60  mlx5_blocking_notifier_call_chain+0x22/0x30 [mlx5_core]  mlx5_core_uplink_netdev_event_replay+0x3e/0x60 [mlx5_core]  mlx5_mdev_netdev_track+0x53/0x60 [mlx5_ib]  mlx5_ib_roce_init+0xc3/0x340 [mlx5_ib]  __mlx5_ib_add+0x34/0xd0 [mlx5_ib]  mlx5r_probe+0xe1/0x210 [mlx5_ib]  ? auxiliary_match_id+0x6a/0x90  auxiliary_bus_probe+0x38/0x80  ? driver_sysfs_add+0x51/0x80  really_probe+0xc9/0x3e0  ? driver_probe_device+0x90/0x90  __driver_probe_device+0x80/0x160  driver_probe_device+0x1e/0x90  __device_attach_driver+0x7d/0x100  bus_for_each_drv+0x80/0xd0  __device_attach+0xbc/0x1f0  bus_probe_device+0x86/0xa0  device_add+0x637/0x840  __auxiliary_device_add+0x3b/0xa0  add_adev+0xc9/0x140 [mlx5_core]  mlx5_rescan_drivers_locked+0x22a/0x310 [mlx5_core]  mlx5_register_device+0x53/0xa0 [mlx5_core]  mlx5_init_one_devl_locked+0x5c4/0x9c0 [mlx5_core]  mlx5_init_one+0x3b/0x60 [mlx5_core]  probe_one+0x44c/0x730 [mlx5_core]  local_pci_probe+0x3e/0x90  pci_device_probe+0xbf/0x210  ? kernfs_create_link+0x5d/0xa0  ? sysfs_do_create_link_sd+0x60/0xc0  really_probe+0xc9/0x3e0  ? driver_probe_device+0x90/0x90  __driver_probe_device+0x80/0x160  driver_probe_device+0x1e/0x90  __device_attach_driver+0x7d/0x100  bus_for_each_drv+0x80/0xd0  __device_attach+0xbc/0x1f0  pci_bus_add_device+0x54/0x80  pci_iov_add_virtfn+0x2e6/0x320  sriov_enable+0x208/0x420  mlx5_core_sriov_configure+0x9e/0x200 [mlx5_core]  sriov_numvfs_store+0xae/0x1a0  kernfs_fop_write_iter+0x10c/0x1a0  vfs_write+0x291/0x3c0  ksys_write+0x5f/0xe0  do_syscall_64+0x3d/0x90  entry_SYSCALL_64_after_hwframe+0x46/0xb0  CR2: 0000000000000000  ---[ end trace 0000000000000000  ]---	https://nvd.nist.gov/vuln/detail/CVE-2024-38608	filtered-vector-low-criticality: LOCAL scorev3<7
CVE-2024-39472	5.5	LOCAL	yes	In the Linux kernel, the following vulnerability has been resolved:  xfs: fix log recovery buffer allocation for the legacy h_size fixup  Commit a70f9fe52daa ("xfs: detect and handle invalid iclog size set by mkfs") added a fixup for incorrect h_size values used for the initial umount record in old xfsprogs versions.  Later commit 0c771b99d6c9 ("xfs: clean up calculation of LR header blocks") cleaned up the log reover buffer calculation, but stoped using the fixed up h_size value to size the log recovery buffer, which can lead to an out of bounds access when the incorrect h_size does not come from the old mkfs tool, but a fuzzer.  Fix this by open coding xlog_logrec_hblks and taking the fixed h_size into account for this calculation.	https://nvd.nist.gov/vuln/detail/CVE-2024-39472	filtered-vector-low-criticality: LOCAL scorev3<7
CVE-2024-40965	5.5	LOCAL	yes	In the Linux kernel, the following vulnerability has been resolved:  i2c: lpi2c: Avoid calling clk_get_rate during transfer  Instead of repeatedly calling clk_get_rate for each transfer, lock the clock rate and cache the value. A deadlock has been observed while adding tlv320aic32x4 audio codec to the system. When this clock provider adds its clock, the clk mutex is locked already, it needs to access i2c, which in return needs the mutex for clk_get_rate as well.	https://nvd.nist.gov/vuln/detail/CVE-2024-40965	filtered-vector-low-criticality: LOCAL scorev3<7
CVE-2024-40979	5.5	LOCAL	yes	In the Linux kernel, the following vulnerability has been resolved:  wifi: ath12k: fix kernel crash during resume  Currently during resume, QMI target memory is not properly handled, resulting in kernel crash in case DMA remap is not supported:  BUG: Bad page state in process kworker/u16:54  pfn:36e80 page: refcount:1 mapcount:0 mapping:0000000000000000 index:0x0 pfn:0x36e80 page dumped because: nonzero _refcount Call Trace:  bad_page  free_page_is_bad_report  __free_pages_ok  __free_pages  dma_direct_free  dma_free_attrs  ath12k_qmi_free_target_mem_chunk  ath12k_qmi_msg_mem_request_cb  The reason is: Once ath12k module is loaded, firmware sends memory request to host. In case DMA remap not supported, ath12k refuses the first request due to failure in allocating with large segment size:  ath12k_pci 0000:04:00.0: qmi firmware request memory request ath12k_pci 0000:04:00.0: qmi mem seg type 1 size 7077888 ath12k_pci 0000:04:00.0: qmi mem seg type 4 size 8454144 ath12k_pci 0000:04:00.0: qmi dma allocation failed (7077888 B type 1), will try later with small size ath12k_pci 0000:04:00.0: qmi delays mem_request 2 ath12k_pci 0000:04:00.0: qmi firmware request memory request  Later firmware comes back with more but small segments and allocation succeeds:  ath12k_pci 0000:04:00.0: qmi mem seg type 1 size 524288 ath12k_pci 0000:04:00.0: qmi mem seg type 1 size 524288 ath12k_pci 0000:04:00.0: qmi mem seg type 1 size 524288 ath12k_pci 0000:04:00.0: qmi mem seg type 1 size 524288 ath12k_pci 0000:04:00.0: qmi mem seg type 1 size 524288 ath12k_pci 0000:04:00.0: qmi mem seg type 1 size 524288 ath12k_pci 0000:04:00.0: qmi mem seg type 1 size 524288 ath12k_pci 0000:04:00.0: qmi mem seg type 1 size 262144 ath12k_pci 0000:04:00.0: qmi mem seg type 1 size 524288 ath12k_pci 0000:04:00.0: qmi mem seg type 1 size 524288 ath12k_pci 0000:04:00.0: qmi mem seg type 1 size 524288 ath12k_pci 0000:04:00.0: qmi mem seg type 1 size 524288 ath12k_pci 0000:04:00.0: qmi mem seg type 1 size 524288 ath12k_pci 0000:04:00.0: qmi mem seg type 4 size 524288 ath12k_pci 0000:04:00.0: qmi mem seg type 4 size 524288 ath12k_pci 0000:04:00.0: qmi mem seg type 4 size 524288 ath12k_pci 0000:04:00.0: qmi mem seg type 4 size 524288 ath12k_pci 0000:04:00.0: qmi mem seg type 4 size 524288 ath12k_pci 0000:04:00.0: qmi mem seg type 4 size 524288 ath12k_pci 0000:04:00.0: qmi mem seg type 4 size 524288 ath12k_pci 0000:04:00.0: qmi mem seg type 4 size 524288 ath12k_pci 0000:04:00.0: qmi mem seg type 4 size 524288 ath12k_pci 0000:04:00.0: qmi mem seg type 4 size 524288 ath12k_pci 0000:04:00.0: qmi mem seg type 4 size 524288 ath12k_pci 0000:04:00.0: qmi mem seg type 4 size 524288 ath12k_pci 0000:04:00.0: qmi mem seg type 4 size 524288 ath12k_pci 0000:04:00.0: qmi mem seg type 4 size 524288 ath12k_pci 0000:04:00.0: qmi mem seg type 4 size 524288 ath12k_pci 0000:04:00.0: qmi mem seg type 4 size 524288 ath12k_pci 0000:04:00.0: qmi mem seg type 4 size 65536 ath12k_pci 0000:04:00.0: qmi mem seg type 1 size 524288  Now ath12k is working. If suspend is triggered, firmware will be reloaded during resume. As same as before, firmware requests two large segments at first. In ath12k_qmi_msg_mem_request_cb() segment count and size are assigned:  	ab->qmi.mem_seg_count == 2 	ab->qmi.target_mem[0].size == 7077888 	ab->qmi.target_mem[1].size == 8454144  Then allocation failed like before and ath12k_qmi_free_target_mem_chunk() is called to free all allocated segments. Note the first segment is skipped because its v.addr is cleared due to allocation failure:  	chunk->v.addr = dma_alloc_coherent()  Also note that this leaks that segment because it has not been freed.  While freeing the second segment, a size of 8454144 is passed to dma_free_coherent(). However remember that this segment is allocated at the first time firmware is loaded, before suspend. So its real size is 524288, much smaller than 8454144. As a result kernel found we are freeing some memory which is in use and thus cras ---truncated---	https://nvd.nist.gov/vuln/detail/CVE-2024-40979	filtered-vector-low-criticality: LOCAL scorev3<7
CVE-2024-40999	5.5	LOCAL	yes	In the Linux kernel, the following vulnerability has been resolved:  net: ena: Add validation for completion descriptors consistency  Validate that `first` flag is set only for the first descriptor in multi-buffer packets. In case of an invalid descriptor, a reset will occur. A new reset reason for RX data corruption has been added.	https://nvd.nist.gov/vuln/detail/CVE-2024-40999	filtered-vector-low-criticality: LOCAL scorev3<7
CVE-2024-41008	5.5	LOCAL	yes	In the Linux kernel, the following vulnerability has been resolved:  drm/amdgpu: change vm->task_info handling  This patch changes the handling and lifecycle of vm->task_info object. The major changes are: - vm->task_info is a dynamically allocated ptr now, and its uasge is   reference counted. - introducing two new helper funcs for task_info lifecycle management     - amdgpu_vm_get_task_info: reference counts up task_info before       returning this info     - amdgpu_vm_put_task_info: reference counts down task_info - last put to task_info() frees task_info from the vm.  This patch also does logistical changes required for existing usage of vm->task_info.  V2: Do not block all the prints when task_info not found (Felix)  V3: Fixed review comments from Felix    - Fix wrong indentation    - No debug message for -ENOMEM    - Add NULL check for task_info    - Do not duplicate the debug messages (ti vs no ti)    - Get first reference of task_info in vm_init(), put last      in vm_fini()  V4: Fixed review comments from Felix    - fix double reference increment in create_task_info    - change amdgpu_vm_get_task_info_pasid    - additional changes in amdgpu_gem.c while porting	https://nvd.nist.gov/vuln/detail/CVE-2024-41008	filtered-vector-low-criticality: LOCAL scorev3<7
CVE-2024-41023	5.5	LOCAL	yes	In the Linux kernel, the following vulnerability has been resolved:  sched/deadline: Fix task_struct reference leak  During the execution of the following stress test with linux-rt:  stress-ng --cyclic 30 --timeout 30 --minimize --quiet  kmemleak frequently reported a memory leak concerning the task_struct:  unreferenced object 0xffff8881305b8000 (size 16136):   comm "stress-ng", pid 614, jiffies 4294883961 (age 286.412s)   object hex dump (first 32 bytes):     02 40 00 00 00 00 00 00 00 00 00 00 00 00 00 00  .@..............     00 00 00 00 00 00 00 00 00 00 00 00 00 00 00 00  ................   debug hex dump (first 16 bytes):     53 09 00 00 00 00 00 00 00 00 00 00 00 00 00 00  S...............   backtrace:     [<00000000046b6790>] dup_task_struct+0x30/0x540     [<00000000c5ca0f0b>] copy_process+0x3d9/0x50e0     [<00000000ced59777>] kernel_clone+0xb0/0x770     [<00000000a50befdc>] __do_sys_clone+0xb6/0xf0     [<000000001dbf2008>] do_syscall_64+0x5d/0xf0     [<00000000552900ff>] entry_SYSCALL_64_after_hwframe+0x6e/0x76  The issue occurs in start_dl_timer(), which increments the task_struct reference count and sets a timer. The timer callback, dl_task_timer, is supposed to decrement the reference count upon expiration. However, if enqueue_task_dl() is called before the timer expires and cancels it, the reference count is not decremented, leading to the leak.  This patch fixes the reference leak by ensuring the task_struct reference count is properly decremented when the timer is canceled.	https://nvd.nist.gov/vuln/detail/CVE-2024-41023	filtered-vector-low-criticality: LOCAL scorev3<7
CVE-2024-41067	5.5	LOCAL	yes	In the Linux kernel, the following vulnerability has been resolved:  btrfs: scrub: handle RST lookup error correctly  [BUG] When running btrfs/060 with forced RST feature, it would crash the following ASSERT() inside scrub_read_endio():  	ASSERT(sector_nr < stripe->nr_sectors);  Before that, we would have tree dump from btrfs_get_raid_extent_offset(), as we failed to find the RST entry for the range.  [CAUSE] Inside scrub_submit_extent_sector_read() every time we allocated a new bbio we immediately called btrfs_map_block() to make sure there was some RST range covering the scrub target.  But if btrfs_map_block() fails, we immediately call endio for the bbio, while the bbio is newly allocated, it's completely empty.  Then inside scrub_read_endio(), we go through the bvecs to find the sector number (as bi_sector is no longer reliable if the bio is submitted to lower layers).  And since the bio is empty, such bvecs iteration would not find any sector matching the sector, and return sector_nr == stripe->nr_sectors, triggering the ASSERT().  [FIX] Instead of calling btrfs_map_block() after allocating a new bbio, call btrfs_map_block() first.  Since our only objective of calling btrfs_map_block() is only to update stripe_len, there is really no need to do that after btrfs_alloc_bio().  This new timing would avoid the problem of handling empty bbio completely, and in fact fixes a possible race window for the old code, where if the submission thread is the only owner of the pending_io, the scrub would never finish (since we didn't decrease the pending_io counter).  Although the root cause of RST lookup failure still needs to be addressed.	https://nvd.nist.gov/vuln/detail/CVE-2024-41067	filtered-vector-low-criticality: LOCAL scorev3<7
CVE-2024-41080	5.5	LOCAL	yes	In the Linux kernel, the following vulnerability has been resolved:  io_uring: fix possible deadlock in io_register_iowq_max_workers()  The io_register_iowq_max_workers() function calls io_put_sq_data(), which acquires the sqd->lock without releasing the uring_lock. Similar to the commit 009ad9f0c6ee ("io_uring: drop ctx->uring_lock before acquiring sqd->lock"), this can lead to a potential deadlock situation.  To resolve this issue, the uring_lock is released before calling io_put_sq_data(), and then it is re-acquired after the function call.  This change ensures that the locks are acquired in the correct order, preventing the possibility of a deadlock.	https://nvd.nist.gov/vuln/detail/CVE-2024-41080	filtered-vector-low-criticality: LOCAL scorev3<7
CVE-2024-41082	5.5	LOCAL	yes	In the Linux kernel, the following vulnerability has been resolved:  nvme-fabrics: use reserved tag for reg read/write command  In some scenarios, if too many commands are issued by nvme command in the same time by user tasks, this may exhaust all tags of admin_q. If a reset (nvme reset or IO timeout) occurs before these commands finish, reconnect routine may fail to update nvme regs due to insufficient tags, which will cause kernel hang forever. In order to workaround this issue, maybe we can let reg_read32()/reg_read64()/reg_write32() use reserved tags. This maybe safe for nvmf:  1. For the disable ctrl path,  we will not issue connect command 2. For the enable ctrl / fw activate path, since connect and reg_xx()    are called serially.  So the reserved tags may still be enough while reg_xx() use reserved tags.	https://nvd.nist.gov/vuln/detail/CVE-2024-41082	filtered-vector-low-criticality: LOCAL scorev3<7
CVE-2024-41085	5.5	LOCAL	yes	In the Linux kernel, the following vulnerability has been resolved:  cxl/mem: Fix no cxl_nvd during pmem region auto-assembling  When CXL subsystem is auto-assembling a pmem region during cxl endpoint port probing, always hit below calltrace.   BUG: kernel NULL pointer dereference, address: 0000000000000078  #PF: supervisor read access in kernel mode  #PF: error_code(0x0000) - not-present page  RIP: 0010:cxl_pmem_region_probe+0x22e/0x360 [cxl_pmem]  Call Trace:   <TASK>   ? __die+0x24/0x70   ? page_fault_oops+0x82/0x160   ? do_user_addr_fault+0x65/0x6b0   ? exc_page_fault+0x7d/0x170   ? asm_exc_page_fault+0x26/0x30   ? cxl_pmem_region_probe+0x22e/0x360 [cxl_pmem]   ? cxl_pmem_region_probe+0x1ac/0x360 [cxl_pmem]   cxl_bus_probe+0x1b/0x60 [cxl_core]   really_probe+0x173/0x410   ? __pfx___device_attach_driver+0x10/0x10   __driver_probe_device+0x80/0x170   driver_probe_device+0x1e/0x90   __device_attach_driver+0x90/0x120   bus_for_each_drv+0x84/0xe0   __device_attach+0xbc/0x1f0   bus_probe_device+0x90/0xa0   device_add+0x51c/0x710   devm_cxl_add_pmem_region+0x1b5/0x380 [cxl_core]   cxl_bus_probe+0x1b/0x60 [cxl_core]  The cxl_nvd of the memdev needs to be available during the pmem region probe. Currently the cxl_nvd is registered after the endpoint port probe. The endpoint probe, in the case of autoassembly of regions, can cause a pmem region probe requiring the not yet available cxl_nvd. Adjust the sequence so this dependency is met.  This requires adding a port parameter to cxl_find_nvdimm_bridge() that can be used to query the ancestor root port. The endpoint port is not yet available, but will share a common ancestor with its parent, so start the query from there instead.	https://nvd.nist.gov/vuln/detail/CVE-2024-41085	filtered-vector-low-criticality: LOCAL scorev3<7
CVE-2024-41932	5.5	LOCAL	yes	In the Linux kernel, the following vulnerability has been resolved:  sched: fix warning in sched_setaffinity  Commit 8f9ea86fdf99b added some logic to sched_setaffinity that included a WARN when a per-task affinity assignment races with a cpuset update.  Specifically, we can have a race where a cpuset update results in the task affinity no longer being a subset of the cpuset. That's fine; we have a fallback to instead use the cpuset mask. However, we have a WARN set up that will trigger if the cpuset mask has no overlap at all with the requested task affinity. This shouldn't be a warning condition; its trivial to create this condition.  Reproduced the warning by the following setup:  - $PID inside a cpuset cgroup - another thread repeatedly switching the cpuset cpus from 1-2 to just 1 - another thread repeatedly setting the $PID affinity (via taskset) to 2	https://nvd.nist.gov/vuln/detail/CVE-2024-41932	filtered-vector-low-criticality: LOCAL scorev3<7
CVE-2024-42064	5.5	LOCAL	yes	In the Linux kernel, the following vulnerability has been resolved:  drm/amd/display: Skip pipe if the pipe idx not set properly  [why] Driver crashes when pipe idx not set properly  [how] Add code to skip the pipe that idx not set properly	https://nvd.nist.gov/vuln/detail/CVE-2024-42064	filtered-vector-low-criticality: LOCAL scorev3<7
CVE-2024-42065	5.5	LOCAL	yes	In the Linux kernel, the following vulnerability has been resolved:  drm/xe: Add a NULL check in xe_ttm_stolen_mgr_init  Add an explicit check to ensure that the mgr is not NULL.	https://nvd.nist.gov/vuln/detail/CVE-2024-42065	filtered-vector-low-criticality: LOCAL scorev3<7
CVE-2024-42066	5.5	LOCAL	yes	In the Linux kernel, the following vulnerability has been resolved:  drm/xe: Fix potential integer overflow in page size calculation  Explicitly cast tbo->page_alignment to u64 before bit-shifting to prevent overflow when assigning to min_page_size.	https://nvd.nist.gov/vuln/detail/CVE-2024-42066	filtered-vector-low-criticality: LOCAL scorev3<7
CVE-2024-42071	5.5	LOCAL	yes	In the Linux kernel, the following vulnerability has been resolved:  ionic: use dev_consume_skb_any outside of napi  If we're not in a NAPI softirq context, we need to be careful about how we call napi_consume_skb(), specifically we need to call it with budget==0 to signal to it that we're not in a safe context.  This was found while running some configuration stress testing of traffic and a change queue config loop running, and this curious note popped out:  [ 4371.402645] BUG: using smp_processor_id() in preemptible [00000000] code: ethtool/20545 [ 4371.402897] caller is napi_skb_cache_put+0x16/0x80 [ 4371.403120] CPU: 25 PID: 20545 Comm: ethtool Kdump: loaded Tainted: G           OE      6.10.0-rc3-netnext+ #8 [ 4371.403302] Hardware name: HPE ProLiant DL360 Gen10/ProLiant DL360 Gen10, BIOS U32 01/23/2021 [ 4371.403460] Call Trace: [ 4371.403613]  <TASK> [ 4371.403758]  dump_stack_lvl+0x4f/0x70 [ 4371.403904]  check_preemption_disabled+0xc1/0xe0 [ 4371.404051]  napi_skb_cache_put+0x16/0x80 [ 4371.404199]  ionic_tx_clean+0x18a/0x240 [ionic] [ 4371.404354]  ionic_tx_cq_service+0xc4/0x200 [ionic] [ 4371.404505]  ionic_tx_flush+0x15/0x70 [ionic] [ 4371.404653]  ? ionic_lif_qcq_deinit.isra.23+0x5b/0x70 [ionic] [ 4371.404805]  ionic_txrx_deinit+0x71/0x190 [ionic] [ 4371.404956]  ionic_reconfigure_queues+0x5f5/0xff0 [ionic] [ 4371.405111]  ionic_set_ringparam+0x2e8/0x3e0 [ionic] [ 4371.405265]  ethnl_set_rings+0x1f1/0x300 [ 4371.405418]  ethnl_default_set_doit+0xbb/0x160 [ 4371.405571]  genl_family_rcv_msg_doit+0xff/0x130 	[...]  I found that ionic_tx_clean() calls napi_consume_skb() which calls napi_skb_cache_put(), but before that last call is the note     /* Zero budget indicate non-NAPI context called us, like netpoll */ and     DEBUG_NET_WARN_ON_ONCE(!in_softirq());  Those are pretty big hints that we're doing it wrong.  We can pass a context hint down through the calls to let ionic_tx_clean() know what we're doing so it can call napi_consume_skb() correctly.	https://nvd.nist.gov/vuln/detail/CVE-2024-42071	filtered-vector-low-criticality: LOCAL scorev3<7
CVE-2024-42075	5.5	LOCAL	yes	In the Linux kernel, the following vulnerability has been resolved:  bpf: Fix remap of arena.  The bpf arena logic didn't account for mremap operation. Add a refcnt for multiple mmap events to prevent use-after-free in arena_vm_close.	https://nvd.nist.gov/vuln/detail/CVE-2024-42075	filtered-vector-low-criticality: LOCAL scorev3<7
CVE-2024-42078	5.5	LOCAL	yes	In the Linux kernel, the following vulnerability has been resolved:  nfsd: initialise nfsd_info.mutex early.  nfsd_info.mutex can be dereferenced by svc_pool_stats_start() immediately after the new netns is created.  Currently this can trigger an oops.  Move the initialisation earlier before it can possibly be dereferenced.	https://nvd.nist.gov/vuln/detail/CVE-2024-42078	filtered-vector-low-criticality: LOCAL scorev3<7
CVE-2024-42081	5.5	LOCAL	yes	In the Linux kernel, the following vulnerability has been resolved:  drm/xe/xe_devcoredump: Check NULL before assignments  Assign 'xe_devcoredump_snapshot *' and 'xe_device *' only if 'coredump' is not NULL.  v2 - Fix commit messages.  v3 - Define variables before code.(Ashutosh/Jose)  v4 - Drop return check for coredump_to_xe. (Jose/Rodrigo)  v5 - Modify misleading commit message. (Matt)	https://nvd.nist.gov/vuln/detail/CVE-2024-42081	filtered-vector-low-criticality: LOCAL scorev3<7
CVE-2024-42083	5.5	LOCAL	yes	In the Linux kernel, the following vulnerability has been resolved:  ionic: fix kernel panic due to multi-buffer handling  Currently, the ionic_run_xdp() doesn't handle multi-buffer packets properly for XDP_TX and XDP_REDIRECT. When a jumbo frame is received, the ionic_run_xdp() first makes xdp frame with all necessary pages in the rx descriptor. And if the action is either XDP_TX or XDP_REDIRECT, it should unmap dma-mapping and reset page pointer to NULL for all pages, not only the first page. But it doesn't for SG pages. So, SG pages unexpectedly will be reused. It eventually causes kernel panic.  Oops: general protection fault, probably for non-canonical address 0x504f4e4dbebc64ff: 0000 [#1] PREEMPT SMP NOPTI CPU: 3 PID: 0 Comm: swapper/3 Not tainted 6.10.0-rc3+ #25 RIP: 0010:xdp_return_frame+0x42/0x90 Code: 01 75 12 5b 4c 89 e6 5d 31 c9 41 5c 31 d2 41 5d e9 73 fd ff ff 44 8b 6b 20 0f b7 43 0a 49 81 ed 68 01 00 00 49 29 c5 49 01 fd <41> 80 7d0 RSP: 0018:ffff99d00122ce08 EFLAGS: 00010202 RAX: 0000000000005453 RBX: ffff8d325f904000 RCX: 0000000000000001 RDX: 00000000670e1000 RSI: 000000011f90d000 RDI: 504f4e4d4c4b4a49 RBP: ffff99d003907740 R08: 0000000000000000 R09: 0000000000000000 R10: 000000011f90d000 R11: 0000000000000000 R12: ffff8d325f904010 R13: 504f4e4dbebc64fd R14: ffff8d3242b070c8 R15: ffff99d0039077c0 FS:  0000000000000000(0000) GS:ffff8d399f780000(0000) knlGS:0000000000000000 CS:  0010 DS: 0000 ES: 0000 CR0: 0000000080050033 CR2: 00007f41f6c85e38 CR3: 000000037ac30000 CR4: 00000000007506f0 PKRU: 55555554 Call Trace:  <IRQ>  ? die_addr+0x33/0x90  ? exc_general_protection+0x251/0x2f0  ? asm_exc_general_protection+0x22/0x30  ? xdp_return_frame+0x42/0x90  ionic_tx_clean+0x211/0x280 [ionic 15881354510e6a9c655c59c54812b319ed2cd015]  ionic_tx_cq_service+0xd3/0x210 [ionic 15881354510e6a9c655c59c54812b319ed2cd015]  ionic_txrx_napi+0x41/0x1b0 [ionic 15881354510e6a9c655c59c54812b319ed2cd015]  __napi_poll.constprop.0+0x29/0x1b0  net_rx_action+0x2c4/0x350  handle_softirqs+0xf4/0x320  irq_exit_rcu+0x78/0xa0  common_interrupt+0x77/0x90	https://nvd.nist.gov/vuln/detail/CVE-2024-42083	filtered-vector-low-criticality: LOCAL scorev3<7
CVE-2024-42107	4.7	LOCAL	yes	In the Linux kernel, the following vulnerability has been resolved:  ice: Don't process extts if PTP is disabled  The ice_ptp_extts_event() function can race with ice_ptp_release() and result in a NULL pointer dereference which leads to a kernel panic.  Panic occurs because the ice_ptp_extts_event() function calls ptp_clock_event() with a NULL pointer. The ice driver has already released the PTP clock by the time the interrupt for the next external timestamp event occurs.  To fix this, modify the ice_ptp_extts_event() function to check the PTP state and bail early if PTP is not ready.	https://nvd.nist.gov/vuln/detail/CVE-2024-42107	filtered-vector-low-criticality: LOCAL scorev3<7
CVE-2024-42122	5.5	LOCAL	yes	In the Linux kernel, the following vulnerability has been resolved:  drm/amd/display: Add NULL pointer check for kzalloc  [Why & How] Check return pointer of kzalloc before using it.	https://nvd.nist.gov/vuln/detail/CVE-2024-42122	filtered-vector-low-criticality: LOCAL scorev3<7
CVE-2024-42123	4.4	LOCAL	yes	In the Linux kernel, the following vulnerability has been resolved:  drm/amdgpu: fix double free err_addr pointer warnings  In amdgpu_umc_bad_page_polling_timeout, the amdgpu_umc_handle_bad_pages will be run many times so that double free err_addr in some special case. So set the err_addr to NULL to avoid the warnings.	https://nvd.nist.gov/vuln/detail/CVE-2024-42123	filtered-vector-low-criticality: LOCAL scorev3<7
CVE-2024-42134	5.5	LOCAL	yes	In the Linux kernel, the following vulnerability has been resolved:  virtio-pci: Check if is_avq is NULL  [bug] In the virtio_pci_common.c function vp_del_vqs, vp_dev->is_avq is involved to determine whether it is admin virtqueue, but this function vp_dev->is_avq  may be empty. For installations, virtio_pci_legacy does not assign a value  to vp_dev->is_avq.  [fix] Check whether it is vp_dev->is_avq before use.  [test] Test with virsh Attach device Before this patch, the following command would crash the guest system  After applying the patch, everything seems to be working fine.	https://nvd.nist.gov/vuln/detail/CVE-2024-42134	filtered-vector-low-criticality: LOCAL scorev3<7
CVE-2024-42139	5.5	LOCAL	yes	In the Linux kernel, the following vulnerability has been resolved:  ice: Fix improper extts handling  Extts events are disabled and enabled by the application ts2phc. However, in case where the driver is removed when the application is running, a specific extts event remains enabled and can cause a kernel crash. As a side effect, when the driver is reloaded and application is started again, remaining extts event for the channel from a previous run will keep firing and the message "extts on unexpected channel" might be printed to the user.  To avoid that, extts events shall be disabled when PTP is released.	https://nvd.nist.gov/vuln/detail/CVE-2024-42139	filtered-vector-low-criticality: LOCAL scorev3<7
CVE-2024-42151	5.5	LOCAL	yes	In the Linux kernel, the following vulnerability has been resolved:  bpf: mark bpf_dummy_struct_ops.test_1 parameter as nullable  Test case dummy_st_ops/dummy_init_ret_value passes NULL as the first parameter of the test_1() function. Mark this parameter as nullable to make verifier aware of such possibility. Otherwise, NULL check in the test_1() code:        SEC("struct_ops/test_1")       int BPF_PROG(test_1, struct bpf_dummy_ops_state *state)       {             if (!state)                     return ...;              ... access state ...       }  Might be removed by verifier, thus triggering NULL pointer dereference under certain conditions.	https://nvd.nist.gov/vuln/detail/CVE-2024-42151	filtered-vector-low-criticality: LOCAL scorev3<7
CVE-2024-42155	1.9	LOCAL	yes	In the Linux kernel, the following vulnerability has been resolved:  s390/pkey: Wipe copies of protected- and secure-keys  Although the clear-key of neither protected- nor secure-keys is accessible, this key material should only be visible to the calling process. So wipe all copies of protected- or secure-keys from stack, even in case of an error.	https://nvd.nist.gov/vuln/detail/CVE-2024-42155	filtered-vector-low-criticality: LOCAL scorev3<7
CVE-2024-42156	4.1	LOCAL	yes	In the Linux kernel, the following vulnerability has been resolved:  s390/pkey: Wipe copies of clear-key structures on failure  Wipe all sensitive data from stack for all IOCTLs, which convert a clear-key into a protected- or secure-key.	https://nvd.nist.gov/vuln/detail/CVE-2024-42156	filtered-vector-low-criticality: LOCAL scorev3<7
CVE-2024-42158	4.1	LOCAL	yes	In the Linux kernel, the following vulnerability has been resolved:  s390/pkey: Use kfree_sensitive() to fix Coccinelle warnings  Replace memzero_explicit() and kfree() with kfree_sensitive() to fix warnings reported by Coccinelle:  WARNING opportunity for kfree_sensitive/kvfree_sensitive (line 1506) WARNING opportunity for kfree_sensitive/kvfree_sensitive (line 1643) WARNING opportunity for kfree_sensitive/kvfree_sensitive (line 1770)	https://nvd.nist.gov/vuln/detail/CVE-2024-42158	filtered-vector-low-criticality: LOCAL scorev3<7
CVE-2024-42227	4.7	LOCAL	yes	In the Linux kernel, the following vulnerability has been resolved:  drm/amd/display: Fix overlapping copy within dml_core_mode_programming  [WHY] &mode_lib->mp.Watermark and &locals->Watermark are the same address. memcpy may lead to unexpected behavior.  [HOW] memmove should be used.	https://nvd.nist.gov/vuln/detail/CVE-2024-42227	filtered-vector-low-criticality: LOCAL scorev3<7
CVE-2024-42252	5.5	LOCAL	yes	In the Linux kernel, the following vulnerability has been resolved:  closures: Change BUG_ON() to WARN_ON()  If a BUG_ON() can be hit in the wild, it shouldn't be a BUG_ON()  For reference, this has popped up once in the CI, and we'll need more info to debug it:  03240 ------------[ cut here ]------------ 03240 kernel BUG at lib/closure.c:21! 03240 kernel BUG at lib/closure.c:21! 03240 Internal error: Oops - BUG: 00000000f2000800 [#1] SMP 03240 Modules linked in: 03240 CPU: 15 PID: 40534 Comm: kworker/u80:1 Not tainted 6.10.0-rc4-ktest-ga56da69799bd #25570 03240 Hardware name: linux,dummy-virt (DT) 03240 Workqueue: btree_update btree_interior_update_work 03240 pstate: 00001005 (nzcv daif -PAN -UAO -TCO -DIT +SSBS BTYPE=--) 03240 pc : closure_put+0x224/0x2a0 03240 lr : closure_put+0x24/0x2a0 03240 sp : ffff0000d12071c0 03240 x29: ffff0000d12071c0 x28: dfff800000000000 x27: ffff0000d1207360 03240 x26: 0000000000000040 x25: 0000000000000040 x24: 0000000000000040 03240 x23: ffff0000c1f20180 x22: 0000000000000000 x21: ffff0000c1f20168 03240 x20: 0000000040000000 x19: ffff0000c1f20140 x18: 0000000000000001 03240 x17: 0000000000003aa0 x16: 0000000000003ad0 x15: 1fffe0001c326974 03240 x14: 0000000000000a1e x13: 0000000000000000 x12: 1fffe000183e402d 03240 x11: ffff6000183e402d x10: dfff800000000000 x9 : ffff6000183e402e 03240 x8 : 0000000000000001 x7 : 00009fffe7c1bfd3 x6 : ffff0000c1f2016b 03240 x5 : ffff0000c1f20168 x4 : ffff6000183e402e x3 : ffff800081391954 03240 x2 : 0000000000000001 x1 : 0000000000000000 x0 : 00000000a8000000 03240 Call trace: 03240  closure_put+0x224/0x2a0 03240  bch2_check_for_deadlock+0x910/0x1028 03240  bch2_six_check_for_deadlock+0x1c/0x30 03240  six_lock_slowpath.isra.0+0x29c/0xed0 03240  six_lock_ip_waiter+0xa8/0xf8 03240  __bch2_btree_node_lock_write+0x14c/0x298 03240  bch2_trans_lock_write+0x6d4/0xb10 03240  __bch2_trans_commit+0x135c/0x5520 03240  btree_interior_update_work+0x1248/0x1c10 03240  process_scheduled_works+0x53c/0xd90 03240  worker_thread+0x370/0x8c8 03240  kthread+0x258/0x2e8 03240  ret_from_fork+0x10/0x20 03240 Code: aa1303e0 d63f0020 a94363f7 17ffff8c (d4210000) 03240 ---[ end trace 0000000000000000 ]--- 03240 Kernel panic - not syncing: Oops - BUG: Fatal exception 03240 SMP: stopping secondary CPUs 03241 SMP: failed to stop secondary CPUs 13,15 03241 Kernel Offset: disabled 03241 CPU features: 0x00,00000003,80000008,4240500b 03241 Memory Limit: none 03241 ---[ end Kernel panic - not syncing: Oops - BUG: Fatal exception ]--- 03246 ========= FAILED TIMEOUT copygc_torture_no_checksum in 7200s	https://nvd.nist.gov/vuln/detail/CVE-2024-42252	filtered-vector-low-criticality: LOCAL scorev3<7
CVE-2024-42317	5.5	LOCAL	yes	In the Linux kernel, the following vulnerability has been resolved:  mm/huge_memory: avoid PMD-size page cache if needed  xarray can't support arbitrary page cache size.  the largest and supported page cache size is defined as MAX_PAGECACHE_ORDER by commit 099d90642a71 ("mm/filemap: make MAX_PAGECACHE_ORDER acceptable to xarray").  However, it's possible to have 512MB page cache in the huge memory's collapsing path on ARM64 system whose base page size is 64KB.  512MB page cache is breaking the limitation and a warning is raised when the xarray entry is split as shown in the following example.  [root@dhcp-10-26-1-207 ~]# cat /proc/1/smaps | grep KernelPageSize KernelPageSize:       64 kB [root@dhcp-10-26-1-207 ~]# cat /tmp/test.c    : int main(int argc, char **argv) { 	const char *filename = TEST_XFS_FILENAME; 	int fd = 0; 	void *buf = (void *)-1, *p; 	int pgsize = getpagesize(); 	int ret = 0;  	if (pgsize != 0x10000) { 		fprintf(stdout, "System with 64KB base page size is required!\n"); 		return -EPERM; 	}  	system("echo 0 > /sys/devices/virtual/bdi/253:0/read_ahead_kb"); 	system("echo 1 > /proc/sys/vm/drop_caches");  	/* Open the xfs file */ 	fd = open(filename, O_RDONLY); 	assert(fd > 0);  	/* Create VMA */ 	buf = mmap(NULL, TEST_MEM_SIZE, PROT_READ, MAP_SHARED, fd, 0); 	assert(buf != (void *)-1); 	fprintf(stdout, "mapped buffer at 0x%p\n", buf);  	/* Populate VMA */ 	ret = madvise(buf, TEST_MEM_SIZE, MADV_NOHUGEPAGE); 	assert(ret == 0); 	ret = madvise(buf, TEST_MEM_SIZE, MADV_POPULATE_READ); 	assert(ret == 0);  	/* Collapse VMA */ 	ret = madvise(buf, TEST_MEM_SIZE, MADV_HUGEPAGE); 	assert(ret == 0); 	ret = madvise(buf, TEST_MEM_SIZE, MADV_COLLAPSE); 	if (ret) { 		fprintf(stdout, "Error %d to madvise(MADV_COLLAPSE)\n", errno); 		goto out; 	}  	/* Split xarray entry. Write permission is needed */ 	munmap(buf, TEST_MEM_SIZE); 	buf = (void *)-1; 	close(fd); 	fd = open(filename, O_RDWR); 	assert(fd > 0); 	fallocate(fd, FALLOC_FL_KEEP_SIZE | FALLOC_FL_PUNCH_HOLE,  		  TEST_MEM_SIZE - pgsize, pgsize); out: 	if (buf != (void *)-1) 		munmap(buf, TEST_MEM_SIZE); 	if (fd > 0) 		close(fd);  	return ret; }  [root@dhcp-10-26-1-207 ~]# gcc /tmp/test.c -o /tmp/test [root@dhcp-10-26-1-207 ~]# /tmp/test  ------------[ cut here ]------------  WARNING: CPU: 25 PID: 7560 at lib/xarray.c:1025 xas_split_alloc+0xf8/0x128  Modules linked in: nft_fib_inet nft_fib_ipv4 nft_fib_ipv6 nft_fib    \  nft_reject_inet nf_reject_ipv4 nf_reject_ipv6 nft_reject nft_ct      \  nft_chain_nat nf_nat nf_conntrack nf_defrag_ipv6 nf_defrag_ipv4      \  ip_set rfkill nf_tables nfnetlink vfat fat virtio_balloon drm fuse   \  xfs libcrc32c crct10dif_ce ghash_ce sha2_ce sha256_arm64 virtio_net  \  sha1_ce net_failover virtio_blk virtio_console failover dimlib virtio_mmio  CPU: 25 PID: 7560 Comm: test Kdump: loaded Not tainted 6.10.0-rc7-gavin+ #9  Hardware name: QEMU KVM Virtual Machine, BIOS edk2-20240524-1.el9 05/24/2024  pstate: 83400005 (Nzcv daif +PAN -UAO +TCO +DIT -SSBS BTYPE=--)  pc : xas_split_alloc+0xf8/0x128  lr : split_huge_page_to_list_to_order+0x1c4/0x780  sp : ffff8000ac32f660  x29: ffff8000ac32f660 x28: ffff0000e0969eb0 x27: ffff8000ac32f6c0  x26: 0000000000000c40 x25: ffff0000e0969eb0 x24: 000000000000000d  x23: ffff8000ac32f6c0 x22: ffffffdfc0700000 x21: 0000000000000000  x20: 0000000000000000 x19: ffffffdfc0700000 x18: 0000000000000000  x17: 0000000000000000 x16: ffffd5f3708ffc70 x15: 0000000000000000  x14: 0000000000000000 x13: 0000000000000000 x12: 0000000000000000  x11: ffffffffffffffc0 x10: 0000000000000040 x9 : ffffd5f3708e692c  x8 : 0000000000000003 x7 : 0000000000000000 x6 : ffff0000e0969eb8  x5 : ffffd5f37289e378 x4 : 0000000000000000 x3 : 0000000000000c40  x2 : 000000000000000d x1 : 000000000000000c x0 : 0000000000000000  Call trace:   xas_split_alloc+0xf8/0x128   split_huge_page_to_list_to_order+0x1c4/0x780   truncate_inode_partial_folio+0xdc/0x160   truncate_inode_pages_range+0x1b4/0x4a8   truncate_pagecache_range+0x84/0xa ---truncated---	https://nvd.nist.gov/vuln/detail/CVE-2024-42317	filtered-vector-low-criticality: LOCAL scorev3<7
CVE-2024-43819	5.5	LOCAL	yes	In the Linux kernel, the following vulnerability has been resolved:  kvm: s390: Reject memory region operations for ucontrol VMs  This change rejects the KVM_SET_USER_MEMORY_REGION and KVM_SET_USER_MEMORY_REGION2 ioctls when called on a ucontrol VM. This is necessary since ucontrol VMs have kvm->arch.gmap set to 0 and would thus result in a null pointer dereference further in. Memory management needs to be performed in userspace and using the ioctls KVM_S390_UCAS_MAP and KVM_S390_UCAS_UNMAP.  Also improve s390 specific documentation for KVM_SET_USER_MEMORY_REGION and KVM_SET_USER_MEMORY_REGION2.  [frankja@linux.ibm.com: commit message spelling fix, subject prefix fix]	https://nvd.nist.gov/vuln/detail/CVE-2024-43819	filtered-vector-low-criticality: LOCAL scorev3<7
CVE-2024-43824	5.5	LOCAL	yes	In the Linux kernel, the following vulnerability has been resolved:  PCI: endpoint: pci-epf-test: Make use of cached 'epc_features' in pci_epf_test_core_init()  Instead of getting the epc_features from pci_epc_get_features() API, use the cached pci_epf_test::epc_features value to avoid the NULL check. Since the NULL check is already performed in pci_epf_test_bind(), having one more check in pci_epf_test_core_init() is redundant and it is not possible to hit the NULL pointer dereference.  Also with commit a01e7214bef9 ("PCI: endpoint: Remove "core_init_notifier" flag"), 'epc_features' got dereferenced without the NULL check, leading to the following false positive Smatch warning:    drivers/pci/endpoint/functions/pci-epf-test.c:784 pci_epf_test_core_init() error: we previously assumed 'epc_features' could be null (see line 747)  Thus, remove the redundant NULL check and also use the epc_features:: {msix_capable/msi_capable} flags directly to avoid local variables.  [kwilczynski: commit log]	https://nvd.nist.gov/vuln/detail/CVE-2024-43824	filtered-vector-low-criticality: LOCAL scorev3<7
CVE-2024-43826	5.5	LOCAL	yes	In the Linux kernel, the following vulnerability has been resolved:  nfs: pass explicit offset/count to trace events  nfs_folio_length is unsafe to use without having the folio locked and a check for a NULL ->f_mapping that protects against truncations and can lead to kernel crashes.  E.g. when running xfstests generic/065 with all nfs trace points enabled.  Follow the model of the XFS trace points and pass in an explіcit offset and length.  This has the additional benefit that these values can be more accurate as some of the users touch partial folio ranges.	https://nvd.nist.gov/vuln/detail/CVE-2024-43826	filtered-vector-low-criticality: LOCAL scorev3<7
CVE-2024-43835	5.5	LOCAL	yes	In the Linux kernel, the following vulnerability has been resolved:  virtio_net: Fix napi_skb_cache_put warning  After the commit bdacf3e34945 ("net: Use nested-BH locking for napi_alloc_cache.") was merged, the following warning began to appear:  	 WARNING: CPU: 5 PID: 1 at net/core/skbuff.c:1451 napi_skb_cache_put+0x82/0x4b0  	  __warn+0x12f/0x340 	  napi_skb_cache_put+0x82/0x4b0 	  napi_skb_cache_put+0x82/0x4b0 	  report_bug+0x165/0x370 	  handle_bug+0x3d/0x80 	  exc_invalid_op+0x1a/0x50 	  asm_exc_invalid_op+0x1a/0x20 	  __free_old_xmit+0x1c8/0x510 	  napi_skb_cache_put+0x82/0x4b0 	  __free_old_xmit+0x1c8/0x510 	  __free_old_xmit+0x1c8/0x510 	  __pfx___free_old_xmit+0x10/0x10  The issue arises because virtio is assuming it's running in NAPI context even when it's not, such as in the netpoll case.  To resolve this, modify virtnet_poll_tx() to only set NAPI when budget is available. Same for virtnet_poll_cleantx(), which always assumed that it was in a NAPI context.	https://nvd.nist.gov/vuln/detail/CVE-2024-43835	filtered-vector-low-criticality: LOCAL scorev3<7
CVE-2024-43840	5.5	LOCAL	yes	In the Linux kernel, the following vulnerability has been resolved:  bpf, arm64: Fix trampoline for BPF_TRAMP_F_CALL_ORIG  When BPF_TRAMP_F_CALL_ORIG is set, the trampoline calls __bpf_tramp_enter() and __bpf_tramp_exit() functions, passing them the struct bpf_tramp_image *im pointer as an argument in R0.  The trampoline generation code uses emit_addr_mov_i64() to emit instructions for moving the bpf_tramp_image address into R0, but emit_addr_mov_i64() assumes the address to be in the vmalloc() space and uses only 48 bits. Because bpf_tramp_image is allocated using kzalloc(), its address can use more than 48-bits, in this case the trampoline will pass an invalid address to __bpf_tramp_enter/exit() causing a kernel crash.  Fix this by using emit_a64_mov_i64() in place of emit_addr_mov_i64() as it can work with addresses that are greater than 48-bits.	https://nvd.nist.gov/vuln/detail/CVE-2024-43840	filtered-vector-low-criticality: LOCAL scorev3<7
CVE-2024-43857	5.5	LOCAL	yes	In the Linux kernel, the following vulnerability has been resolved:  f2fs: fix null reference error when checking end of zone  This patch fixes a potentially null pointer being accessed by is_end_zone_blkaddr() that checks the last block of a zone when f2fs is mounted as a single device.	https://nvd.nist.gov/vuln/detail/CVE-2024-43857	not-applicable-config: F2FS disabled (CONFIG_F2FS_FS disabled)
CVE-2024-43872	5.5	LOCAL	yes	In the Linux kernel, the following vulnerability has been resolved:  RDMA/hns: Fix soft lockup under heavy CEQE load  CEQEs are handled in interrupt handler currently. This may cause the CPU core staying in interrupt context too long and lead to soft lockup under heavy load.  Handle CEQEs in BH workqueue and set an upper limit for the number of CEQE handled by a single call of work handler.	https://nvd.nist.gov/vuln/detail/CVE-2024-43872	filtered-vector-low-criticality: LOCAL scorev3<7
CVE-2024-43884	5.5	LOCAL	yes	In the Linux kernel, the following vulnerability has been resolved:  Bluetooth: MGMT: Add error handling to pair_device()  hci_conn_params_add() never checks for a NULL value and could lead to a NULL pointer dereference causing a crash.  Fixed by adding error handling in the function.	https://nvd.nist.gov/vuln/detail/CVE-2024-43884	filtered-vector-low-criticality: LOCAL scorev3<7
CVE-2024-43886	5.5	LOCAL	yes	In the Linux kernel, the following vulnerability has been resolved:  drm/amd/display: Add null check in resource_log_pipe_topology_update  [WHY] When switching from "Extend" to "Second Display Only" we sometimes call resource_get_otg_master_for_stream on a stream for the eDP, which is disconnected. This leads to a null pointer dereference.  [HOW] Added a null check in dc_resource.c/resource_log_pipe_topology_update.	https://nvd.nist.gov/vuln/detail/CVE-2024-43886	filtered-vector-low-criticality: LOCAL scorev3<7
CVE-2024-43899	5.5	LOCAL	yes	In the Linux kernel, the following vulnerability has been resolved:  drm/amd/display: Fix null pointer deref in dcn20_resource.c  Fixes a hang thats triggered when MPV is run on a DCN401 dGPU:  mpv --hwdec=vaapi --vo=gpu --hwdec-codecs=all  and then enabling fullscreen playback (double click on the video)  The following calltrace will be seen:  [  181.843989] BUG: kernel NULL pointer dereference, address: 0000000000000000 [  181.843997] #PF: supervisor instruction fetch in kernel mode [  181.844003] #PF: error_code(0x0010) - not-present page [  181.844009] PGD 0 P4D 0 [  181.844020] Oops: 0010 [#1] PREEMPT SMP NOPTI [  181.844028] CPU: 6 PID: 1892 Comm: gnome-shell Tainted: G        W  OE      6.5.0-41-generic #41~22.04.2-Ubuntu [  181.844038] Hardware name: System manufacturer System Product Name/CROSSHAIR VI HERO, BIOS 6302 10/23/2018 [  181.844044] RIP: 0010:0x0 [  181.844079] Code: Unable to access opcode bytes at 0xffffffffffffffd6. [  181.844084] RSP: 0018:ffffb593c2b8f7b0 EFLAGS: 00010246 [  181.844093] RAX: 0000000000000000 RBX: 0000000000000000 RCX: 0000000000000004 [  181.844099] RDX: ffffb593c2b8f804 RSI: ffffb593c2b8f7e0 RDI: ffff9e3c8e758400 [  181.844105] RBP: ffffb593c2b8f7b8 R08: ffffb593c2b8f9c8 R09: ffffb593c2b8f96c [  181.844110] R10: 0000000000000000 R11: 0000000000000000 R12: ffffb593c2b8f9c8 [  181.844115] R13: 0000000000000001 R14: ffff9e3c88000000 R15: 0000000000000005 [  181.844121] FS:  00007c6e323bb5c0(0000) GS:ffff9e3f85f80000(0000) knlGS:0000000000000000 [  181.844128] CS:  0010 DS: 0000 ES: 0000 CR0: 0000000080050033 [  181.844134] CR2: ffffffffffffffd6 CR3: 0000000140fbe000 CR4: 00000000003506e0 [  181.844141] Call Trace: [  181.844146]  <TASK> [  181.844153]  ? show_regs+0x6d/0x80 [  181.844167]  ? __die+0x24/0x80 [  181.844179]  ? page_fault_oops+0x99/0x1b0 [  181.844192]  ? do_user_addr_fault+0x31d/0x6b0 [  181.844204]  ? exc_page_fault+0x83/0x1b0 [  181.844216]  ? asm_exc_page_fault+0x27/0x30 [  181.844237]  dcn20_get_dcc_compression_cap+0x23/0x30 [amdgpu] [  181.845115]  amdgpu_dm_plane_validate_dcc.constprop.0+0xe5/0x180 [amdgpu] [  181.845985]  amdgpu_dm_plane_fill_plane_buffer_attributes+0x300/0x580 [amdgpu] [  181.846848]  fill_dc_plane_info_and_addr+0x258/0x350 [amdgpu] [  181.847734]  fill_dc_plane_attributes+0x162/0x350 [amdgpu] [  181.848748]  dm_update_plane_state.constprop.0+0x4e3/0x6b0 [amdgpu] [  181.849791]  ? dm_update_plane_state.constprop.0+0x4e3/0x6b0 [amdgpu] [  181.850840]  amdgpu_dm_atomic_check+0xdfe/0x1760 [amdgpu]	https://nvd.nist.gov/vuln/detail/CVE-2024-43899	filtered-vector-low-criticality: LOCAL scorev3<7
CVE-2024-43901	5.5	LOCAL	yes	In the Linux kernel, the following vulnerability has been resolved:  drm/amd/display: Fix NULL pointer dereference for DTN log in DCN401  When users run the command:  cat /sys/kernel/debug/dri/0/amdgpu_dm_dtn_log  The following NULL pointer dereference happens:  [  +0.000003] BUG: kernel NULL pointer dereference, address: NULL [  +0.000005] #PF: supervisor instruction fetch in kernel mode [  +0.000002] #PF: error_code(0x0010) - not-present page [  +0.000002] PGD 0 P4D 0 [  +0.000004] Oops: 0010 [#1] PREEMPT SMP NOPTI [  +0.000003] RIP: 0010:0x0 [  +0.000008] Code: Unable to access opcode bytes at 0xffffffffffffffd6. [...] [  +0.000002] PKRU: 55555554 [  +0.000002] Call Trace: [  +0.000002]  <TASK> [  +0.000003]  ? show_regs+0x65/0x70 [  +0.000006]  ? __die+0x24/0x70 [  +0.000004]  ? page_fault_oops+0x160/0x470 [  +0.000006]  ? do_user_addr_fault+0x2b5/0x690 [  +0.000003]  ? prb_read_valid+0x1c/0x30 [  +0.000005]  ? exc_page_fault+0x8c/0x1a0 [  +0.000005]  ? asm_exc_page_fault+0x27/0x30 [  +0.000012]  dcn10_log_color_state+0xf9/0x510 [amdgpu] [  +0.000306]  ? srso_alias_return_thunk+0x5/0xfbef5 [  +0.000003]  ? vsnprintf+0x2fb/0x600 [  +0.000009]  dcn10_log_hw_state+0xfd0/0xfe0 [amdgpu] [  +0.000218]  ? __mod_memcg_lruvec_state+0xe8/0x170 [  +0.000008]  ? srso_alias_return_thunk+0x5/0xfbef5 [  +0.000002]  ? debug_smp_processor_id+0x17/0x20 [  +0.000003]  ? srso_alias_return_thunk+0x5/0xfbef5 [  +0.000002]  ? srso_alias_return_thunk+0x5/0xfbef5 [  +0.000002]  ? set_ptes.isra.0+0x2b/0x90 [  +0.000004]  ? srso_alias_return_thunk+0x5/0xfbef5 [  +0.000002]  ? _raw_spin_unlock+0x19/0x40 [  +0.000004]  ? srso_alias_return_thunk+0x5/0xfbef5 [  +0.000002]  ? do_anonymous_page+0x337/0x700 [  +0.000004]  dtn_log_read+0x82/0x120 [amdgpu] [  +0.000207]  full_proxy_read+0x66/0x90 [  +0.000007]  vfs_read+0xb0/0x340 [  +0.000005]  ? __count_memcg_events+0x79/0xe0 [  +0.000002]  ? srso_alias_return_thunk+0x5/0xfbef5 [  +0.000003]  ? count_memcg_events.constprop.0+0x1e/0x40 [  +0.000003]  ? handle_mm_fault+0xb2/0x370 [  +0.000003]  ksys_read+0x6b/0xf0 [  +0.000004]  __x64_sys_read+0x19/0x20 [  +0.000003]  do_syscall_64+0x60/0x130 [  +0.000004]  entry_SYSCALL_64_after_hwframe+0x6e/0x76 [  +0.000003] RIP: 0033:0x7fdf32f147e2 [...]  This error happens when the color log tries to read the gamut remap information from DCN401 which is not initialized in the dcn401_dpp_funcs which leads to a null pointer dereference. This commit addresses this issue by adding a proper guard to access the gamut_remap callback in case the specific ASIC did not implement this function.	https://nvd.nist.gov/vuln/detail/CVE-2024-43901	filtered-vector-low-criticality: LOCAL scorev3<7
CVE-2024-43904	5.5	LOCAL	yes	In the Linux kernel, the following vulnerability has been resolved:  drm/amd/display: Add null checks for 'stream' and 'plane' before dereferencing  This commit adds null checks for the 'stream' and 'plane' variables in the dcn30_apply_idle_power_optimizations function. These variables were previously assumed to be null at line 922, but they were used later in the code without checking if they were null. This could potentially lead to a null pointer dereference, which would cause a crash.  The null checks ensure that 'stream' and 'plane' are not null before they are used, preventing potential crashes.  Fixes the below static smatch checker: drivers/gpu/drm/amd/amdgpu/../display/dc/hwss/dcn30/dcn30_hwseq.c:938 dcn30_apply_idle_power_optimizations() error: we previously assumed 'stream' could be null (see line 922) drivers/gpu/drm/amd/amdgpu/../display/dc/hwss/dcn30/dcn30_hwseq.c:940 dcn30_apply_idle_power_optimizations() error: we previously assumed 'plane' could be null (see line 922)	https://nvd.nist.gov/vuln/detail/CVE-2024-43904	filtered-vector-low-criticality: LOCAL scorev3<7
CVE-2024-43911	5.5	LOCAL	yes	In the Linux kernel, the following vulnerability has been resolved:  wifi: mac80211: fix NULL dereference at band check in starting tx ba session  In MLD connection, link_data/link_conf are dynamically allocated. They don't point to vif->bss_conf. So, there will be no chanreq assigned to vif->bss_conf and then the chan will be NULL. Tweak the code to check ht_supported/vht_supported/has_he/has_eht on sta deflink.  Crash log (with rtw89 version under MLO development): [ 9890.526087] BUG: kernel NULL pointer dereference, address: 0000000000000000 [ 9890.526102] #PF: supervisor read access in kernel mode [ 9890.526105] #PF: error_code(0x0000) - not-present page [ 9890.526109] PGD 0 P4D 0 [ 9890.526114] Oops: 0000 [#1] PREEMPT SMP PTI [ 9890.526119] CPU: 2 PID: 6367 Comm: kworker/u16:2 Kdump: loaded Tainted: G           OE      6.9.0 #1 [ 9890.526123] Hardware name: LENOVO 2356AD1/2356AD1, BIOS G7ETB3WW (2.73 ) 11/28/2018 [ 9890.526126] Workqueue: phy2 rtw89_core_ba_work [rtw89_core] [ 9890.526203] RIP: 0010:ieee80211_start_tx_ba_session (net/mac80211/agg-tx.c:618 (discriminator 1)) mac80211 [ 9890.526279] Code: f7 e8 d5 93 3e ea 48 83 c4 28 89 d8 5b 41 5c 41 5d 41 5e 41 5f 5d c3 cc cc cc cc 49 8b 84 24 e0 f1 ff ff 48 8b 80 90 1b 00 00 <83> 38 03 0f 84 37 fe ff ff bb ea ff ff ff eb cc 49 8b 84 24 10 f3 All code ========    0:	f7 e8                	imul   %eax    2:	d5                   	(bad)    3:	93                   	xchg   %eax,%ebx    4:	3e ea                	ds (bad)    6:	48 83 c4 28          	add    $0x28,%rsp    a:	89 d8                	mov    %ebx,%eax    c:	5b                   	pop    %rbx    d:	41 5c                	pop    %r12    f:	41 5d                	pop    %r13   11:	41 5e                	pop    %r14   13:	41 5f                	pop    %r15   15:	5d                   	pop    %rbp   16:	c3                   	retq   17:	cc                   	int3   18:	cc                   	int3   19:	cc                   	int3   1a:	cc                   	int3   1b:	49 8b 84 24 e0 f1 ff 	mov    -0xe20(%r12),%rax   22:	ff   23:	48 8b 80 90 1b 00 00 	mov    0x1b90(%rax),%rax   2a:*	83 38 03             	cmpl   $0x3,(%rax)		<-- trapping instruction   2d:	0f 84 37 fe ff ff    	je     0xfffffffffffffe6a   33:	bb ea ff ff ff       	mov    $0xffffffea,%ebx   38:	eb cc                	jmp    0x6   3a:	49                   	rex.WB   3b:	8b                   	.byte 0x8b   3c:	84 24 10             	test   %ah,(%rax,%rdx,1)   3f:	f3                   	repz  Code starting with the faulting instruction ===========================================    0:	83 38 03             	cmpl   $0x3,(%rax)    3:	0f 84 37 fe ff ff    	je     0xfffffffffffffe40    9:	bb ea ff ff ff       	mov    $0xffffffea,%ebx    e:	eb cc                	jmp    0xffffffffffffffdc   10:	49                   	rex.WB   11:	8b                   	.byte 0x8b   12:	84 24 10             	test   %ah,(%rax,%rdx,1)   15:	f3                   	repz [ 9890.526285] RSP: 0018:ffffb8db09013d68 EFLAGS: 00010246 [ 9890.526291] RAX: 0000000000000000 RBX: 0000000000000000 RCX: ffff9308e0d656c8 [ 9890.526295] RDX: 0000000000000000 RSI: ffffffffab99460b RDI: ffffffffab9a7685 [ 9890.526300] RBP: ffffb8db09013db8 R08: 0000000000000000 R09: 0000000000000873 [ 9890.526304] R10: ffff9308e0d64800 R11: 0000000000000002 R12: ffff9308e5ff6e70 [ 9890.526308] R13: ffff930952500e20 R14: ffff9309192a8c00 R15: 0000000000000000 [ 9890.526313] FS:  0000000000000000(0000) GS:ffff930b4e700000(0000) knlGS:0000000000000000 [ 9890.526316] CS:  0010 DS: 0000 ES: 0000 CR0: 0000000080050033 [ 9890.526318] CR2: 0000000000000000 CR3: 0000000391c58005 CR4: 00000000001706f0 [ 9890.526321] Call Trace: [ 9890.526324]  <TASK> [ 9890.526327] ? show_regs (arch/x86/kernel/dumpstack.c:479) [ 9890.526335] ? __die (arch/x86/kernel/dumpstack.c:421 arch/x86/kernel/dumpstack.c:434) [ 9890.526340] ? page_fault_oops (arch/x86/mm/fault.c:713) [ 9890.526347] ? search_module_extables (kernel/module/main.c:3256 (discriminator ---truncated---	https://nvd.nist.gov/vuln/detail/CVE-2024-43911	filtered-vector-low-criticality: LOCAL scorev3<7
CVE-2024-43913	5.5	LOCAL	yes	In the Linux kernel, the following vulnerability has been resolved:  nvme: apple: fix device reference counting  Drivers must call nvme_uninit_ctrl after a successful nvme_init_ctrl. Split the allocation side out to make the error handling boundary easier to navigate. The apple driver had been doing this wrong, leaking the controller device memory on a tagset failure.	https://nvd.nist.gov/vuln/detail/CVE-2024-43913	filtered-vector-low-criticality: LOCAL scorev3<7
CVE-2024-44950	5.5	LOCAL	yes	In the Linux kernel, the following vulnerability has been resolved:  serial: sc16is7xx: fix invalid FIFO access with special register set  When enabling access to the special register set, Receiver time-out and RHR interrupts can happen. In this case, the IRQ handler will try to read from the FIFO thru the RHR register at address 0x00, but address 0x00 is mapped to DLL register, resulting in erroneous FIFO reading.  Call graph example:     sc16is7xx_startup(): entry     sc16is7xx_ms_proc(): entry     sc16is7xx_set_termios(): entry     sc16is7xx_set_baud(): DLH/DLL = $009C --> access special register set     sc16is7xx_port_irq() entry            --> IIR is 0x0C     sc16is7xx_handle_rx() entry     sc16is7xx_fifo_read(): --> unable to access FIFO (RHR) because it is                                mapped to DLL (LCR=LCR_CONF_MODE_A)     sc16is7xx_set_baud(): exit --> Restore access to general register set  Fix the problem by claiming the efr_lock mutex when accessing the Special register set.	https://nvd.nist.gov/vuln/detail/CVE-2024-44950	filtered-vector-low-criticality: LOCAL scorev3<7
CVE-2024-44956	5.5	LOCAL	yes	In the Linux kernel, the following vulnerability has been resolved:  drm/xe/preempt_fence: enlarge the fence critical section  It is really easy to introduce subtle deadlocks in preempt_fence_work_func() since we operate on single global ordered-wq for signalling our preempt fences behind the scenes, so even though we signal a particular fence, everything in the callback should be in the fence critical section, since blocking in the callback will prevent other published fences from signalling. If we enlarge the fence critical section to cover the entire callback, then lockdep should be able to understand this better, and complain if we grab a sensitive lock like vm->lock, which is also held when waiting on preempt fences.	https://nvd.nist.gov/vuln/detail/CVE-2024-44956	filtered-vector-low-criticality: LOCAL scorev3<7
CVE-2024-44963	5.5	LOCAL	yes	In the Linux kernel, the following vulnerability has been resolved:  btrfs: do not BUG_ON() when freeing tree block after error  When freeing a tree block, at btrfs_free_tree_block(), if we fail to create a delayed reference we don't deal with the error and just do a BUG_ON(). The error most likely to happen is -ENOMEM, and we have a comment mentioning that only -ENOMEM can happen, but that is not true, because in case qgroups are enabled any error returned from btrfs_qgroup_trace_extent_post() (can be -EUCLEAN or anything returned from btrfs_search_slot() for example) can be propagated back to btrfs_free_tree_block().  So stop doing a BUG_ON() and return the error to the callers and make them abort the transaction to prevent leaking space. Syzbot was triggering this, likely due to memory allocation failure injection.	https://nvd.nist.gov/vuln/detail/CVE-2024-44963	filtered-vector-low-criticality: LOCAL scorev3<7
CVE-2024-46681	5.5	LOCAL	yes	In the Linux kernel, the following vulnerability has been resolved:  pktgen: use cpus_read_lock() in pg_net_init()  I have seen the WARN_ON(smp_processor_id() != cpu) firing in pktgen_thread_worker() during tests.  We must use cpus_read_lock()/cpus_read_unlock() around the for_each_online_cpu(cpu) loop.  While we are at it use WARN_ON_ONCE() to avoid a possible syslog flood.	https://nvd.nist.gov/vuln/detail/CVE-2024-46681	filtered-vector-low-criticality: LOCAL scorev3<7
CVE-2024-46698	5.5	LOCAL	yes	In the Linux kernel, the following vulnerability has been resolved:  video/aperture: optionally match the device in sysfb_disable()  In aperture_remove_conflicting_pci_devices(), we currently only call sysfb_disable() on vga class devices.  This leads to the following problem when the pimary device is not VGA compatible:  1. A PCI device with a non-VGA class is the boot display 2. That device is probed first and it is not a VGA device so    sysfb_disable() is not called, but the device resources    are freed by aperture_detach_platform_device() 3. Non-primary GPU has a VGA class and it ends up calling sysfb_disable() 4. NULL pointer dereference via sysfb_disable() since the resources    have already been freed by aperture_detach_platform_device() when    it was called by the other device.  Fix this by passing a device pointer to sysfb_disable() and checking the device to determine if we should execute it or not.  v2: Fix build when CONFIG_SCREEN_INFO is not set v3: Move device check into the mutex     Drop primary variable in aperture_remove_conflicting_pci_devices()     Drop __init on pci sysfb_pci_dev_is_enabled()	https://nvd.nist.gov/vuln/detail/CVE-2024-46698	filtered-vector-low-criticality: LOCAL scorev3<7
CVE-2024-46701	5.5	LOCAL	yes	In the Linux kernel, the following vulnerability has been resolved:  libfs: fix infinite directory reads for offset dir  After we switch tmpfs dir operations from simple_dir_operations to simple_offset_dir_operations, every rename happened will fill new dentry to dest dir's maple tree(&SHMEM_I(inode)->dir_offsets->mt) with a free key starting with octx->newx_offset, and then set newx_offset equals to free key + 1. This will lead to infinite readdir combine with rename happened at the same time, which fail generic/736 in xfstests(detail show as below).  1. create 5000 files(1 2 3...) under one dir 2. call readdir(man 3 readdir) once, and get one entry 3. rename(entry, "TEMPFILE"), then rename("TEMPFILE", entry) 4. loop 2~3, until readdir return nothing or we loop too many    times(tmpfs break test with the second condition)  We choose the same logic what commit 9b378f6ad48cf ("btrfs: fix infinite directory reads") to fix it, record the last_index when we open dir, and do not emit the entry which index >= last_index. The file->private_data now used in offset dir can use directly to do this, and we also update the last_index when we llseek the dir file.  [brauner: only update last_index after seek when offset is zero like Jan suggested]	https://nvd.nist.gov/vuln/detail/CVE-2024-46701	filtered-vector-low-criticality: LOCAL scorev3<7
CVE-2024-46705	5.5	LOCAL	yes	In the Linux kernel, the following vulnerability has been resolved:  drm/xe: reset mmio mappings with devm  Set our various mmio mappings to NULL. This should make it easier to catch something rogue trying to mess with mmio after device removal. For example, we might unmap everything and then start hitting some mmio address which has already been unmamped by us and then remapped by something else, causing all kinds of carnage.	https://nvd.nist.gov/vuln/detail/CVE-2024-46705	filtered-vector-low-criticality: LOCAL scorev3<7
CVE-2024-46710	4.7	LOCAL	yes	In the Linux kernel, the following vulnerability has been resolved:  drm/vmwgfx: Prevent unmapping active read buffers  The kms paths keep a persistent map active to read and compare the cursor buffer. These maps can race with each other in simple scenario where: a) buffer "a" mapped for update b) buffer "a" mapped for compare c) do the compare d) unmap "a" for compare e) update the cursor f) unmap "a" for update At step "e" the buffer has been unmapped and the read contents is bogus.  Prevent unmapping of active read buffers by simply keeping a count of how many paths have currently active maps and unmap only when the count reaches 0.	https://nvd.nist.gov/vuln/detail/CVE-2024-46710	not-applicable-config: vmwgfx driver disabled (CONFIG_DRM_VMWGFX disabled)
CVE-2024-46727	5.5	LOCAL	yes	In the Linux kernel, the following vulnerability has been resolved:  drm/amd/display: Add otg_master NULL check within resource_log_pipe_topology_update  [Why] Coverity reports NULL_RETURN warning.  [How] Add otg_master NULL check.	https://nvd.nist.gov/vuln/detail/CVE-2024-46727	filtered-vector-low-criticality: LOCAL scorev3<7
CVE-2024-46730	5.5	LOCAL	yes	In the Linux kernel, the following vulnerability has been resolved:  drm/amd/display: Ensure array index tg_inst won't be -1  [WHY & HOW] tg_inst will be a negative if timing_generator_count equals 0, which should be checked before used.  This fixes 2 OVERRUN issues reported by Coverity.	https://nvd.nist.gov/vuln/detail/CVE-2024-46730	filtered-vector-low-criticality: LOCAL scorev3<7
CVE-2024-46751	5.5	LOCAL	yes	In the Linux kernel, the following vulnerability has been resolved:  btrfs: don't BUG_ON() when 0 reference count at btrfs_lookup_extent_info()  Instead of doing a BUG_ON() handle the error by returning -EUCLEAN, aborting the transaction and logging an error message.	https://nvd.nist.gov/vuln/detail/CVE-2024-46751	filtered-vector-low-criticality: LOCAL scorev3<7
CVE-2024-46754	5.5	LOCAL	yes	In the Linux kernel, the following vulnerability has been resolved:  bpf: Remove tst_run from lwt_seg6local_prog_ops.  The syzbot reported that the lwt_seg6 related BPF ops can be invoked via bpf_test_run() without without entering input_action_end_bpf() first.  Martin KaFai Lau said that self test for BPF_PROG_TYPE_LWT_SEG6LOCAL probably didn't work since it was introduced in commit 04d4b274e2a ("ipv6: sr: Add seg6local action End.BPF"). The reason is that the per-CPU variable seg6_bpf_srh_states::srh is never assigned in the self test case but each BPF function expects it.  Remove test_run for BPF_PROG_TYPE_LWT_SEG6LOCAL.	https://nvd.nist.gov/vuln/detail/CVE-2024-46754	filtered-vector-low-criticality: LOCAL scorev3<7
CVE-2024-46772	5.5	LOCAL	yes	In the Linux kernel, the following vulnerability has been resolved:  drm/amd/display: Check denominator crb_pipes before used  [WHAT & HOW] A denominator cannot be 0, and is checked before used.  This fixes 2 DIVIDE_BY_ZERO issues reported by Coverity.	https://nvd.nist.gov/vuln/detail/CVE-2024-46772	filtered-vector-low-criticality: LOCAL scorev3<7
CVE-2024-46775	5.5	LOCAL	yes	In the Linux kernel, the following vulnerability has been resolved:  drm/amd/display: Validate function returns  [WHAT & HOW] Function return values must be checked before data can be used in subsequent functions.  This fixes 4 CHECKED_RETURN issues reported by Coverity.	https://nvd.nist.gov/vuln/detail/CVE-2024-46775	filtered-vector-low-criticality: LOCAL scorev3<7
CVE-2024-46778	5.5	LOCAL	yes	In the Linux kernel, the following vulnerability has been resolved:  drm/amd/display: Check UnboundedRequestEnabled's value  CalculateSwathAndDETConfiguration_params_st's UnboundedRequestEnabled is a pointer (i.e. dml_bool_t *UnboundedRequestEnabled), and thus if (p->UnboundedRequestEnabled) checks its address, not bool value.  This fixes 1 REVERSE_INULL issue reported by Coverity.	https://nvd.nist.gov/vuln/detail/CVE-2024-46778	filtered-vector-low-criticality: LOCAL scorev3<7
CVE-2024-46808	5.5	LOCAL	yes	In the Linux kernel, the following vulnerability has been resolved:  drm/amd/display: Add missing NULL pointer check within dpcd_extend_address_range  [Why & How] ASSERT if return NULL from kcalloc.	https://nvd.nist.gov/vuln/detail/CVE-2024-46808	filtered-vector-low-criticality: LOCAL scorev3<7
CVE-2024-46823	5.5	LOCAL	yes	In the Linux kernel, the following vulnerability has been resolved:  kunit/overflow: Fix UB in overflow_allocation_test  The 'device_name' array doesn't exist out of the 'overflow_allocation_test' function scope. However, it is being used as a driver name when calling 'kunit_driver_create' from 'kunit_device_register'. It produces the kernel panic with KASAN enabled.  Since this variable is used in one place only, remove it and pass the device name into kunit_device_register directly as an ascii string.	https://nvd.nist.gov/vuln/detail/CVE-2024-46823	filtered-vector-low-criticality: LOCAL scorev3<7
CVE-2024-46834	5.5	LOCAL	yes	In the Linux kernel, the following vulnerability has been resolved:  ethtool: fail closed if we can't get max channel used in indirection tables  Commit 0d1b7d6c9274 ("bnxt: fix crashes when reducing ring count with active RSS contexts") proves that allowing indirection table to contain channels with out of bounds IDs may lead to crashes. Currently the max channel check in the core gets skipped if driver can't fetch the indirection table or when we can't allocate memory.  Both of those conditions should be extremely rare but if they do happen we should try to be safe and fail the channel change.	https://nvd.nist.gov/vuln/detail/CVE-2024-46834	filtered-vector-low-criticality: LOCAL scorev3<7
CVE-2024-46841	5.5	LOCAL	yes	In the Linux kernel, the following vulnerability has been resolved:  btrfs: don't BUG_ON on ENOMEM from btrfs_lookup_extent_info() in walk_down_proc()  We handle errors here properly, ENOMEM isn't fatal, return the error.	https://nvd.nist.gov/vuln/detail/CVE-2024-46841	filtered-vector-low-criticality: LOCAL scorev3<7
CVE-2024-46842	5.5	LOCAL	yes	In the Linux kernel, the following vulnerability has been resolved:  scsi: lpfc: Handle mailbox timeouts in lpfc_get_sfp_info  The MBX_TIMEOUT return code is not handled in lpfc_get_sfp_info and the routine unconditionally frees submitted mailbox commands regardless of return status.  The issue is that for MBX_TIMEOUT cases, when firmware returns SFP information at a later time, that same mailbox memory region references previously freed memory in its cmpl routine.  Fix by adding checks for the MBX_TIMEOUT return code.  During mailbox resource cleanup, check the mbox flag to make sure that the wait did not timeout.  If the MBOX_WAKE flag is not set, then do not free the resources because it will be freed when firmware completes the mailbox at a later time in its cmpl routine.  Also, increase the timeout from 30 to 60 seconds to accommodate boot scripts requiring longer timeouts.	https://nvd.nist.gov/vuln/detail/CVE-2024-46842	filtered-vector-low-criticality: LOCAL scorev3<7
CVE-2024-46870	4.7	LOCAL	yes	In the Linux kernel, the following vulnerability has been resolved:  drm/amd/display: Disable DMCUB timeout for DCN35  [Why] DMCUB can intermittently take longer than expected to process commands.  Old ASIC policy was to continue while logging a diagnostic error - which works fine for ASIC without IPS, but with IPS this could lead to a race condition where we attempt to access DCN state while it's inaccessible, leading to a system hang when the NIU port is not disabled or register accesses that timeout and the display configuration in an undefined state.  [How] We need to investigate why these accesses take longer than expected, but for now we should disable the timeout on DCN35 to avoid this race condition. Since the waits happen only at lower interrupt levels the risk of taking too long at higher IRQ and causing a system watchdog timeout are minimal.	https://nvd.nist.gov/vuln/detail/CVE-2024-46870	filtered-vector-low-criticality: LOCAL scorev3<7
CVE-2024-47661	5.5	LOCAL	yes	In the Linux kernel, the following vulnerability has been resolved:  drm/amd/display: Avoid overflow from uint32_t to uint8_t  [WHAT & HOW] dmub_rb_cmd's ramping_boundary has size of uint8_t and it is assigned 0xFFFF. Fix it by changing it to uint8_t with value of 0xFF.  This fixes 2 INTEGER_OVERFLOW issues reported by Coverity.	https://nvd.nist.gov/vuln/detail/CVE-2024-47661	filtered-vector-low-criticality: LOCAL scorev3<7
CVE-2024-47662	5.5	LOCAL	yes	In the Linux kernel, the following vulnerability has been resolved:  drm/amd/display: Remove register from DCN35 DMCUB diagnostic collection  [Why] These registers should not be read from driver and triggering the security violation when DMCUB work times out and diagnostics are collected blocks Z8 entry.  [How] Remove the register read from DCN35.	https://nvd.nist.gov/vuln/detail/CVE-2024-47662	filtered-vector-low-criticality: LOCAL scorev3<7
CVE-2024-47702	5.5	LOCAL	yes	In the Linux kernel, the following vulnerability has been resolved:  bpf: Fail verification for sign-extension of packet data/data_end/data_meta  syzbot reported a kernel crash due to   commit 1f1e864b6555 ("bpf: Handle sign-extenstin ctx member accesses"). The reason is due to sign-extension of 32-bit load for packet data/data_end/data_meta uapi field.  The original code looks like:         r2 = *(s32 *)(r1 + 76) /* load __sk_buff->data */         r3 = *(u32 *)(r1 + 80) /* load __sk_buff->data_end */         r0 = r2         r0 += 8         if r3 > r0 goto +1         ... Note that __sk_buff->data load has 32-bit sign extension.  After verification and convert_ctx_accesses(), the final asm code looks like:         r2 = *(u64 *)(r1 +208)         r2 = (s32)r2         r3 = *(u64 *)(r1 +80)         r0 = r2         r0 += 8         if r3 > r0 goto pc+1         ... Note that 'r2 = (s32)r2' may make the kernel __sk_buff->data address invalid which may cause runtime failure.  Currently, in C code, typically we have         void *data = (void *)(long)skb->data;         void *data_end = (void *)(long)skb->data_end;         ... and it will generate         r2 = *(u64 *)(r1 +208)         r3 = *(u64 *)(r1 +80)         r0 = r2         r0 += 8         if r3 > r0 goto pc+1  If we allow sign-extension,         void *data = (void *)(long)(int)skb->data;         void *data_end = (void *)(long)skb->data_end;         ... the generated code looks like         r2 = *(u64 *)(r1 +208)         r2 <<= 32         r2 s>>= 32         r3 = *(u64 *)(r1 +80)         r0 = r2         r0 += 8         if r3 > r0 goto pc+1 and this will cause verification failure since "r2 <<= 32" is not allowed as "r2" is a packet pointer.  To fix this issue for case   r2 = *(s32 *)(r1 + 76) /* load __sk_buff->data */ this patch added additional checking in is_valid_access() callback function for packet data/data_end/data_meta access. If those accesses are with sign-extenstion, the verification will fail.    [1] https://lore.kernel.org/bpf/000000000000c90eee061d236d37@google.com/	https://nvd.nist.gov/vuln/detail/CVE-2024-47702	filtered-vector-low-criticality: LOCAL scorev3<7
CVE-2024-47703	5.5	LOCAL	yes	In the Linux kernel, the following vulnerability has been resolved:  bpf, lsm: Add check for BPF LSM return value  A bpf prog returning a positive number attached to file_alloc_security hook makes kernel panic.  This happens because file system can not filter out the positive number returned by the LSM prog using IS_ERR, and misinterprets this positive number as a file pointer.  Given that hook file_alloc_security never returned positive number before the introduction of BPF LSM, and other BPF LSM hooks may encounter similar issues, this patch adds LSM return value check in verifier, to ensure no unexpected value is returned.	https://nvd.nist.gov/vuln/detail/CVE-2024-47703	filtered-vector-low-criticality: LOCAL scorev3<7
CVE-2024-47736	5.5	LOCAL	yes	In the Linux kernel, the following vulnerability has been resolved:  erofs: handle overlapped pclusters out of crafted images properly  syzbot reported a task hang issue due to a deadlock case where it is waiting for the folio lock of a cached folio that will be used for cache I/Os.  After looking into the crafted fuzzed image, I found it's formed with several overlapped big pclusters as below:   Ext:   logical offset   |  length :     physical offset    |  length    0:        0..   16384 |   16384 :     151552..    167936 |   16384    1:    16384..   32768 |   16384 :     155648..    172032 |   16384    2:    32768..   49152 |   16384 :  537223168.. 537239552 |   16384 ...  Here, extent 0/1 are physically overlapped although it's entirely _impossible_ for normal filesystem images generated by mkfs.  First, managed folios containing compressed data will be marked as up-to-date and then unlocked immediately (unlike in-place folios) when compressed I/Os are complete.  If physical blocks are not submitted in the incremental order, there should be separate BIOs to avoid dependency issues.  However, the current code mis-arranges z_erofs_fill_bio_vec() and BIO submission which causes unexpected BIO waits.  Second, managed folios will be connected to their own pclusters for efficient inter-queries.  However, this is somewhat hard to implement easily if overlapped big pclusters exist.  Again, these only appear in fuzzed images so let's simply fall back to temporary short-lived pages for correctness.  Additionally, it justifies that referenced managed folios cannot be truncated for now and reverts part of commit 2080ca1ed3e4 ("erofs: tidy up `struct z_erofs_bvec`") for simplicity although it shouldn't be any difference.	https://nvd.nist.gov/vuln/detail/CVE-2024-47736	filtered-vector-low-criticality: LOCAL scorev3<7
CVE-2024-47794	5.5	LOCAL	yes	In the Linux kernel, the following vulnerability has been resolved:  bpf: Prevent tailcall infinite loop caused by freplace  There is a potential infinite loop issue that can occur when using a combination of tail calls and freplace.  In an upcoming selftest, the attach target for entry_freplace of tailcall_freplace.c is subprog_tc of tc_bpf2bpf.c, while the tail call in entry_freplace leads to entry_tc. This results in an infinite loop:  entry_tc -> subprog_tc -> entry_freplace --tailcall-> entry_tc.  The problem arises because the tail_call_cnt in entry_freplace resets to zero each time entry_freplace is executed, causing the tail call mechanism to never terminate, eventually leading to a kernel panic.  To fix this issue, the solution is twofold:  1. Prevent updating a program extended by an freplace program to a    prog_array map. 2. Prevent extending a program that is already part of a prog_array map    with an freplace program.  This ensures that:  * If a program or its subprogram has been extended by an freplace program,   it can no longer be updated to a prog_array map. * If a program has been added to a prog_array map, neither it nor its   subprograms can be extended by an freplace program.  Moreover, an extension program should not be tailcalled. As such, return -EINVAL if the program has a type of BPF_PROG_TYPE_EXT when adding it to a prog_array map.  Additionally, fix a minor code style issue by replacing eight spaces with a tab for proper formatting.	https://nvd.nist.gov/vuln/detail/CVE-2024-47794	filtered-vector-low-criticality: LOCAL scorev3<7
CVE-2024-49885	5.5	LOCAL	yes	In the Linux kernel, the following vulnerability has been resolved:  mm, slub: avoid zeroing kmalloc redzone  Since commit 946fa0dbf2d8 ("mm/slub: extend redzone check to extra allocated kmalloc space than requested"), setting orig_size treats the wasted space (object_size - orig_size) as a redzone. However with init_on_free=1 we clear the full object->size, including the redzone.  Additionally we clear the object metadata, including the stored orig_size, making it zero, which makes check_object() treat the whole object as a redzone.  These issues lead to the following BUG report with "slub_debug=FUZ init_on_free=1":  [    0.000000] ============================================================================= [    0.000000] BUG kmalloc-8 (Not tainted): kmalloc Redzone overwritten [    0.000000] ----------------------------------------------------------------------------- [    0.000000] [    0.000000] 0xffff000010032858-0xffff00001003285f @offset=2136. First byte 0x0 instead of 0xcc [    0.000000] FIX kmalloc-8: Restoring kmalloc Redzone 0xffff000010032858-0xffff00001003285f=0xcc [    0.000000] Slab 0xfffffdffc0400c80 objects=36 used=23 fp=0xffff000010032a18 flags=0x3fffe0000000200(workingset|node=0|zone=0|lastcpupid=0x1ffff) [    0.000000] Object 0xffff000010032858 @offset=2136 fp=0xffff0000100328c8 [    0.000000] [    0.000000] Redzone  ffff000010032850: cc cc cc cc cc cc cc cc                          ........ [    0.000000] Object   ffff000010032858: cc cc cc cc cc cc cc cc                          ........ [    0.000000] Redzone  ffff000010032860: cc cc cc cc cc cc cc cc                          ........ [    0.000000] Padding  ffff0000100328b4: 00 00 00 00 00 00 00 00 00 00 00 00              ............ [    0.000000] CPU: 0 UID: 0 PID: 0 Comm: swapper/0 Not tainted 6.11.0-rc3-next-20240814-00004-g61844c55c3f4 #144 [    0.000000] Hardware name: NXP i.MX95 19X19 board (DT) [    0.000000] Call trace: [    0.000000]  dump_backtrace+0x90/0xe8 [    0.000000]  show_stack+0x18/0x24 [    0.000000]  dump_stack_lvl+0x74/0x8c [    0.000000]  dump_stack+0x18/0x24 [    0.000000]  print_trailer+0x150/0x218 [    0.000000]  check_object+0xe4/0x454 [    0.000000]  free_to_partial_list+0x2f8/0x5ec  To address the issue, use orig_size to clear the used area. And restore the value of orig_size after clear the remaining area.  When CONFIG_SLUB_DEBUG not defined, (get_orig_size()' directly returns s->object_size. So when using memset to init the area, the size can simply be orig_size, as orig_size returns object_size when CONFIG_SLUB_DEBUG not enabled. And orig_size can never be bigger than object_size.	https://nvd.nist.gov/vuln/detail/CVE-2024-49885	filtered-vector-low-criticality: LOCAL scorev3<7
CVE-2024-49888	5.5	LOCAL	yes	In the Linux kernel, the following vulnerability has been resolved:  bpf: Fix a sdiv overflow issue  Zac Ecob reported a problem where a bpf program may cause kernel crash due to the following error:   Oops: divide error: 0000 [#1] PREEMPT SMP KASAN PTI  The failure is due to the below signed divide:   LLONG_MIN/-1 where LLONG_MIN equals to -9,223,372,036,854,775,808. LLONG_MIN/-1 is supposed to give a positive number 9,223,372,036,854,775,808, but it is impossible since for 64-bit system, the maximum positive number is 9,223,372,036,854,775,807. On x86_64, LLONG_MIN/-1 will cause a kernel exception. On arm64, the result for LLONG_MIN/-1 is LLONG_MIN.  Further investigation found all the following sdiv/smod cases may trigger an exception when bpf program is running on x86_64 platform:   - LLONG_MIN/-1 for 64bit operation   - INT_MIN/-1 for 32bit operation   - LLONG_MIN%-1 for 64bit operation   - INT_MIN%-1 for 32bit operation where -1 can be an immediate or in a register.  On arm64, there are no exceptions:   - LLONG_MIN/-1 = LLONG_MIN   - INT_MIN/-1 = INT_MIN   - LLONG_MIN%-1 = 0   - INT_MIN%-1 = 0 where -1 can be an immediate or in a register.  Insn patching is needed to handle the above cases and the patched codes produced results aligned with above arm64 result. The below are pseudo codes to handle sdiv/smod exceptions including both divisor -1 and divisor 0 and the divisor is stored in a register.  sdiv:       tmp = rX       tmp += 1 /* [-1, 0] -> [0, 1]       if tmp >(unsigned) 1 goto L2       if tmp == 0 goto L1       rY = 0   L1:       rY = -rY;       goto L3   L2:       rY /= rX   L3:  smod:       tmp = rX       tmp += 1 /* [-1, 0] -> [0, 1]       if tmp >(unsigned) 1 goto L1       if tmp == 1 (is64 ? goto L2 : goto L3)       rY = 0;       goto L2   L1:       rY %= rX   L2:       goto L4  // only when !is64   L3:       wY = wY  // only when !is64   L4:    [1] https://lore.kernel.org/bpf/tPJLTEh7S_DxFEqAI2Ji5MBSoZVg7_G-Py2iaZpAaWtM961fFTWtsnlzwvTbzBzaUzwQAoNATXKUlt0LZOFgnDcIyKCswAnAGdUF3LBrhGQ=@protonmail.com/	https://nvd.nist.gov/vuln/detail/CVE-2024-49888	filtered-vector-low-criticality: LOCAL scorev3<7
CVE-2024-49891	5.5	LOCAL	yes	In the Linux kernel, the following vulnerability has been resolved:  scsi: lpfc: Validate hdwq pointers before dereferencing in reset/errata paths  When the HBA is undergoing a reset or is handling an errata event, NULL ptr dereference crashes may occur in routines such as lpfc_sli_flush_io_rings(), lpfc_dev_loss_tmo_callbk(), or lpfc_abort_handler().  Add NULL ptr checks before dereferencing hdwq pointers that may have been freed due to operations colliding with a reset or errata event handler.	https://nvd.nist.gov/vuln/detail/CVE-2024-49891	filtered-vector-low-criticality: LOCAL scorev3<7
CVE-2024-49893	5.5	LOCAL	yes	In the Linux kernel, the following vulnerability has been resolved:  drm/amd/display: Check stream_status before it is used  [WHAT & HOW] dc_state_get_stream_status can return null, and therefore null must be checked before stream_status is used.  This fixes 1 NULL_RETURNS issue reported by Coverity.	https://nvd.nist.gov/vuln/detail/CVE-2024-49893	filtered-vector-low-criticality: LOCAL scorev3<7
CVE-2024-49897	5.5	LOCAL	yes	In the Linux kernel, the following vulnerability has been resolved:  drm/amd/display: Check phantom_stream before it is used  dcn32_enable_phantom_stream can return null, so returned value must be checked before used.  This fixes 1 NULL_RETURNS issue reported by Coverity.	https://nvd.nist.gov/vuln/detail/CVE-2024-49897	filtered-vector-low-criticality: LOCAL scorev3<7
CVE-2024-49898	5.5	LOCAL	yes	In the Linux kernel, the following vulnerability has been resolved:  drm/amd/display: Check null-initialized variables  [WHAT & HOW] drr_timing and subvp_pipe are initialized to null and they are not always assigned new values. It is necessary to check for null before dereferencing.  This fixes 2 FORWARD_NULL issues reported by Coverity.	https://nvd.nist.gov/vuln/detail/CVE-2024-49898	filtered-vector-low-criticality: LOCAL scorev3<7
CVE-2024-49899	5.5	LOCAL	yes	In the Linux kernel, the following vulnerability has been resolved:  drm/amd/display: Initialize denominators' default to 1  [WHAT & HOW] Variables used as denominators and maybe not assigned to other values, should not be 0. Change their default to 1 so they are never 0.  This fixes 10 DIVIDE_BY_ZERO issues reported by Coverity.	https://nvd.nist.gov/vuln/detail/CVE-2024-49899	filtered-vector-low-criticality: LOCAL scorev3<7
CVE-2024-49904	5.5	LOCAL	yes	In the Linux kernel, the following vulnerability has been resolved:  drm/amdgpu: add list empty check to avoid null pointer issue  Add list empty check to avoid null pointer issues in some corner cases. - list_for_each_entry_safe()	https://nvd.nist.gov/vuln/detail/CVE-2024-49904	filtered-vector-low-criticality: LOCAL scorev3<7
CVE-2024-49906	5.5	LOCAL	yes	In the Linux kernel, the following vulnerability has been resolved:  drm/amd/display: Check null pointer before try to access it  [why & how] Change the order of the pipe_ctx->plane_state check to ensure that plane_state is not null before accessing it.	https://nvd.nist.gov/vuln/detail/CVE-2024-49906	filtered-vector-low-criticality: LOCAL scorev3<7
CVE-2024-49908	5.5	LOCAL	yes	In the Linux kernel, the following vulnerability has been resolved:  drm/amd/display: Add null check for 'afb' in amdgpu_dm_update_cursor (v2)  This commit adds a null check for the 'afb' variable in the amdgpu_dm_update_cursor function. Previously, 'afb' was assumed to be null at line 8388, but was used later in the code without a null check. This could potentially lead to a null pointer dereference.  Changes since v1: - Moved the null check for 'afb' to the line where 'afb' is used. (Alex)  Fixes the below: drivers/gpu/drm/amd/amdgpu/../display/amdgpu_dm/amdgpu_dm.c:8433 amdgpu_dm_update_cursor() 	error: we previously assumed 'afb' could be null (see line 8388)	https://nvd.nist.gov/vuln/detail/CVE-2024-49908	filtered-vector-low-criticality: LOCAL scorev3<7
CVE-2024-49909	5.5	LOCAL	yes	In the Linux kernel, the following vulnerability has been resolved:  drm/amd/display: Add NULL check for function pointer in dcn32_set_output_transfer_func  This commit adds a null check for the set_output_gamma function pointer in the dcn32_set_output_transfer_func function. Previously, set_output_gamma was being checked for null, but then it was being dereferenced without any null check. This could lead to a null pointer dereference if set_output_gamma is null.  To fix this, we now ensure that set_output_gamma is not null before dereferencing it. We do this by adding a null check for set_output_gamma before the call to set_output_gamma.	https://nvd.nist.gov/vuln/detail/CVE-2024-49909	filtered-vector-low-criticality: LOCAL scorev3<7
CVE-2024-49910	5.5	LOCAL	yes	In the Linux kernel, the following vulnerability has been resolved:  drm/amd/display: Add NULL check for function pointer in dcn401_set_output_transfer_func  This commit adds a null check for the set_output_gamma function pointer in the dcn401_set_output_transfer_func function. Previously, set_output_gamma was being checked for null, but then it was being dereferenced without any null check. This could lead to a null pointer dereference if set_output_gamma is null.  To fix this, we now ensure that set_output_gamma is not null before dereferencing it. We do this by adding a null check for set_output_gamma before the call to set_output_gamma.	https://nvd.nist.gov/vuln/detail/CVE-2024-49910	filtered-vector-low-criticality: LOCAL scorev3<7
CVE-2024-49911	5.5	LOCAL	yes	In the Linux kernel, the following vulnerability has been resolved:  drm/amd/display: Add NULL check for function pointer in dcn20_set_output_transfer_func  This commit adds a null check for the set_output_gamma function pointer in the dcn20_set_output_transfer_func function. Previously, set_output_gamma was being checked for null at line 1030, but then it was being dereferenced without any null check at line 1048. This could potentially lead to a null pointer dereference error if set_output_gamma is null.  To fix this, we now ensure that set_output_gamma is not null before dereferencing it. We do this by adding a null check for set_output_gamma before the call to set_output_gamma at line 1048.	https://nvd.nist.gov/vuln/detail/CVE-2024-49911	filtered-vector-low-criticality: LOCAL scorev3<7
CVE-2024-49914	5.5	LOCAL	yes	In the Linux kernel, the following vulnerability has been resolved:  drm/amd/display: Add null check for pipe_ctx->plane_state in dcn20_program_pipe  This commit addresses a null pointer dereference issue in the `dcn20_program_pipe` function. The issue could occur when `pipe_ctx->plane_state` is null.  The fix adds a check to ensure `pipe_ctx->plane_state` is not null before accessing. This prevents a null pointer dereference.  Reported by smatch: drivers/gpu/drm/amd/amdgpu/../display/dc/hwss/dcn20/dcn20_hwseq.c:1925 dcn20_program_pipe() error: we previously assumed 'pipe_ctx->plane_state' could be null (see line 1877)	https://nvd.nist.gov/vuln/detail/CVE-2024-49914	filtered-vector-low-criticality: LOCAL scorev3<7
CVE-2024-49915	5.5	LOCAL	yes	In the Linux kernel, the following vulnerability has been resolved:  drm/amd/display: Add NULL check for clk_mgr in dcn32_init_hw  This commit addresses a potential null pointer dereference issue in the `dcn32_init_hw` function. The issue could occur when `dc->clk_mgr` is null.  The fix adds a check to ensure `dc->clk_mgr` is not null before accessing its functions. This prevents a potential null pointer dereference.  Reported by smatch: drivers/gpu/drm/amd/amdgpu/../display/dc/hwss/dcn32/dcn32_hwseq.c:961 dcn32_init_hw() error: we previously assumed 'dc->clk_mgr' could be null (see line 782)	https://nvd.nist.gov/vuln/detail/CVE-2024-49915	filtered-vector-low-criticality: LOCAL scorev3<7
CVE-2024-49916	5.5	LOCAL	yes	In the Linux kernel, the following vulnerability has been resolved:  drm/amd/display: Add NULL check for clk_mgr and clk_mgr->funcs in dcn401_init_hw  This commit addresses a potential null pointer dereference issue in the `dcn401_init_hw` function. The issue could occur when `dc->clk_mgr` or `dc->clk_mgr->funcs` is null.  The fix adds a check to ensure `dc->clk_mgr` and `dc->clk_mgr->funcs` is not null before accessing its functions. This prevents a potential null pointer dereference.  Reported by smatch: drivers/gpu/drm/amd/amdgpu/../display/dc/hwss/dcn401/dcn401_hwseq.c:416 dcn401_init_hw() error: we previously assumed 'dc->clk_mgr' could be null (see line 225)	https://nvd.nist.gov/vuln/detail/CVE-2024-49916	filtered-vector-low-criticality: LOCAL scorev3<7
CVE-2024-49917	5.5	LOCAL	yes	In the Linux kernel, the following vulnerability has been resolved:  drm/amd/display: Add NULL check for clk_mgr and clk_mgr->funcs in dcn30_init_hw  This commit addresses a potential null pointer dereference issue in the `dcn30_init_hw` function. The issue could occur when `dc->clk_mgr` or `dc->clk_mgr->funcs` is null.  The fix adds a check to ensure `dc->clk_mgr` and `dc->clk_mgr->funcs` is not null before accessing its functions. This prevents a potential null pointer dereference.  Reported by smatch: drivers/gpu/drm/amd/amdgpu/../display/dc/hwss/dcn30/dcn30_hwseq.c:789 dcn30_init_hw() error: we previously assumed 'dc->clk_mgr' could be null (see line 628)	https://nvd.nist.gov/vuln/detail/CVE-2024-49917	filtered-vector-low-criticality: LOCAL scorev3<7
CVE-2024-49918	5.5	LOCAL	yes	In the Linux kernel, the following vulnerability has been resolved:  drm/amd/display: Add null check for head_pipe in dcn32_acquire_idle_pipe_for_head_pipe_in_layer  This commit addresses a potential null pointer dereference issue in the `dcn32_acquire_idle_pipe_for_head_pipe_in_layer` function. The issue could occur when `head_pipe` is null.  The fix adds a check to ensure `head_pipe` is not null before asserting it. If `head_pipe` is null, the function returns NULL to prevent a potential null pointer dereference.  Reported by smatch: drivers/gpu/drm/amd/amdgpu/../display/dc/resource/dcn32/dcn32_resource.c:2690 dcn32_acquire_idle_pipe_for_head_pipe_in_layer() error: we previously assumed 'head_pipe' could be null (see line 2681)	https://nvd.nist.gov/vuln/detail/CVE-2024-49918	filtered-vector-low-criticality: LOCAL scorev3<7
CVE-2024-49919	5.5	LOCAL	yes	In the Linux kernel, the following vulnerability has been resolved:  drm/amd/display: Add null check for head_pipe in dcn201_acquire_free_pipe_for_layer  This commit addresses a potential null pointer dereference issue in the `dcn201_acquire_free_pipe_for_layer` function. The issue could occur when `head_pipe` is null.  The fix adds a check to ensure `head_pipe` is not null before asserting it. If `head_pipe` is null, the function returns NULL to prevent a potential null pointer dereference.  Reported by smatch: drivers/gpu/drm/amd/amdgpu/../display/dc/resource/dcn201/dcn201_resource.c:1016 dcn201_acquire_free_pipe_for_layer() error: we previously assumed 'head_pipe' could be null (see line 1010)	https://nvd.nist.gov/vuln/detail/CVE-2024-49919	filtered-vector-low-criticality: LOCAL scorev3<7
CVE-2024-49920	5.5	LOCAL	yes	In the Linux kernel, the following vulnerability has been resolved:  drm/amd/display: Check null pointers before multiple uses  [WHAT & HOW] Poniters, such as stream_enc and dc->bw_vbios, are null checked previously in the same function, so Coverity warns "implies that stream_enc and dc->bw_vbios might be null". They are used multiple times in the subsequent code and need to be checked.  This fixes 10 FORWARD_NULL issues reported by Coverity.	https://nvd.nist.gov/vuln/detail/CVE-2024-49920	filtered-vector-low-criticality: LOCAL scorev3<7
CVE-2024-49921	5.5	LOCAL	yes	In the Linux kernel, the following vulnerability has been resolved:  drm/amd/display: Check null pointers before used  [WHAT & HOW] Poniters, such as dc->clk_mgr, are null checked previously in the same function, so Coverity warns "implies that "dc->clk_mgr" might be null". As a result, these pointers need to be checked when used again.  This fixes 10 FORWARD_NULL issues reported by Coverity.	https://nvd.nist.gov/vuln/detail/CVE-2024-49921	filtered-vector-low-criticality: LOCAL scorev3<7
CVE-2024-49922	5.5	LOCAL	yes	In the Linux kernel, the following vulnerability has been resolved:  drm/amd/display: Check null pointers before using them  [WHAT & HOW] These pointers are null checked previously in the same function, indicating they might be null as reported by Coverity. As a result, they need to be checked when used again.  This fixes 3 FORWARD_NULL issue reported by Coverity.	https://nvd.nist.gov/vuln/detail/CVE-2024-49922	filtered-vector-low-criticality: LOCAL scorev3<7
CVE-2024-49923	5.5	LOCAL	yes	In the Linux kernel, the following vulnerability has been resolved:  drm/amd/display: Pass non-null to dcn20_validate_apply_pipe_split_flags  [WHAT & HOW] "dcn20_validate_apply_pipe_split_flags" dereferences merge, and thus it cannot be a null pointer. Let's pass a valid pointer to avoid null dereference.  This fixes 2 FORWARD_NULL issues reported by Coverity.	https://nvd.nist.gov/vuln/detail/CVE-2024-49923	filtered-vector-low-criticality: LOCAL scorev3<7
CVE-2024-49926	5.5	LOCAL	yes	In the Linux kernel, the following vulnerability has been resolved:  rcu-tasks: Fix access non-existent percpu rtpcp variable in rcu_tasks_need_gpcb()  For kernels built with CONFIG_FORCE_NR_CPUS=y, the nr_cpu_ids is defined as NR_CPUS instead of the number of possible cpus, this will cause the following system panic:  smpboot: Allowing 4 CPUs, 0 hotplug CPUs ... setup_percpu: NR_CPUS:512 nr_cpumask_bits:512 nr_cpu_ids:512 nr_node_ids:1 ... BUG: unable to handle page fault for address: ffffffff9911c8c8 Oops: 0000 [#1] PREEMPT SMP PTI CPU: 0 PID: 15 Comm: rcu_tasks_trace Tainted: G W 6.6.21 #1 5dc7acf91a5e8e9ac9dcfc35bee0245691283ea6 RIP: 0010:rcu_tasks_need_gpcb+0x25d/0x2c0 RSP: 0018:ffffa371c00a3e60 EFLAGS: 00010082 CR2: ffffffff9911c8c8 CR3: 000000040fa20005 CR4: 00000000001706f0 Call Trace: <TASK> ? __die+0x23/0x80 ? page_fault_oops+0xa4/0x180 ? exc_page_fault+0x152/0x180 ? asm_exc_page_fault+0x26/0x40 ? rcu_tasks_need_gpcb+0x25d/0x2c0 ? __pfx_rcu_tasks_kthread+0x40/0x40 rcu_tasks_one_gp+0x69/0x180 rcu_tasks_kthread+0x94/0xc0 kthread+0xe8/0x140 ? __pfx_kthread+0x40/0x40 ret_from_fork+0x34/0x80 ? __pfx_kthread+0x40/0x40 ret_from_fork_asm+0x1b/0x80 </TASK>  Considering that there may be holes in the CPU numbers, use the maximum possible cpu number, instead of nr_cpu_ids, for configuring enqueue and dequeue limits.  [ neeraj.upadhyay: Fix htmldocs build error reported by Stephen Rothwell ]	https://nvd.nist.gov/vuln/detail/CVE-2024-49926	filtered-vector-low-criticality: LOCAL scorev3<7
CVE-2024-49932	5.5	LOCAL	yes	In the Linux kernel, the following vulnerability has been resolved:  btrfs: don't readahead the relocation inode on RST  On relocation we're doing readahead on the relocation inode, but if the filesystem is backed by a RAID stripe tree we can get ENOENT (e.g. due to preallocated extents not being mapped in the RST) from the lookup.  But readahead doesn't handle the error and submits invalid reads to the device, causing an assertion in the scatter-gather list code:    BTRFS info (device nvme1n1): balance: start -d -m -s   BTRFS info (device nvme1n1): relocating block group 6480920576 flags data|raid0   BTRFS error (device nvme1n1): cannot find raid-stripe for logical [6481928192, 6481969152] devid 2, profile raid0   ------------[ cut here ]------------   kernel BUG at include/linux/scatterlist.h:115!   Oops: invalid opcode: 0000 [#1] PREEMPT SMP PTI   CPU: 0 PID: 1012 Comm: btrfs Not tainted 6.10.0-rc7+ #567   RIP: 0010:__blk_rq_map_sg+0x339/0x4a0   RSP: 0018:ffffc90001a43820 EFLAGS: 00010202   RAX: 0000000000000000 RBX: 0000000000000000 RCX: ffffea00045d4802   RDX: 0000000117520000 RSI: 0000000000000000 RDI: ffff8881027d1000   RBP: 0000000000003000 R08: ffffea00045d4902 R09: 0000000000000000   R10: 0000000000000000 R11: 0000000000001000 R12: ffff8881003d10b8   R13: ffffc90001a438f0 R14: 0000000000000000 R15: 0000000000003000   FS:  00007fcc048a6900(0000) GS:ffff88813bc00000(0000) knlGS:0000000000000000   CS:  0010 DS: 0000 ES: 0000 CR0: 0000000080050033   CR2: 000000002cd11000 CR3: 00000001109ea001 CR4: 0000000000370eb0   Call Trace:    <TASK>    ? __die_body.cold+0x14/0x25    ? die+0x2e/0x50    ? do_trap+0xca/0x110    ? do_error_trap+0x65/0x80    ? __blk_rq_map_sg+0x339/0x4a0    ? exc_invalid_op+0x50/0x70    ? __blk_rq_map_sg+0x339/0x4a0    ? asm_exc_invalid_op+0x1a/0x20    ? __blk_rq_map_sg+0x339/0x4a0    nvme_prep_rq.part.0+0x9d/0x770    nvme_queue_rq+0x7d/0x1e0    __blk_mq_issue_directly+0x2a/0x90    ? blk_mq_get_budget_and_tag+0x61/0x90    blk_mq_try_issue_list_directly+0x56/0xf0    blk_mq_flush_plug_list.part.0+0x52b/0x5d0    __blk_flush_plug+0xc6/0x110    blk_finish_plug+0x28/0x40    read_pages+0x160/0x1c0    page_cache_ra_unbounded+0x109/0x180    relocate_file_extent_cluster+0x611/0x6a0    ? btrfs_search_slot+0xba4/0xd20    ? balance_dirty_pages_ratelimited_flags+0x26/0xb00    relocate_data_extent.constprop.0+0x134/0x160    relocate_block_group+0x3f2/0x500    btrfs_relocate_block_group+0x250/0x430    btrfs_relocate_chunk+0x3f/0x130    btrfs_balance+0x71b/0xef0    ? kmalloc_trace_noprof+0x13b/0x280    btrfs_ioctl+0x2c2e/0x3030    ? kvfree_call_rcu+0x1e6/0x340    ? list_lru_add_obj+0x66/0x80    ? mntput_no_expire+0x3a/0x220    __x64_sys_ioctl+0x96/0xc0    do_syscall_64+0x54/0x110    entry_SYSCALL_64_after_hwframe+0x76/0x7e   RIP: 0033:0x7fcc04514f9b   Code: Unable to access opcode bytes at 0x7fcc04514f71.   RSP: 002b:00007ffeba923370 EFLAGS: 00000246 ORIG_RAX: 0000000000000010   RAX: ffffffffffffffda RBX: 0000000000000003 RCX: 00007fcc04514f9b   RDX: 00007ffeba923460 RSI: 00000000c4009420 RDI: 0000000000000003   RBP: 0000000000000000 R08: 0000000000000013 R09: 0000000000000001   R10: 00007fcc043fbba8 R11: 0000000000000246 R12: 00007ffeba924fc5   R13: 00007ffeba923460 R14: 0000000000000002 R15: 00000000004d4bb0    </TASK>   Modules linked in:   ---[ end trace 0000000000000000 ]---   RIP: 0010:__blk_rq_map_sg+0x339/0x4a0   RSP: 0018:ffffc90001a43820 EFLAGS: 00010202   RAX: 0000000000000000 RBX: 0000000000000000 RCX: ffffea00045d4802   RDX: 0000000117520000 RSI: 0000000000000000 RDI: ffff8881027d1000   RBP: 0000000000003000 R08: ffffea00045d4902 R09: 0000000000000000   R10: 0000000000000000 R11: 0000000000001000 R12: ffff8881003d10b8   R13: ffffc90001a438f0 R14: 0000000000000000 R15: 0000000000003000   FS:  00007fcc048a6900(0000) GS:ffff88813bc00000(0000) knlGS:0000000000000000   CS:  0010 DS: 0000 ES: 0000 CR0: 0000000080050033   CR2: 00007fcc04514f71 CR3: 00000001109ea001 CR4: 0000000000370eb0   Kernel p ---truncated---	https://nvd.nist.gov/vuln/detail/CVE-2024-49932	filtered-vector-low-criticality: LOCAL scorev3<7
CVE-2024-49934	4.6	PHYSICAL	yes	In the Linux kernel, the following vulnerability has been resolved:  fs/inode: Prevent dump_mapping() accessing invalid dentry.d_name.name  It's observed that a crash occurs during hot-remove a memory device, in which user is accessing the hugetlb. See calltrace as following:  ------------[ cut here ]------------ WARNING: CPU: 1 PID: 14045 at arch/x86/mm/fault.c:1278 do_user_addr_fault+0x2a0/0x790 Modules linked in: kmem device_dax cxl_mem cxl_pmem cxl_port cxl_pci dax_hmem dax_pmem nd_pmem cxl_acpi nd_btt cxl_core crc32c_intel nvme virtiofs fuse nvme_core nfit libnvdimm dm_multipath scsi_dh_rdac scsi_dh_emc s mirror dm_region_hash dm_log dm_mod CPU: 1 PID: 14045 Comm: daxctl Not tainted 6.10.0-rc2-lizhijian+ #492 Hardware name: QEMU Standard PC (Q35 + ICH9, 2009), BIOS rel-1.16.3-0-ga6ed6b701f0a-prebuilt.qemu.org 04/01/2014 RIP: 0010:do_user_addr_fault+0x2a0/0x790 Code: 48 8b 00 a8 04 0f 84 b5 fe ff ff e9 1c ff ff ff 4c 89 e9 4c 89 e2 be 01 00 00 00 bf 02 00 00 00 e8 b5 ef 24 00 e9 42 fe ff ff <0f> 0b 48 83 c4 08 4c 89 ea 48 89 ee 4c 89 e7 5b 5d 41 5c 41 5d 41 RSP: 0000:ffffc90000a575f0 EFLAGS: 00010046 RAX: ffff88800c303600 RBX: 0000000000000000 RCX: 0000000000000000 RDX: 0000000000001000 RSI: ffffffff82504162 RDI: ffffffff824b2c36 RBP: 0000000000000000 R08: 0000000000000000 R09: 0000000000000000 R10: 0000000000000000 R11: 0000000000000000 R12: ffffc90000a57658 R13: 0000000000001000 R14: ffff88800bc2e040 R15: 0000000000000000 FS:  00007f51cb57d880(0000) GS:ffff88807fd00000(0000) knlGS:0000000000000000 CS:  0010 DS: 0000 ES: 0000 CR0: 0000000080050033 CR2: 0000000000001000 CR3: 00000000072e2004 CR4: 00000000001706f0 DR0: 0000000000000000 DR1: 0000000000000000 DR2: 0000000000000000 DR3: 0000000000000000 DR6: 00000000fffe0ff0 DR7: 0000000000000400 Call Trace:  <TASK>  ? __warn+0x8d/0x190  ? do_user_addr_fault+0x2a0/0x790  ? report_bug+0x1c3/0x1d0  ? handle_bug+0x3c/0x70  ? exc_invalid_op+0x14/0x70  ? asm_exc_invalid_op+0x16/0x20  ? do_user_addr_fault+0x2a0/0x790  ? exc_page_fault+0x31/0x200  exc_page_fault+0x68/0x200 <...snip...> BUG: unable to handle page fault for address: 0000000000001000  #PF: supervisor read access in kernel mode  #PF: error_code(0x0000) - not-present page  PGD 800000000ad92067 P4D 800000000ad92067 PUD 7677067 PMD 0  Oops: Oops: 0000 [#1] PREEMPT SMP PTI  ---[ end trace 0000000000000000 ]---  BUG: unable to handle page fault for address: 0000000000001000  #PF: supervisor read access in kernel mode  #PF: error_code(0x0000) - not-present page  PGD 800000000ad92067 P4D 800000000ad92067 PUD 7677067 PMD 0  Oops: Oops: 0000 [#1] PREEMPT SMP PTI  CPU: 1 PID: 14045 Comm: daxctl Kdump: loaded Tainted: G        W          6.10.0-rc2-lizhijian+ #492  Hardware name: QEMU Standard PC (Q35 + ICH9, 2009), BIOS rel-1.16.3-0-ga6ed6b701f0a-prebuilt.qemu.org 04/01/2014  RIP: 0010:dentry_name+0x1f4/0x440 <...snip...> ? dentry_name+0x2fa/0x440 vsnprintf+0x1f3/0x4f0 vprintk_store+0x23a/0x540 vprintk_emit+0x6d/0x330 _printk+0x58/0x80 dump_mapping+0x10b/0x1a0 ? __pfx_free_object_rcu+0x10/0x10 __dump_page+0x26b/0x3e0 ? vprintk_emit+0xe0/0x330 ? _printk+0x58/0x80 ? dump_page+0x17/0x50 dump_page+0x17/0x50 do_migrate_range+0x2f7/0x7f0 ? do_migrate_range+0x42/0x7f0 ? offline_pages+0x2f4/0x8c0 offline_pages+0x60a/0x8c0 memory_subsys_offline+0x9f/0x1c0 ? lockdep_hardirqs_on+0x77/0x100 ? _raw_spin_unlock_irqrestore+0x38/0x60 device_offline+0xe3/0x110 state_store+0x6e/0xc0 kernfs_fop_write_iter+0x143/0x200 vfs_write+0x39f/0x560 ksys_write+0x65/0xf0 do_syscall_64+0x62/0x130  Previously, some sanity check have been done in dump_mapping() before the print facility parsing '%pd' though, it's still possible to run into an invalid dentry.d_name.name.  Since dump_mapping() only needs to dump the filename only, retrieve it by itself in a safer way to prevent an unnecessary crash.  Note that either retrieving the filename with '%pd' or strncpy_from_kernel_nofault(), the filename could be unreliable.	https://nvd.nist.gov/vuln/detail/CVE-2024-49934	filtered-vector-low-criticality: PHYSICAL scorev3<7
CVE-2024-49940	5.5	LOCAL	yes	In the Linux kernel, the following vulnerability has been resolved:  l2tp: prevent possible tunnel refcount underflow  When a session is created, it sets a backpointer to its tunnel. When the session refcount drops to 0, l2tp_session_free drops the tunnel refcount if session->tunnel is non-NULL. However, session->tunnel is set in l2tp_session_create, before the tunnel refcount is incremented by l2tp_session_register, which leaves a small window where session->tunnel is non-NULL when the tunnel refcount hasn't been bumped.  Moving the assignment to l2tp_session_register is trivial but l2tp_session_create calls l2tp_session_set_header_len which uses session->tunnel to get the tunnel's encap. Add an encap arg to l2tp_session_set_header_len to avoid using session->tunnel.  If l2tpv3 sessions have colliding IDs, it is possible for l2tp_v3_session_get to race with l2tp_session_register and fetch a session which doesn't yet have session->tunnel set. Add a check for this case.	https://nvd.nist.gov/vuln/detail/CVE-2024-49940	filtered-vector-low-criticality: LOCAL scorev3<7
CVE-2024-49945	5.5	LOCAL	yes	In the Linux kernel, the following vulnerability has been resolved:  net/ncsi: Disable the ncsi work before freeing the associated structure  The work function can run after the ncsi device is freed, resulting in use-after-free bugs or kernel panic.	https://nvd.nist.gov/vuln/detail/CVE-2024-49945	filtered-vector-low-criticality: LOCAL scorev3<7
CVE-2024-49968	5.5	LOCAL	yes	In the Linux kernel, the following vulnerability has been resolved:  ext4: filesystems without casefold feature cannot be mounted with siphash  When mounting the ext4 filesystem, if the default hash version is set to DX_HASH_SIPHASH but the casefold feature is not set, exit the mounting.	https://nvd.nist.gov/vuln/detail/CVE-2024-49968	filtered-vector-low-criticality: LOCAL scorev3<7
CVE-2024-49970	5.5	LOCAL	yes	In the Linux kernel, the following vulnerability has been resolved:  drm/amd/display: Implement bounds check for stream encoder creation in DCN401  'stream_enc_regs' array is an array of dcn10_stream_enc_registers structures. The array is initialized with four elements, corresponding to the four calls to stream_enc_regs() in the array initializer. This means that valid indices for this array are 0, 1, 2, and 3.  The error message 'stream_enc_regs' 4 <= 5 below, is indicating that there is an attempt to access this array with an index of 5, which is out of bounds. This could lead to undefined behavior  Here, eng_id is used as an index to access the stream_enc_regs array. If eng_id is 5, this would result in an out-of-bounds access on the stream_enc_regs array.  Thus fixing Buffer overflow error in dcn401_stream_encoder_create  Found by smatch: drivers/gpu/drm/amd/amdgpu/../display/dc/resource/dcn401/dcn401_resource.c:1209 dcn401_stream_encoder_create() error: buffer overflow 'stream_enc_regs' 4 <= 5	https://nvd.nist.gov/vuln/detail/CVE-2024-49970	filtered-vector-low-criticality: LOCAL scorev3<7
CVE-2024-49971	5.5	LOCAL	yes	In the Linux kernel, the following vulnerability has been resolved:  drm/amd/display: Increase array size of dummy_boolean  [WHY] dml2_core_shared_mode_support and dml_core_mode_support access the third element of dummy_boolean, i.e. hw_debug5 = &s->dummy_boolean[2], when dummy_boolean has size of 2. Any assignment to hw_debug5 causes an OVERRUN.  [HOW] Increase dummy_boolean's array size to 3.  This fixes 2 OVERRUN issues reported by Coverity.	https://nvd.nist.gov/vuln/detail/CVE-2024-49971	filtered-vector-low-criticality: LOCAL scorev3<7
CVE-2024-49972	5.5	LOCAL	yes	In the Linux kernel, the following vulnerability has been resolved:  drm/amd/display: Deallocate DML memory if allocation fails  [Why] When DC state create DML memory allocation fails, memory is not deallocated subsequently, resulting in uninitialized structure that is not NULL.  [How] Deallocate memory if DML memory allocation fails.	https://nvd.nist.gov/vuln/detail/CVE-2024-49972	filtered-vector-low-criticality: LOCAL scorev3<7
CVE-2024-49974	5.5	LOCAL	yes	In the Linux kernel, the following vulnerability has been resolved:  NFSD: Limit the number of concurrent async COPY operations  Nothing appears to limit the number of concurrent async COPY operations that clients can start. In addition, AFAICT each async COPY can copy an unlimited number of 4MB chunks, so can run for a long time. Thus IMO async COPY can become a DoS vector.  Add a restriction mechanism that bounds the number of concurrent background COPY operations. Start simple and try to be fair -- this patch implements a per-namespace limit.  An async COPY request that occurs while this limit is exceeded gets NFS4ERR_DELAY. The requesting client can choose to send the request again after a delay or fall back to a traditional read/write style copy.  If there is need to make the mechanism more sophisticated, we can visit that in future patches.	https://nvd.nist.gov/vuln/detail/CVE-2024-49974	filtered-vector-low-criticality: LOCAL scorev3<7
CVE-2024-49990	5.5	LOCAL	yes	In the Linux kernel, the following vulnerability has been resolved:  drm/xe/hdcp: Check GSC structure validity  Sometimes xe_gsc is not initialized when checked at HDCP capability check. Add gsc structure check to avoid null pointer error.	https://nvd.nist.gov/vuln/detail/CVE-2024-49990	filtered-vector-low-criticality: LOCAL scorev3<7
CVE-2024-49994	5.5	LOCAL	yes	In the Linux kernel, the following vulnerability has been resolved:  block: fix integer overflow in BLKSECDISCARD  I independently rediscovered  	commit 22d24a544b0d49bbcbd61c8c0eaf77d3c9297155 	block: fix overflow in blk_ioctl_discard()  but for secure erase.  Same problem:  	uint64_t r[2] = {512, 18446744073709551104ULL}; 	ioctl(fd, BLKSECDISCARD, r);  will enter near infinite loop inside blkdev_issue_secure_erase():  	a.out: attempt to access beyond end of device 	loop0: rw=5, sector=3399043073, nr_sectors = 1024 limit=2048 	bio_check_eod: 3286214 callbacks suppressed	https://nvd.nist.gov/vuln/detail/CVE-2024-49994	filtered-vector-low-criticality: LOCAL scorev3<7
CVE-2024-49998	4.7	LOCAL	yes	In the Linux kernel, the following vulnerability has been resolved:  net: dsa: improve shutdown sequence  Alexander Sverdlin presents 2 problems during shutdown with the lan9303 driver. One is specific to lan9303 and the other just happens to reproduce there.  The first problem is that lan9303 is unique among DSA drivers in that it calls dev_get_drvdata() at "arbitrary runtime" (not probe, not shutdown, not remove):  phy_state_machine() -> ...    -> dsa_user_phy_read()       -> ds->ops->phy_read()          -> lan9303_phy_read()             -> chip->ops->phy_read()                -> lan9303_mdio_phy_read()                   -> dev_get_drvdata()  But we never stop the phy_state_machine(), so it may continue to run after dsa_switch_shutdown(). Our common pattern in all DSA drivers is to set drvdata to NULL to suppress the remove() method that may come afterwards. But in this case it will result in an NPD.  The second problem is that the way in which we set dp->conduit->dsa_ptr = NULL; is concurrent with receive packet processing. dsa_switch_rcv() checks once whether dev->dsa_ptr is NULL, but afterwards, rather than continuing to use that non-NULL value, dev->dsa_ptr is dereferenced again and again without NULL checks: dsa_conduit_find_user() and many other places. In between dereferences, there is no locking to ensure that what was valid once continues to be valid.  Both problems have the common aspect that closing the conduit interface solves them.  In the first case, dev_close(conduit) triggers the NETDEV_GOING_DOWN event in dsa_user_netdevice_event() which closes user ports as well. dsa_port_disable_rt() calls phylink_stop(), which synchronously stops the phylink state machine, and ds->ops->phy_read() will thus no longer call into the driver after this point.  In the second case, dev_close(conduit) should do this, as per Documentation/networking/driver.rst:  | Quiescence | ---------- | | After the ndo_stop routine has been called, the hardware must | not receive or transmit any data.  All in flight packets must | be aborted. If necessary, poll or wait for completion of | any reset commands.  So it should be sufficient to ensure that later, when we zeroize conduit->dsa_ptr, there will be no concurrent dsa_switch_rcv() call on this conduit.  The addition of the netif_device_detach() function is to ensure that ioctls, rtnetlinks and ethtool requests on the user ports no longer propagate down to the driver - we're no longer prepared to handle them.  The race condition actually did not exist when commit 0650bf52b31f ("net: dsa: be compatible with masters which unregister on shutdown") first introduced dsa_switch_shutdown(). It was created later, when we stopped unregistering the user interfaces from a bad spot, and we just replaced that sequence with a racy zeroization of conduit->dsa_ptr (one which doesn't ensure that the interfaces aren't up).	https://nvd.nist.gov/vuln/detail/CVE-2024-49998	filtered-vector-low-criticality: LOCAL scorev3<7
CVE-2024-50004	5.5	LOCAL	yes	In the Linux kernel, the following vulnerability has been resolved:  drm/amd/display: update DML2 policy EnhancedPrefetchScheduleAccelerationFinal DCN35  [WHY & HOW] Mismatch in DCN35 DML2 cause bw validation failed to acquire unexpected DPP pipe to cause grey screen and system hang. Remove EnhancedPrefetchScheduleAccelerationFinal value override to match HW spec.  (cherry picked from commit 9dad21f910fcea2bdcff4af46159101d7f9cd8ba)	https://nvd.nist.gov/vuln/detail/CVE-2024-50004	filtered-vector-low-criticality: LOCAL scorev3<7
CVE-2024-50009	5.5	LOCAL	yes	In the Linux kernel, the following vulnerability has been resolved:  cpufreq: amd-pstate: add check for cpufreq_cpu_get's return value  cpufreq_cpu_get may return NULL. To avoid NULL-dereference check it and return in case of error.  Found by Linux Verification Center (linuxtesting.org) with SVACE.	https://nvd.nist.gov/vuln/detail/CVE-2024-50009	filtered-vector-low-criticality: LOCAL scorev3<7
CVE-2024-50010	4.7	LOCAL	yes	In the Linux kernel, the following vulnerability has been resolved:  exec: don't WARN for racy path_noexec check  Both i_mode and noexec checks wrapped in WARN_ON stem from an artifact of the previous implementation. They used to legitimately check for the condition, but that got moved up in two commits: 633fb6ac3980 ("exec: move S_ISREG() check earlier") 0fd338b2d2cd ("exec: move path_noexec() check earlier")  Instead of being removed said checks are WARN_ON'ed instead, which has some debug value.  However, the spurious path_noexec check is racy, resulting in unwarranted warnings should someone race with setting the noexec flag.  One can note there is more to perm-checking whether execve is allowed and none of the conditions are guaranteed to still hold after they were tested for.  Additionally this does not validate whether the code path did any perm checking to begin with -- it will pass if the inode happens to be regular.  Keep the redundant path_noexec() check even though it's mindless nonsense checking for guarantee that isn't given so drop the WARN.  Reword the commentary and do small tidy ups while here.  [brauner: keep redundant path_noexec() check]	https://nvd.nist.gov/vuln/detail/CVE-2024-50010	filtered-vector-low-criticality: LOCAL scorev3<7
CVE-2024-50014	5.5	LOCAL	yes	In the Linux kernel, the following vulnerability has been resolved:  ext4: fix access to uninitialised lock in fc replay path  The following kernel trace can be triggered with fstest generic/629 when executed against a filesystem with fast-commit feature enabled:  INFO: trying to register non-static key. The code is fine but needs lockdep annotation, or maybe you didn't initialize this object before use? turning off the locking correctness validator. CPU: 0 PID: 866 Comm: mount Not tainted 6.10.0+ #11 Hardware name: QEMU Standard PC (i440FX + PIIX, 1996), BIOS rel-1.16.2-3-gd478f380-prebuilt.qemu.org 04/01/2014 Call Trace:  <TASK>  dump_stack_lvl+0x66/0x90  register_lock_class+0x759/0x7d0  __lock_acquire+0x85/0x2630  ? __find_get_block+0xb4/0x380  lock_acquire+0xd1/0x2d0  ? __ext4_journal_get_write_access+0xd5/0x160  _raw_spin_lock+0x33/0x40  ? __ext4_journal_get_write_access+0xd5/0x160  __ext4_journal_get_write_access+0xd5/0x160  ext4_reserve_inode_write+0x61/0xb0  __ext4_mark_inode_dirty+0x79/0x270  ? ext4_ext_replay_set_iblocks+0x2f8/0x450  ext4_ext_replay_set_iblocks+0x330/0x450  ext4_fc_replay+0x14c8/0x1540  ? jread+0x88/0x2e0  ? rcu_is_watching+0x11/0x40  do_one_pass+0x447/0xd00  jbd2_journal_recover+0x139/0x1b0  jbd2_journal_load+0x96/0x390  ext4_load_and_init_journal+0x253/0xd40  ext4_fill_super+0x2cc6/0x3180 ...  In the replay path there's an attempt to lock sbi->s_bdev_wb_lock in function ext4_check_bdev_write_error().  Unfortunately, at this point this spinlock has not been initialized yet.  Moving it's initialization to an earlier point in __ext4_fill_super() fixes this splat.	https://nvd.nist.gov/vuln/detail/CVE-2024-50014	filtered-vector-low-criticality: LOCAL scorev3<7
CVE-2024-50017	5.5	LOCAL	yes	In the Linux kernel, the following vulnerability has been resolved:  x86/mm/ident_map: Use gbpages only where full GB page should be mapped.  When ident_pud_init() uses only GB pages to create identity maps, large ranges of addresses not actually requested can be included in the resulting table; a 4K request will map a full GB.  This can include a lot of extra address space past that requested, including areas marked reserved by the BIOS.  That allows processor speculation into reserved regions, that on UV systems can cause system halts.  Only use GB pages when map creation requests include the full GB page of space.  Fall back to using smaller 2M pages when only portions of a GB page are included in the request.  No attempt is made to coalesce mapping requests. If a request requires a map entry at the 2M (pmd) level, subsequent mapping requests within the same 1G region will also be at the pmd level, even if adjacent or overlapping such requests could have been combined to map a full GB page. Existing usage starts with larger regions and then adds smaller regions, so this should not have any great consequence.	https://nvd.nist.gov/vuln/detail/CVE-2024-50017	filtered-vector-low-criticality: LOCAL scorev3<7
CVE-2024-50027	5.5	LOCAL	yes	In the Linux kernel, the following vulnerability has been resolved:  thermal: core: Free tzp copy along with the thermal zone  The object pointed to by tz->tzp may still be accessed after being freed in thermal_zone_device_unregister(), so move the freeing of it to the point after the removal completion has been completed at which it cannot be accessed any more.	https://nvd.nist.gov/vuln/detail/CVE-2024-50027	filtered-vector-low-criticality: LOCAL scorev3<7
CVE-2024-50028	5.5	LOCAL	yes	In the Linux kernel, the following vulnerability has been resolved:  thermal: core: Reference count the zone in thermal_zone_get_by_id()  There are places in the thermal netlink code where nothing prevents the thermal zone object from going away while being accessed after it has been returned by thermal_zone_get_by_id().  To address this, make thermal_zone_get_by_id() get a reference on the thermal zone device object to be returned with the help of get_device(), under thermal_list_lock, and adjust all of its callers to this change with the help of the cleanup.h infrastructure.	https://nvd.nist.gov/vuln/detail/CVE-2024-50028	filtered-vector-low-criticality: LOCAL scorev3<7
CVE-2024-50090	5.5	LOCAL	yes	In the Linux kernel, the following vulnerability has been resolved:  drm/xe/oa: Fix overflow in oa batch buffer  By default xe_bb_create_job() appends a MI_BATCH_BUFFER_END to batch buffer, this is not a problem if batch buffer is only used once but oa reuses the batch buffer for the same metric and at each call it appends a MI_BATCH_BUFFER_END, printing the warning below and then overflowing.  [  381.072016] ------------[ cut here ]------------ [  381.072019] xe 0000:00:02.0: [drm] Assertion `bb->len * 4 + bb_prefetch(q->gt) <= size` failed!                platform: LUNARLAKE subplatform: 1                graphics: Xe2_LPG / Xe2_HPG 20.04 step B0                media: Xe2_LPM / Xe2_HPM 20.00 step B0                tile: 0 VRAM 0 B                GT: 0 type 1  So here checking if batch buffer already have MI_BATCH_BUFFER_END if not append it.  v2: - simply fix, suggestion from Ashutosh  (cherry picked from commit 9ba0e0f30ca42a98af3689460063edfb6315718a)	https://nvd.nist.gov/vuln/detail/CVE-2024-50090	filtered-vector-low-criticality: LOCAL scorev3<7
CVE-2024-50091	5.5	LOCAL	yes	In the Linux kernel, the following vulnerability has been resolved:  dm vdo: don't refer to dedupe_context after releasing it  Clear the dedupe_context pointer in a data_vio whenever ownership of the context is lost, so that vdo can't examine it accidentally.	https://nvd.nist.gov/vuln/detail/CVE-2024-50091	filtered-vector-low-criticality: LOCAL scorev3<7
CVE-2024-50102	5.5	LOCAL	yes	In the Linux kernel, the following vulnerability has been resolved:  x86: fix user address masking non-canonical speculation issue  It turns out that AMD has a "Meltdown Lite(tm)" issue with non-canonical accesses in kernel space.  And so using just the high bit to decide whether an access is in user space or kernel space ends up with the good old "leak speculative data" if you have the right gadget using the result:    CVE-2020-12965 “Transient Execution of Non-Canonical Accesses“  Now, the kernel surrounds the access with a STAC/CLAC pair, and those instructions end up serializing execution on older Zen architectures, which closes the speculation window.  But that was true only up until Zen 5, which renames the AC bit [1]. That improves performance of STAC/CLAC a lot, but also means that the speculation window is now open.  Note that this affects not just the new address masking, but also the regular valid_user_address() check used by access_ok(), and the asm version of the sign bit check in the get_user() helpers.  It does not affect put_user() or clear_user() variants, since there's no speculative result to be used in a gadget for those operations.	https://nvd.nist.gov/vuln/detail/CVE-2024-50102	filtered-vector-low-criticality: LOCAL scorev3<7
CVE-2024-50137	5.5	LOCAL	yes	In the Linux kernel, the following vulnerability has been resolved:  reset: starfive: jh71x0: Fix accessing the empty member on JH7110 SoC  data->asserted will be NULL on JH7110 SoC since commit 82327b127d41 ("reset: starfive: Add StarFive JH7110 reset driver") was added. Add the judgment condition to avoid errors when calling reset_control_status on JH7110 SoC.	https://nvd.nist.gov/vuln/detail/CVE-2024-50137	filtered-vector-low-criticality: LOCAL scorev3<7
CVE-2024-50138	5.5	LOCAL	yes	In the Linux kernel, the following vulnerability has been resolved:  bpf: Use raw_spinlock_t in ringbuf  The function __bpf_ringbuf_reserve is invoked from a tracepoint, which disables preemption. Using spinlock_t in this context can lead to a "sleep in atomic" warning in the RT variant. This issue is illustrated in the example below:  BUG: sleeping function called from invalid context at kernel/locking/spinlock_rt.c:48 in_atomic(): 1, irqs_disabled(): 0, non_block: 0, pid: 556208, name: test_progs preempt_count: 1, expected: 0 RCU nest depth: 1, expected: 1 INFO: lockdep is turned off. Preemption disabled at: [<ffffd33a5c88ea44>] migrate_enable+0xc0/0x39c CPU: 7 PID: 556208 Comm: test_progs Tainted: G Hardware name: Qualcomm SA8775P Ride (DT) Call trace:  dump_backtrace+0xac/0x130  show_stack+0x1c/0x30  dump_stack_lvl+0xac/0xe8  dump_stack+0x18/0x30  __might_resched+0x3bc/0x4fc  rt_spin_lock+0x8c/0x1a4  __bpf_ringbuf_reserve+0xc4/0x254  bpf_ringbuf_reserve_dynptr+0x5c/0xdc  bpf_prog_ac3d15160d62622a_test_read_write+0x104/0x238  trace_call_bpf+0x238/0x774  perf_call_bpf_enter.isra.0+0x104/0x194  perf_syscall_enter+0x2f8/0x510  trace_sys_enter+0x39c/0x564  syscall_trace_enter+0x220/0x3c0  do_el0_svc+0x138/0x1dc  el0_svc+0x54/0x130  el0t_64_sync_handler+0x134/0x150  el0t_64_sync+0x17c/0x180  Switch the spinlock to raw_spinlock_t to avoid this error.	https://nvd.nist.gov/vuln/detail/CVE-2024-50138	filtered-vector-low-criticality: LOCAL scorev3<7
CVE-2024-50146	5.5	LOCAL	yes	In the Linux kernel, the following vulnerability has been resolved:  net/mlx5e: Don't call cleanup on profile rollback failure  When profile rollback fails in mlx5e_netdev_change_profile, the netdev profile var is left set to NULL. Avoid a crash when unloading the driver by not calling profile->cleanup in such a case.  This was encountered while testing, with the original trigger that the wq rescuer thread creation got interrupted (presumably due to Ctrl+C-ing modprobe), which gets converted to ENOMEM (-12) by mlx5e_priv_init, the profile rollback also fails for the same reason (signal still active) so the profile is left as NULL, leading to a crash later in _mlx5e_remove.   [  732.473932] mlx5_core 0000:08:00.1: E-Switch: Unload vfs: mode(OFFLOADS), nvfs(2), necvfs(0), active vports(2)  [  734.525513] workqueue: Failed to create a rescuer kthread for wq "mlx5e": -EINTR  [  734.557372] mlx5_core 0000:08:00.1: mlx5e_netdev_init_profile:6235:(pid 6086): mlx5e_priv_init failed, err=-12  [  734.559187] mlx5_core 0000:08:00.1 eth3: mlx5e_netdev_change_profile: new profile init failed, -12  [  734.560153] workqueue: Failed to create a rescuer kthread for wq "mlx5e": -EINTR  [  734.589378] mlx5_core 0000:08:00.1: mlx5e_netdev_init_profile:6235:(pid 6086): mlx5e_priv_init failed, err=-12  [  734.591136] mlx5_core 0000:08:00.1 eth3: mlx5e_netdev_change_profile: failed to rollback to orig profile, -12  [  745.537492] BUG: kernel NULL pointer dereference, address: 0000000000000008  [  745.538222] #PF: supervisor read access in kernel mode <snipped>  [  745.551290] Call Trace:  [  745.551590]  <TASK>  [  745.551866]  ? __die+0x20/0x60  [  745.552218]  ? page_fault_oops+0x150/0x400  [  745.555307]  ? exc_page_fault+0x79/0x240  [  745.555729]  ? asm_exc_page_fault+0x22/0x30  [  745.556166]  ? mlx5e_remove+0x6b/0xb0 [mlx5_core]  [  745.556698]  auxiliary_bus_remove+0x18/0x30  [  745.557134]  device_release_driver_internal+0x1df/0x240  [  745.557654]  bus_remove_device+0xd7/0x140  [  745.558075]  device_del+0x15b/0x3c0  [  745.558456]  mlx5_rescan_drivers_locked.part.0+0xb1/0x2f0 [mlx5_core]  [  745.559112]  mlx5_unregister_device+0x34/0x50 [mlx5_core]  [  745.559686]  mlx5_uninit_one+0x46/0xf0 [mlx5_core]  [  745.560203]  remove_one+0x4e/0xd0 [mlx5_core]  [  745.560694]  pci_device_remove+0x39/0xa0  [  745.561112]  device_release_driver_internal+0x1df/0x240  [  745.561631]  driver_detach+0x47/0x90  [  745.562022]  bus_remove_driver+0x84/0x100  [  745.562444]  pci_unregister_driver+0x3b/0x90  [  745.562890]  mlx5_cleanup+0xc/0x1b [mlx5_core]  [  745.563415]  __x64_sys_delete_module+0x14d/0x2f0  [  745.563886]  ? kmem_cache_free+0x1b0/0x460  [  745.564313]  ? lockdep_hardirqs_on_prepare+0xe2/0x190  [  745.564825]  do_syscall_64+0x6d/0x140  [  745.565223]  entry_SYSCALL_64_after_hwframe+0x4b/0x53  [  745.565725] RIP: 0033:0x7f1579b1288b	https://nvd.nist.gov/vuln/detail/CVE-2024-50146	filtered-vector-low-criticality: LOCAL scorev3<7
CVE-2024-50157	5.5	LOCAL	yes	In the Linux kernel, the following vulnerability has been resolved:  RDMA/bnxt_re: Avoid CPU lockups due fifo occupancy check loop  Driver waits indefinitely for the fifo occupancy to go below a threshold as soon as the pacing interrupt is received. This can cause soft lockup on one of the processors, if the rate of DB is very high.  Add a loop count for FPGA and exit the __wait_for_fifo_occupancy_below_th if the loop is taking more time. Pacing will be continuing until the occupancy is below the threshold. This is ensured by the checks in bnxt_re_pacing_timer_exp and further scheduling the work for pacing based on the fifo occupancy.	https://nvd.nist.gov/vuln/detail/CVE-2024-50157	filtered-vector-low-criticality: LOCAL scorev3<7
CVE-2024-50177	5.5	LOCAL	yes	In the Linux kernel, the following vulnerability has been resolved:  drm/amd/display: fix a UBSAN warning in DML2.1  When programming phantom pipe, since cursor_width is explicity set to 0, this causes calculation logic to trigger overflow for an unsigned int triggering the kernel's UBSAN check as below:  [   40.962845] UBSAN: shift-out-of-bounds in /tmp/amd.EfpumTkO/amd/amdgpu/../display/dc/dml2/dml21/src/dml2_core/dml2_core_dcn4_calcs.c:3312:34 [   40.962849] shift exponent 4294967170 is too large for 32-bit type 'unsigned int' [   40.962852] CPU: 1 PID: 1670 Comm: gnome-shell Tainted: G        W  OE      6.5.0-41-generic #41~22.04.2-Ubuntu [   40.962854] Hardware name: Gigabyte Technology Co., Ltd. X670E AORUS PRO X/X670E AORUS PRO X, BIOS F21 01/10/2024 [   40.962856] Call Trace: [   40.962857]  <TASK> [   40.962860]  dump_stack_lvl+0x48/0x70 [   40.962870]  dump_stack+0x10/0x20 [   40.962872]  __ubsan_handle_shift_out_of_bounds+0x1ac/0x360 [   40.962878]  calculate_cursor_req_attributes.cold+0x1b/0x28 [amdgpu] [   40.963099]  dml_core_mode_support+0x6b91/0x16bc0 [amdgpu] [   40.963327]  ? srso_alias_return_thunk+0x5/0x7f [   40.963331]  ? CalculateWatermarksMALLUseAndDRAMSpeedChangeSupport+0x18b8/0x2790 [amdgpu] [   40.963534]  ? srso_alias_return_thunk+0x5/0x7f [   40.963536]  ? dml_core_mode_support+0xb3db/0x16bc0 [amdgpu] [   40.963730]  dml2_core_calcs_mode_support_ex+0x2c/0x90 [amdgpu] [   40.963906]  ? srso_alias_return_thunk+0x5/0x7f [   40.963909]  ? dml2_core_calcs_mode_support_ex+0x2c/0x90 [amdgpu] [   40.964078]  core_dcn4_mode_support+0x72/0xbf0 [amdgpu] [   40.964247]  dml2_top_optimization_perform_optimization_phase+0x1d3/0x2a0 [amdgpu] [   40.964420]  dml2_build_mode_programming+0x23d/0x750 [amdgpu] [   40.964587]  dml21_validate+0x274/0x770 [amdgpu] [   40.964761]  ? srso_alias_return_thunk+0x5/0x7f [   40.964763]  ? resource_append_dpp_pipes_for_plane_composition+0x27c/0x3b0 [amdgpu] [   40.964942]  dml2_validate+0x504/0x750 [amdgpu] [   40.965117]  ? dml21_copy+0x95/0xb0 [amdgpu] [   40.965291]  ? srso_alias_return_thunk+0x5/0x7f [   40.965295]  dcn401_validate_bandwidth+0x4e/0x70 [amdgpu] [   40.965491]  update_planes_and_stream_state+0x38d/0x5c0 [amdgpu] [   40.965672]  update_planes_and_stream_v3+0x52/0x1e0 [amdgpu] [   40.965845]  ? srso_alias_return_thunk+0x5/0x7f [   40.965849]  dc_update_planes_and_stream+0x71/0xb0 [amdgpu]  Fix this by adding a guard for checking cursor width before triggering the size calculation.	https://nvd.nist.gov/vuln/detail/CVE-2024-50177	filtered-vector-low-criticality: LOCAL scorev3<7
CVE-2024-50178	5.5	LOCAL	yes	In the Linux kernel, the following vulnerability has been resolved:  cpufreq: loongson3: Use raw_smp_processor_id() in do_service_request()  Use raw_smp_processor_id() instead of plain smp_processor_id() in do_service_request(), otherwise we may get some errors with the driver enabled:   BUG: using smp_processor_id() in preemptible [00000000] code: (udev-worker)/208  caller is loongson3_cpufreq_probe+0x5c/0x250 [loongson3_cpufreq]	https://nvd.nist.gov/vuln/detail/CVE-2024-50178	filtered-vector-low-criticality: LOCAL scorev3<7
CVE-2024-50225	5.5	LOCAL	yes	In the Linux kernel, the following vulnerability has been resolved:  btrfs: fix error propagation of split bios  The purpose of btrfs_bbio_propagate_error() shall be propagating an error of split bio to its original btrfs_bio, and tell the error to the upper layer. However, it's not working well on some cases.  * Case 1. Immediate (or quick) end_bio with an error  When btrfs sends btrfs_bio to mirrored devices, btrfs calls btrfs_bio_end_io() when all the mirroring bios are completed. If that btrfs_bio was split, it is from btrfs_clone_bioset and its end_io function is btrfs_orig_write_end_io. For this case, btrfs_bbio_propagate_error() accesses the orig_bbio's bio context to increase the error count.  That works well in most cases. However, if the end_io is called enough fast, orig_bbio's (remaining part after split) bio context may not be properly set at that time. Since the bio context is set when the orig_bbio (the last btrfs_bio) is sent to devices, that might be too late for earlier split btrfs_bio's completion.  That will result in NULL pointer dereference.  That bug is easily reproducible by running btrfs/146 on zoned devices [1] and it shows the following trace.  [1] You need raid-stripe-tree feature as it create "-d raid0 -m raid1" FS.    BUG: kernel NULL pointer dereference, address: 0000000000000020   #PF: supervisor read access in kernel mode   #PF: error_code(0x0000) - not-present page   PGD 0 P4D 0   Oops: Oops: 0000 [#1] PREEMPT SMP PTI   CPU: 1 UID: 0 PID: 13 Comm: kworker/u32:1 Not tainted 6.11.0-rc7-BTRFS-ZNS+ #474   Hardware name: Bochs Bochs, BIOS Bochs 01/01/2011   Workqueue: writeback wb_workfn (flush-btrfs-5)   RIP: 0010:btrfs_bio_end_io+0xae/0xc0 [btrfs]   BTRFS error (device dm-0): bdev /dev/mapper/error-test errs: wr 2, rd 0, flush 0, corrupt 0, gen 0   RSP: 0018:ffffc9000006f248 EFLAGS: 00010246   RAX: 0000000000000000 RBX: ffff888005a7f080 RCX: ffffc9000006f1dc   RDX: 0000000000000000 RSI: 000000000000000a RDI: ffff888005a7f080   RBP: ffff888011dfc540 R08: 0000000000000000 R09: 0000000000000001   R10: ffffffff82e508e0 R11: 0000000000000005 R12: ffff88800ddfbe58   R13: ffff888005a7f080 R14: ffff888005a7f158 R15: ffff888005a7f158   FS:  0000000000000000(0000) GS:ffff88803ea80000(0000) knlGS:0000000000000000   CS:  0010 DS: 0000 ES: 0000 CR0: 0000000080050033   CR2: 0000000000000020 CR3: 0000000002e22006 CR4: 0000000000370ef0   DR0: 0000000000000000 DR1: 0000000000000000 DR2: 0000000000000000   DR3: 0000000000000000 DR6: 00000000fffe0ff0 DR7: 0000000000000400   Call Trace:    <TASK>    ? __die_body.cold+0x19/0x26    ? page_fault_oops+0x13e/0x2b0    ? _printk+0x58/0x73    ? do_user_addr_fault+0x5f/0x750    ? exc_page_fault+0x76/0x240    ? asm_exc_page_fault+0x22/0x30    ? btrfs_bio_end_io+0xae/0xc0 [btrfs]    ? btrfs_log_dev_io_error+0x7f/0x90 [btrfs]    btrfs_orig_write_end_io+0x51/0x90 [btrfs]    dm_submit_bio+0x5c2/0xa50 [dm_mod]    ? find_held_lock+0x2b/0x80    ? blk_try_enter_queue+0x90/0x1e0    __submit_bio+0xe0/0x130    ? ktime_get+0x10a/0x160    ? lockdep_hardirqs_on+0x74/0x100    submit_bio_noacct_nocheck+0x199/0x410    btrfs_submit_bio+0x7d/0x150 [btrfs]    btrfs_submit_chunk+0x1a1/0x6d0 [btrfs]    ? lockdep_hardirqs_on+0x74/0x100    ? __folio_start_writeback+0x10/0x2c0    btrfs_submit_bbio+0x1c/0x40 [btrfs]    submit_one_bio+0x44/0x60 [btrfs]    submit_extent_folio+0x13f/0x330 [btrfs]    ? btrfs_set_range_writeback+0xa3/0xd0 [btrfs]    extent_writepage_io+0x18b/0x360 [btrfs]    extent_write_locked_range+0x17c/0x340 [btrfs]    ? __pfx_end_bbio_data_write+0x10/0x10 [btrfs]    run_delalloc_cow+0x71/0xd0 [btrfs]    btrfs_run_delalloc_range+0x176/0x500 [btrfs]    ? find_lock_delalloc_range+0x119/0x260 [btrfs]    writepage_delalloc+0x2ab/0x480 [btrfs]    extent_write_cache_pages+0x236/0x7d0 [btrfs]    btrfs_writepages+0x72/0x130 [btrfs]    do_writepages+0xd4/0x240    ? find_held_lock+0x2b/0x80    ? wbc_attach_and_unlock_inode+0x12c/0x290    ? wbc_attach_and_unlock_inode+0x12c/0x29 ---truncated---	https://nvd.nist.gov/vuln/detail/CVE-2024-50225	filtered-vector-low-criticality: LOCAL scorev3<7
CVE-2024-50277	4.7	LOCAL	yes	In the Linux kernel, the following vulnerability has been resolved:  dm: fix a crash if blk_alloc_disk fails  If blk_alloc_disk fails, the variable md->disk is set to an error value. cleanup_mapped_device will see that md->disk is non-NULL and it will attempt to access it, causing a crash on this statement "md->disk->private_data = NULL;".	https://nvd.nist.gov/vuln/detail/CVE-2024-50277	filtered-vector-low-criticality: LOCAL scorev3<7
CVE-2024-50289	5.5	LOCAL	yes	In the Linux kernel, the following vulnerability has been resolved:  media: av7110: fix a spectre vulnerability  As warned by smatch: 	drivers/staging/media/av7110/av7110_ca.c:270 dvb_ca_ioctl() warn: potential spectre issue 'av7110->ci_slot' [w] (local cap)  There is a spectre-related vulnerability at the code. Fix it.	https://nvd.nist.gov/vuln/detail/CVE-2024-50289	filtered-vector-low-criticality: LOCAL scorev3<7
CVE-2024-50304	5.5	LOCAL	yes	In the Linux kernel, the following vulnerability has been resolved:  ipv4: ip_tunnel: Fix suspicious RCU usage warning in ip_tunnel_find()  The per-netns IP tunnel hash table is protected by the RTNL mutex and ip_tunnel_find() is only called from the control path where the mutex is taken.  Add a lockdep expression to hlist_for_each_entry_rcu() in ip_tunnel_find() in order to validate that the mutex is held and to silence the suspicious RCU usage warning [1].  [1] WARNING: suspicious RCU usage 6.12.0-rc3-custom-gd95d9a31aceb #139 Not tainted ----------------------------- net/ipv4/ip_tunnel.c:221 RCU-list traversed in non-reader section!!  other info that might help us debug this:  rcu_scheduler_active = 2, debug_locks = 1 1 lock held by ip/362:  #0: ffffffff86fc7cb0 (rtnl_mutex){+.+.}-{3:3}, at: rtnetlink_rcv_msg+0x377/0xf60  stack backtrace: CPU: 12 UID: 0 PID: 362 Comm: ip Not tainted 6.12.0-rc3-custom-gd95d9a31aceb #139 Hardware name: Bochs Bochs, BIOS Bochs 01/01/2011 Call Trace:  <TASK>  dump_stack_lvl+0xba/0x110  lockdep_rcu_suspicious.cold+0x4f/0xd6  ip_tunnel_find+0x435/0x4d0  ip_tunnel_newlink+0x517/0x7a0  ipgre_newlink+0x14c/0x170  __rtnl_newlink+0x1173/0x19c0  rtnl_newlink+0x6c/0xa0  rtnetlink_rcv_msg+0x3cc/0xf60  netlink_rcv_skb+0x171/0x450  netlink_unicast+0x539/0x7f0  netlink_sendmsg+0x8c1/0xd80  ____sys_sendmsg+0x8f9/0xc20  ___sys_sendmsg+0x197/0x1e0  __sys_sendmsg+0x122/0x1f0  do_syscall_64+0xbb/0x1d0  entry_SYSCALL_64_after_hwframe+0x77/0x7f	https://nvd.nist.gov/vuln/detail/CVE-2024-50304	filtered-vector-low-criticality: LOCAL scorev3<7
CVE-2024-52559	5.5	LOCAL	yes	In the Linux kernel, the following vulnerability has been resolved:  drm/msm/gem: prevent integer overflow in msm_ioctl_gem_submit()  The "submit->cmd[i].size" and "submit->cmd[i].offset" variables are u32 values that come from the user via the submit_lookup_cmds() function. This addition could lead to an integer wrapping bug so use size_add() to prevent that.  Patchwork: https://patchwork.freedesktop.org/patch/624696/	https://nvd.nist.gov/vuln/detail/CVE-2024-52559	filtered-vector-low-criticality: LOCAL scorev3<7
CVE-2024-52560	5.5	LOCAL	yes	In the Linux kernel, the following vulnerability has been resolved:  fs/ntfs3: Mark inode as bad as soon as error detected in mi_enum_attr()  Extended the `mi_enum_attr()` function interface with an additional parameter, `struct ntfs_inode *ni`, to allow marking the inode as bad as soon as an error is detected.	https://nvd.nist.gov/vuln/detail/CVE-2024-52560	filtered-vector-low-criticality: LOCAL scorev3<7
CVE-2024-53050	5.5	LOCAL	yes	In the Linux kernel, the following vulnerability has been resolved:  drm/i915/hdcp: Add encoder check in hdcp2_get_capability  Add encoder check in intel_hdcp2_get_capability to avoid null pointer error.	https://nvd.nist.gov/vuln/detail/CVE-2024-53050	filtered-vector-low-criticality: LOCAL scorev3<7
CVE-2024-53051	5.5	LOCAL	yes	In the Linux kernel, the following vulnerability has been resolved:  drm/i915/hdcp: Add encoder check in intel_hdcp_get_capability  Sometimes during hotplug scenario or suspend/resume scenario encoder is not always initialized when intel_hdcp_get_capability add a check to avoid kernel null pointer dereference.	https://nvd.nist.gov/vuln/detail/CVE-2024-53051	filtered-vector-low-criticality: LOCAL scorev3<7
CVE-2024-53056	5.5	LOCAL	yes	In the Linux kernel, the following vulnerability has been resolved:  drm/mediatek: Fix potential NULL dereference in mtk_crtc_destroy()  In mtk_crtc_create(), if the call to mbox_request_channel() fails then we set the "mtk_crtc->cmdq_client.chan" pointer to NULL.  In that situation, we do not call cmdq_pkt_create().  During the cleanup, we need to check if the "mtk_crtc->cmdq_client.chan" is NULL first before calling cmdq_pkt_destroy().  Calling cmdq_pkt_destroy() is unnecessary if we didn't call cmdq_pkt_create() and it will result in a NULL pointer dereference.	https://nvd.nist.gov/vuln/detail/CVE-2024-53056	filtered-vector-low-criticality: LOCAL scorev3<7
CVE-2024-53084	5.5	LOCAL	yes	In the Linux kernel, the following vulnerability has been resolved:  drm/imagination: Break an object reference loop  When remaining resources are being cleaned up on driver close, outstanding VM mappings may result in resources being leaked, due to an object reference loop, as shown below, with each object (or set of objects) referencing the object below it:      PVR GEM Object     GPU scheduler "finished" fence     GPU scheduler “scheduled” fence     PVR driver “done” fence     PVR Context     PVR VM Context     PVR VM Mappings     PVR GEM Object  The reference that the PVR VM Context has on the VM mappings is a soft one, in the sense that the freeing of outstanding VM mappings is done as part of VM context destruction; no reference counts are involved, as is the case for all the other references in the loop.  To break the reference loop during cleanup, free the outstanding VM mappings before destroying the PVR Context associated with the VM context.	https://nvd.nist.gov/vuln/detail/CVE-2024-53084	filtered-vector-low-criticality: LOCAL scorev3<7
CVE-2024-53085	5.5	LOCAL	yes	In the Linux kernel, the following vulnerability has been resolved:  tpm: Lock TPM chip in tpm_pm_suspend() first  Setting TPM_CHIP_FLAG_SUSPENDED in the end of tpm_pm_suspend() can be racy according, as this leaves window for tpm_hwrng_read() to be called while the operation is in progress. The recent bug report gives also evidence of this behaviour.  Aadress this by locking the TPM chip before checking any chip->flags both in tpm_pm_suspend() and tpm_hwrng_read(). Move TPM_CHIP_FLAG_SUSPENDED check inside tpm_get_random() so that it will be always checked only when the lock is reserved.	https://nvd.nist.gov/vuln/detail/CVE-2024-53085	filtered-vector-low-criticality: LOCAL scorev3<7
CVE-2024-53089	5.5	LOCAL	yes	In the Linux kernel, the following vulnerability has been resolved:  LoongArch: KVM: Mark hrtimer to expire in hard interrupt context  Like commit 2c0d278f3293f ("KVM: LAPIC: Mark hrtimer to expire in hard interrupt context") and commit 9090825fa9974 ("KVM: arm/arm64: Let the timer expire in hardirq context on RT"), On PREEMPT_RT enabled kernels unmarked hrtimers are moved into soft interrupt expiry mode by default. Then the timers are canceled from an preempt-notifier which is invoked with disabled preemption which is not allowed on PREEMPT_RT.  The timer callback is short so in could be invoked in hard-IRQ context. So let the timer expire on hard-IRQ context even on -RT.  This fix a "scheduling while atomic" bug for PREEMPT_RT enabled kernels:   BUG: scheduling while atomic: qemu-system-loo/1011/0x00000002  Modules linked in: amdgpu rfkill nft_fib_inet nft_fib_ipv4 nft_fib_ipv6 nft_fib nft_reject_inet nf_reject_ipv4 nf_reject_ipv6 nft_reject nft_ct nft_chain_nat ns  CPU: 1 UID: 0 PID: 1011 Comm: qemu-system-loo Tainted: G        W          6.12.0-rc2+ #1774  Tainted: [W]=WARN  Hardware name: Loongson Loongson-3A5000-7A1000-1w-CRB/Loongson-LS3A5000-7A1000-1w-CRB, BIOS vUDK2018-LoongArch-V2.0.0-prebeta9 10/21/2022  Stack : ffffffffffffffff 0000000000000000 9000000004e3ea38 9000000116744000          90000001167475a0 0000000000000000 90000001167475a8 9000000005644830          90000000058dc000 90000000058dbff8 9000000116747420 0000000000000001          0000000000000001 6a613fc938313980 000000000790c000 90000001001c1140          00000000000003fe 0000000000000001 000000000000000d 0000000000000003          0000000000000030 00000000000003f3 000000000790c000 9000000116747830          90000000057ef000 0000000000000000 9000000005644830 0000000000000004          0000000000000000 90000000057f4b58 0000000000000001 9000000116747868          900000000451b600 9000000005644830 9000000003a13998 0000000010000020          00000000000000b0 0000000000000004 0000000000000000 0000000000071c1d          ...  Call Trace:  [<9000000003a13998>] show_stack+0x38/0x180  [<9000000004e3ea34>] dump_stack_lvl+0x84/0xc0  [<9000000003a71708>] __schedule_bug+0x48/0x60  [<9000000004e45734>] __schedule+0x1114/0x1660  [<9000000004e46040>] schedule_rtlock+0x20/0x60  [<9000000004e4e330>] rtlock_slowlock_locked+0x3f0/0x10a0  [<9000000004e4f038>] rt_spin_lock+0x58/0x80  [<9000000003b02d68>] hrtimer_cancel_wait_running+0x68/0xc0  [<9000000003b02e30>] hrtimer_cancel+0x70/0x80  [<ffff80000235eb70>] kvm_restore_timer+0x50/0x1a0 [kvm]  [<ffff8000023616c8>] kvm_arch_vcpu_load+0x68/0x2a0 [kvm]  [<ffff80000234c2d4>] kvm_sched_in+0x34/0x60 [kvm]  [<9000000003a749a0>] finish_task_switch.isra.0+0x140/0x2e0  [<9000000004e44a70>] __schedule+0x450/0x1660  [<9000000004e45cb0>] schedule+0x30/0x180  [<ffff800002354c70>] kvm_vcpu_block+0x70/0x120 [kvm]  [<ffff800002354d80>] kvm_vcpu_halt+0x60/0x3e0 [kvm]  [<ffff80000235b194>] kvm_handle_gspr+0x3f4/0x4e0 [kvm]  [<ffff80000235f548>] kvm_handle_exit+0x1c8/0x260 [kvm]	https://nvd.nist.gov/vuln/detail/CVE-2024-53089	filtered-vector-low-criticality: LOCAL scorev3<7
CVE-2024-53090	5.5	LOCAL	yes	In the Linux kernel, the following vulnerability has been resolved:  afs: Fix lock recursion  afs_wake_up_async_call() can incur lock recursion.  The problem is that it is called from AF_RXRPC whilst holding the ->notify_lock, but it tries to take a ref on the afs_call struct in order to pass it to a work queue - but if the afs_call is already queued, we then have an extraneous ref that must be put... calling afs_put_call() may call back down into AF_RXRPC through rxrpc_kernel_shutdown_call(), however, which might try taking the ->notify_lock again.  This case isn't very common, however, so defer it to a workqueue.  The oops looks something like:    BUG: spinlock recursion on CPU#0, krxrpcio/7001/1646    lock: 0xffff888141399b30, .magic: dead4ead, .owner: krxrpcio/7001/1646, .owner_cpu: 0   CPU: 0 UID: 0 PID: 1646 Comm: krxrpcio/7001 Not tainted 6.12.0-rc2-build3+ #4351   Hardware name: ASUS All Series/H97-PLUS, BIOS 2306 10/09/2014   Call Trace:    <TASK>    dump_stack_lvl+0x47/0x70    do_raw_spin_lock+0x3c/0x90    rxrpc_kernel_shutdown_call+0x83/0xb0    afs_put_call+0xd7/0x180    rxrpc_notify_socket+0xa0/0x190    rxrpc_input_split_jumbo+0x198/0x1d0    rxrpc_input_data+0x14b/0x1e0    ? rxrpc_input_call_packet+0xc2/0x1f0    rxrpc_input_call_event+0xad/0x6b0    rxrpc_input_packet_on_conn+0x1e1/0x210    rxrpc_input_packet+0x3f2/0x4d0    rxrpc_io_thread+0x243/0x410    ? __pfx_rxrpc_io_thread+0x10/0x10    kthread+0xcf/0xe0    ? __pfx_kthread+0x10/0x10    ret_from_fork+0x24/0x40    ? __pfx_kthread+0x10/0x10    ret_from_fork_asm+0x1a/0x30    </TASK>	https://nvd.nist.gov/vuln/detail/CVE-2024-53090	filtered-vector-low-criticality: LOCAL scorev3<7
CVE-2024-53114	5.5	LOCAL	yes	In the Linux kernel, the following vulnerability has been resolved:  x86/CPU/AMD: Clear virtualized VMLOAD/VMSAVE on Zen4 client  A number of Zen4 client SoCs advertise the ability to use virtualized VMLOAD/VMSAVE, but using these instructions is reported to be a cause of a random host reboot.  These instructions aren't intended to be advertised on Zen4 client so clear the capability.	https://nvd.nist.gov/vuln/detail/CVE-2024-53114	filtered-vector-low-criticality: LOCAL scorev3<7
CVE-2024-53124	4.7	LOCAL	yes	In the Linux kernel, the following vulnerability has been resolved:  net: fix data-races around sk->sk_forward_alloc  Syzkaller reported this warning:  ------------[ cut here ]------------  WARNING: CPU: 0 PID: 16 at net/ipv4/af_inet.c:156 inet_sock_destruct+0x1c5/0x1e0  Modules linked in:  CPU: 0 UID: 0 PID: 16 Comm: ksoftirqd/0 Not tainted 6.12.0-rc5 #26  Hardware name: QEMU Standard PC (i440FX + PIIX, 1996), BIOS 1.15.0-1 04/01/2014  RIP: 0010:inet_sock_destruct+0x1c5/0x1e0  Code: 24 12 4c 89 e2 5b 48 c7 c7 98 ec bb 82 41 5c e9 d1 18 17 ff 4c 89 e6 5b 48 c7 c7 d0 ec bb 82 41 5c e9 bf 18 17 ff 0f 0b eb 83 <0f> 0b eb 97 0f 0b eb 87 0f 0b e9 68 ff ff ff 66 66 2e 0f 1f 84 00  RSP: 0018:ffffc9000008bd90 EFLAGS: 00010206  RAX: 0000000000000300 RBX: ffff88810b172a90 RCX: 0000000000000007  RDX: 0000000000000002 RSI: 0000000000000300 RDI: ffff88810b172a00  RBP: ffff88810b172a00 R08: ffff888104273c00 R09: 0000000000100007  R10: 0000000000020000 R11: 0000000000000006 R12: ffff88810b172a00  R13: 0000000000000004 R14: 0000000000000000 R15: ffff888237c31f78  FS:  0000000000000000(0000) GS:ffff888237c00000(0000) knlGS:0000000000000000  CS:  0010 DS: 0000 ES: 0000 CR0: 0000000080050033  CR2: 00007ffc63fecac8 CR3: 000000000342e000 CR4: 00000000000006f0  DR0: 0000000000000000 DR1: 0000000000000000 DR2: 0000000000000000  DR3: 0000000000000000 DR6: 00000000fffe0ff0 DR7: 0000000000000400  Call Trace:   <TASK>   ? __warn+0x88/0x130   ? inet_sock_destruct+0x1c5/0x1e0   ? report_bug+0x18e/0x1a0   ? handle_bug+0x53/0x90   ? exc_invalid_op+0x18/0x70   ? asm_exc_invalid_op+0x1a/0x20   ? inet_sock_destruct+0x1c5/0x1e0   __sk_destruct+0x2a/0x200   rcu_do_batch+0x1aa/0x530   ? rcu_do_batch+0x13b/0x530   rcu_core+0x159/0x2f0   handle_softirqs+0xd3/0x2b0   ? __pfx_smpboot_thread_fn+0x10/0x10   run_ksoftirqd+0x25/0x30   smpboot_thread_fn+0xdd/0x1d0   kthread+0xd3/0x100   ? __pfx_kthread+0x10/0x10   ret_from_fork+0x34/0x50   ? __pfx_kthread+0x10/0x10   ret_from_fork_asm+0x1a/0x30   </TASK>  ---[ end trace 0000000000000000 ]---  Its possible that two threads call tcp_v6_do_rcv()/sk_forward_alloc_add() concurrently when sk->sk_state == TCP_LISTEN with sk->sk_lock unlocked, which triggers a data-race around sk->sk_forward_alloc: tcp_v6_rcv     tcp_v6_do_rcv         skb_clone_and_charge_r             sk_rmem_schedule                 __sk_mem_schedule                     sk_forward_alloc_add()             skb_set_owner_r                 sk_mem_charge                     sk_forward_alloc_add()         __kfree_skb             skb_release_all                 skb_release_head_state                     sock_rfree                         sk_mem_uncharge                             sk_forward_alloc_add()                             sk_mem_reclaim                                 // set local var reclaimable                                 __sk_mem_reclaim                                     sk_forward_alloc_add()  In this syzkaller testcase, two threads call tcp_v6_do_rcv() with skb->truesize=768, the sk_forward_alloc changes like this:  (cpu 1)             | (cpu 2)             | sk_forward_alloc  ...                 | ...                 | 0  __sk_mem_schedule() |                     | +4096 = 4096                      | __sk_mem_schedule() | +4096 = 8192  sk_mem_charge()     |                     | -768  = 7424                      | sk_mem_charge()     | -768  = 6656  ...                 |    ...              |  sk_mem_uncharge()   |                     | +768  = 7424  reclaimable=7424    |                     |                      | sk_mem_uncharge()   | +768  = 8192                      | reclaimable=8192    |  __sk_mem_reclaim()  |                     | -4096 = 4096                      | __sk_mem_reclaim()  | -8192 = -4096 != 0  The skb_clone_and_charge_r() should not be called in tcp_v6_do_rcv() when sk->sk_state is TCP_LISTEN, it happens later in tcp_v6_syn_recv_sock(). Fix the same issue in dccp_v6_do_rcv().	https://nvd.nist.gov/vuln/detail/CVE-2024-53124	filtered-vector-low-criticality: LOCAL scorev3<7
CVE-2024-53128	5.5	LOCAL	yes	In the Linux kernel, the following vulnerability has been resolved:  sched/task_stack: fix object_is_on_stack() for KASAN tagged pointers  When CONFIG_KASAN_SW_TAGS and CONFIG_KASAN_STACK are enabled, the object_is_on_stack() function may produce incorrect results due to the presence of tags in the obj pointer, while the stack pointer does not have tags.  This discrepancy can lead to incorrect stack object detection and subsequently trigger warnings if CONFIG_DEBUG_OBJECTS is also enabled.  Example of the warning:  ODEBUG: object 3eff800082ea7bb0 is NOT on stack ffff800082ea0000, but annotated. ------------[ cut here ]------------ WARNING: CPU: 0 PID: 1 at lib/debugobjects.c:557 __debug_object_init+0x330/0x364 Modules linked in: CPU: 0 UID: 0 PID: 1 Comm: swapper/0 Not tainted 6.12.0-rc5 #4 Hardware name: linux,dummy-virt (DT) pstate: 600000c5 (nZCv daIF -PAN -UAO -TCO -DIT -SSBS BTYPE=--) pc : __debug_object_init+0x330/0x364 lr : __debug_object_init+0x330/0x364 sp : ffff800082ea7b40 x29: ffff800082ea7b40 x28: 98ff0000c0164518 x27: 98ff0000c0164534 x26: ffff800082d93ec8 x25: 0000000000000001 x24: 1cff0000c00172a0 x23: 0000000000000000 x22: ffff800082d93ed0 x21: ffff800081a24418 x20: 3eff800082ea7bb0 x19: efff800000000000 x18: 0000000000000000 x17: 00000000000000ff x16: 0000000000000047 x15: 206b63617473206e x14: 0000000000000018 x13: ffff800082ea7780 x12: 0ffff800082ea78e x11: 0ffff800082ea790 x10: 0ffff800082ea79d x9 : 34d77febe173e800 x8 : 34d77febe173e800 x7 : 0000000000000001 x6 : 0000000000000001 x5 : feff800082ea74b8 x4 : ffff800082870a90 x3 : ffff80008018d3c4 x2 : 0000000000000001 x1 : ffff800082858810 x0 : 0000000000000050 Call trace:  __debug_object_init+0x330/0x364  debug_object_init_on_stack+0x30/0x3c  schedule_hrtimeout_range_clock+0xac/0x26c  schedule_hrtimeout+0x1c/0x30  wait_task_inactive+0x1d4/0x25c  kthread_bind_mask+0x28/0x98  init_rescuer+0x1e8/0x280  workqueue_init+0x1a0/0x3cc  kernel_init_freeable+0x118/0x200  kernel_init+0x28/0x1f0  ret_from_fork+0x10/0x20 ---[ end trace 0000000000000000 ]--- ODEBUG: object 3eff800082ea7bb0 is NOT on stack ffff800082ea0000, but annotated. ------------[ cut here ]------------	https://nvd.nist.gov/vuln/detail/CVE-2024-53128	filtered-vector-low-criticality: LOCAL scorev3<7
CVE-2024-53187	5.5	LOCAL	yes	In the Linux kernel, the following vulnerability has been resolved:  io_uring: check for overflows in io_pin_pages  WARNING: CPU: 0 PID: 5834 at io_uring/memmap.c:144 io_pin_pages+0x149/0x180 io_uring/memmap.c:144 CPU: 0 UID: 0 PID: 5834 Comm: syz-executor825 Not tainted 6.12.0-next-20241118-syzkaller #0 Call Trace:  <TASK>  __io_uaddr_map+0xfb/0x2d0 io_uring/memmap.c:183  io_rings_map io_uring/io_uring.c:2611 [inline]  io_allocate_scq_urings+0x1c0/0x650 io_uring/io_uring.c:3470  io_uring_create+0x5b5/0xc00 io_uring/io_uring.c:3692  io_uring_setup io_uring/io_uring.c:3781 [inline]  ...  </TASK>  io_pin_pages()'s uaddr parameter came directly from the user and can be garbage. Don't just add size to it as it can overflow.	https://nvd.nist.gov/vuln/detail/CVE-2024-53187	filtered-vector-low-criticality: LOCAL scorev3<7
CVE-2024-53201	5.5	LOCAL	yes	In the Linux kernel, the following vulnerability has been resolved:  drm/amd/display: Fix null check for pipe_ctx->plane_state in dcn20_program_pipe  This commit addresses a null pointer dereference issue in dcn20_program_pipe(). Previously, commit 8e4ed3cf1642 ("drm/amd/display: Add null check for pipe_ctx->plane_state in dcn20_program_pipe") partially fixed the null pointer dereference issue. However, in dcn20_update_dchubp_dpp(), the variable pipe_ctx is passed in, and plane_state is accessed again through pipe_ctx. Multiple if statements directly call attributes of plane_state, leading to potential null pointer dereference issues. This patch adds necessary null checks to ensure stability.	https://nvd.nist.gov/vuln/detail/CVE-2024-53201	filtered-vector-low-criticality: LOCAL scorev3<7
CVE-2024-53204	5.5	LOCAL	yes	In the Linux kernel, the following vulnerability has been resolved:  phy: realtek: usb: fix NULL deref in rtk_usb3phy_probe  In rtk_usb3phy_probe() devm_kzalloc() may return NULL but this returned value is not checked.	https://nvd.nist.gov/vuln/detail/CVE-2024-53204	filtered-vector-low-criticality: LOCAL scorev3<7
CVE-2024-53205	5.5	LOCAL	yes	In the Linux kernel, the following vulnerability has been resolved:  phy: realtek: usb: fix NULL deref in rtk_usb2phy_probe  In rtk_usb2phy_probe() devm_kzalloc() may return NULL but this returned value is not checked.	https://nvd.nist.gov/vuln/detail/CVE-2024-53205	filtered-vector-low-criticality: LOCAL scorev3<7
CVE-2024-53209	5.5	LOCAL	yes	In the Linux kernel, the following vulnerability has been resolved:  bnxt_en: Fix receive ring space parameters when XDP is active  The MTU setting at the time an XDP multi-buffer is attached determines whether the aggregation ring will be used and the rx_skb_func handler.  This is done in bnxt_set_rx_skb_mode().  If the MTU is later changed, the aggregation ring setting may need to be changed and it may become out-of-sync with the settings initially done in bnxt_set_rx_skb_mode().  This may result in random memory corruption and crashes as the HW may DMA data larger than the allocated buffer size, such as:  BUG: kernel NULL pointer dereference, address: 00000000000003c0 PGD 0 P4D 0 Oops: 0000 [#1] PREEMPT SMP NOPTI CPU: 17 PID: 0 Comm: swapper/17 Kdump: loaded Tainted: G S         OE      6.1.0-226bf9805506 #1 Hardware name: Wiwynn Delta Lake PVT BZA.02601.0150/Delta Lake-Class1, BIOS F0E_3A12 08/26/2021 RIP: 0010:bnxt_rx_pkt+0xe97/0x1ae0 [bnxt_en] Code: 8b 95 70 ff ff ff 4c 8b 9d 48 ff ff ff 66 41 89 87 b4 00 00 00 e9 0b f7 ff ff 0f b7 43 0a 49 8b 95 a8 04 00 00 25 ff 0f 00 00 <0f> b7 14 42 48 c1 e2 06 49 03 95 a0 04 00 00 0f b6 42 33f RSP: 0018:ffffa19f40cc0d18 EFLAGS: 00010202 RAX: 00000000000001e0 RBX: ffff8e2c805c6100 RCX: 00000000000007ff RDX: 0000000000000000 RSI: ffff8e2c271ab990 RDI: ffff8e2c84f12380 RBP: ffffa19f40cc0e48 R08: 000000000001000d R09: 974ea2fcddfa4cbf R10: 0000000000000000 R11: ffffa19f40cc0ff8 R12: ffff8e2c94b58980 R13: ffff8e2c952d6600 R14: 0000000000000016 R15: ffff8e2c271ab990 FS:  0000000000000000(0000) GS:ffff8e3b3f840000(0000) knlGS:0000000000000000 CS:  0010 DS: 0000 ES: 0000 CR0: 0000000080050033 CR2: 00000000000003c0 CR3: 0000000e8580a004 CR4: 00000000007706e0 DR0: 0000000000000000 DR1: 0000000000000000 DR2: 0000000000000000 DR3: 0000000000000000 DR6: 00000000fffe0ff0 DR7: 0000000000000400 PKRU: 55555554 Call Trace:  <IRQ>  __bnxt_poll_work+0x1c2/0x3e0 [bnxt_en]  To address the issue, we now call bnxt_set_rx_skb_mode() within bnxt_change_mtu() to properly set the AGG rings configuration and update rx_skb_func based on the new MTU value. Additionally, BNXT_FLAG_NO_AGG_RINGS is cleared at the beginning of bnxt_set_rx_skb_mode() to make sure it gets set or cleared based on the current MTU.	https://nvd.nist.gov/vuln/detail/CVE-2024-53209	filtered-vector-low-criticality: LOCAL scorev3<7
CVE-2024-53219	5.5	LOCAL	yes	In the Linux kernel, the following vulnerability has been resolved:  virtiofs: use pages instead of pointer for kernel direct IO  When trying to insert a 10MB kernel module kept in a virtio-fs with cache disabled, the following warning was reported:    ------------[ cut here ]------------   WARNING: CPU: 1 PID: 404 at mm/page_alloc.c:4551 ......   Modules linked in:   CPU: 1 PID: 404 Comm: insmod Not tainted 6.9.0-rc5+ #123   Hardware name: QEMU Standard PC (i440FX + PIIX, 1996) ......   RIP: 0010:__alloc_pages+0x2bf/0x380   ......   Call Trace:    <TASK>    ? __warn+0x8e/0x150    ? __alloc_pages+0x2bf/0x380    __kmalloc_large_node+0x86/0x160    __kmalloc+0x33c/0x480    virtio_fs_enqueue_req+0x240/0x6d0    virtio_fs_wake_pending_and_unlock+0x7f/0x190    queue_request_and_unlock+0x55/0x60    fuse_simple_request+0x152/0x2b0    fuse_direct_io+0x5d2/0x8c0    fuse_file_read_iter+0x121/0x160    __kernel_read+0x151/0x2d0    kernel_read+0x45/0x50    kernel_read_file+0x1a9/0x2a0    init_module_from_file+0x6a/0xe0    idempotent_init_module+0x175/0x230    __x64_sys_finit_module+0x5d/0xb0    x64_sys_call+0x1c3/0x9e0    do_syscall_64+0x3d/0xc0    entry_SYSCALL_64_after_hwframe+0x4b/0x53    ......    </TASK>   ---[ end trace 0000000000000000 ]---  The warning is triggered as follows:  1) syscall finit_module() handles the module insertion and it invokes kernel_read_file() to read the content of the module first.  2) kernel_read_file() allocates a 10MB buffer by using vmalloc() and passes it to kernel_read(). kernel_read() constructs a kvec iter by using iov_iter_kvec() and passes it to fuse_file_read_iter().  3) virtio-fs disables the cache, so fuse_file_read_iter() invokes fuse_direct_io(). As for now, the maximal read size for kvec iter is only limited by fc->max_read. For virtio-fs, max_read is UINT_MAX, so fuse_direct_io() doesn't split the 10MB buffer. It saves the address and the size of the 10MB-sized buffer in out_args[0] of a fuse request and passes the fuse request to virtio_fs_wake_pending_and_unlock().  4) virtio_fs_wake_pending_and_unlock() uses virtio_fs_enqueue_req() to queue the request. Because virtiofs need DMA-able address, so virtio_fs_enqueue_req() uses kmalloc() to allocate a bounce buffer for all fuse args, copies these args into the bounce buffer and passed the physical address of the bounce buffer to virtiofsd. The total length of these fuse args for the passed fuse request is about 10MB, so copy_args_to_argbuf() invokes kmalloc() with a 10MB size parameter and it triggers the warning in __alloc_pages():  	if (WARN_ON_ONCE_GFP(order > MAX_PAGE_ORDER, gfp)) 		return NULL;  5) virtio_fs_enqueue_req() will retry the memory allocation in a kworker, but it won't help, because kmalloc() will always return NULL due to the abnormal size and finit_module() will hang forever.  A feasible solution is to limit the value of max_read for virtio-fs, so the length passed to kmalloc() will be limited. However it will affect the maximal read size for normal read. And for virtio-fs write initiated from kernel, it has the similar problem but now there is no way to limit fc->max_write in kernel.  So instead of limiting both the values of max_read and max_write in kernel, introducing use_pages_for_kvec_io in fuse_conn and setting it as true in virtiofs. When use_pages_for_kvec_io is enabled, fuse will use pages instead of pointer to pass the KVEC_IO data.  After switching to pages for KVEC_IO data, these pages will be used for DMA through virtio-fs. If these pages are backed by vmalloc(), {flush|invalidate}_kernel_vmap_range() are necessary to flush or invalidate the cache before the DMA operation. So add two new fields in fuse_args_pages to record the base address of vmalloc area and the condition indicating whether invalidation is needed. Perform the flush in fuse_get_user_pages() for write operations and the invalidation in fuse_release_user_pages() for read operations.  It may seem necessary to introduce another fie ---truncated---	https://nvd.nist.gov/vuln/detail/CVE-2024-53219	filtered-vector-low-criticality: LOCAL scorev3<7
CVE-2024-53221	5.5	LOCAL	yes	In the Linux kernel, the following vulnerability has been resolved:  f2fs: fix null-ptr-deref in f2fs_submit_page_bio()  There's issue as follows when concurrently installing the f2fs.ko module and mounting the f2fs file system: KASAN: null-ptr-deref in range [0x0000000000000020-0x0000000000000027] RIP: 0010:__bio_alloc+0x2fb/0x6c0 [f2fs] Call Trace:  <TASK>  f2fs_submit_page_bio+0x126/0x8b0 [f2fs]  __get_meta_page+0x1d4/0x920 [f2fs]  get_checkpoint_version.constprop.0+0x2b/0x3c0 [f2fs]  validate_checkpoint+0xac/0x290 [f2fs]  f2fs_get_valid_checkpoint+0x207/0x950 [f2fs]  f2fs_fill_super+0x1007/0x39b0 [f2fs]  mount_bdev+0x183/0x250  legacy_get_tree+0xf4/0x1e0  vfs_get_tree+0x88/0x340  do_new_mount+0x283/0x5e0  path_mount+0x2b2/0x15b0  __x64_sys_mount+0x1fe/0x270  do_syscall_64+0x5f/0x170  entry_SYSCALL_64_after_hwframe+0x76/0x7e  Above issue happens as the biset of the f2fs file system is not initialized before register "f2fs_fs_type". To address above issue just register "f2fs_fs_type" at the last in init_f2fs_fs(). Ensure that all f2fs file system resources are initialized.	https://nvd.nist.gov/vuln/detail/CVE-2024-53221	not-applicable-config: F2FS disabled (CONFIG_F2FS_FS disabled)
CVE-2024-53222	5.5	LOCAL	yes	In the Linux kernel, the following vulnerability has been resolved:  zram: fix NULL pointer in comp_algorithm_show()  LTP reported a NULL pointer dereference as followed:   CPU: 7 UID: 0 PID: 5995 Comm: cat Kdump: loaded Not tainted 6.12.0-rc6+ #3  Hardware name: QEMU KVM Virtual Machine, BIOS 0.0.0 02/06/2015  pstate: 40400005 (nZcv daif +PAN -UAO -TCO -DIT -SSBS BTYPE=--)  pc : __pi_strcmp+0x24/0x140  lr : zcomp_available_show+0x60/0x100 [zram]  sp : ffff800088b93b90  x29: ffff800088b93b90 x28: 0000000000000001 x27: 0000000000400cc0  x26: 0000000000000ffe x25: ffff80007b3e2388 x24: 0000000000000000  x23: ffff80007b3e2390 x22: ffff0004041a9000 x21: ffff80007b3e2900  x20: 0000000000000000 x19: 0000000000000000 x18: 0000000000000000  x17: 0000000000000000 x16: 0000000000000000 x15: 0000000000000000  x14: 0000000000000000 x13: 0000000000000000 x12: 0000000000000000  x11: 0000000000000000 x10: ffff80007b3e2900 x9 : ffff80007b3cb280  x8 : 0101010101010101 x7 : 0000000000000000 x6 : 0000000000000000  x5 : 0000000000000040 x4 : 0000000000000000 x3 : 00656c722d6f7a6c  x2 : 0000000000000000 x1 : ffff80007b3e2900 x0 : 0000000000000000  Call trace:   __pi_strcmp+0x24/0x140   comp_algorithm_show+0x40/0x70 [zram]   dev_attr_show+0x28/0x80   sysfs_kf_seq_show+0x90/0x140   kernfs_seq_show+0x34/0x48   seq_read_iter+0x1d4/0x4e8   kernfs_fop_read_iter+0x40/0x58   new_sync_read+0x9c/0x168   vfs_read+0x1a8/0x1f8   ksys_read+0x74/0x108   __arm64_sys_read+0x24/0x38   invoke_syscall+0x50/0x120   el0_svc_common.constprop.0+0xc8/0xf0   do_el0_svc+0x24/0x38   el0_svc+0x38/0x138   el0t_64_sync_handler+0xc0/0xc8   el0t_64_sync+0x188/0x190  The zram->comp_algs[ZRAM_PRIMARY_COMP] can be NULL in zram_add() if comp_algorithm_set() has not been called.  User can access the zram device by sysfs after device_add_disk(), so there is a time window to trigger the NULL pointer dereference.  Move it ahead device_add_disk() to make sure when user can access the zram device, it is ready.  comp_algorithm_set() is protected by zram->init_lock in other places and no such problem.	https://nvd.nist.gov/vuln/detail/CVE-2024-53222	filtered-vector-low-criticality: LOCAL scorev3<7
CVE-2024-56544	5.5	LOCAL	yes	In the Linux kernel, the following vulnerability has been resolved:  udmabuf: change folios array from kmalloc to kvmalloc  When PAGE_SIZE 4096, MAX_PAGE_ORDER 10, 64bit machine, page_alloc only support 4MB. If above this, trigger this warn and return NULL.  udmabuf can change size limit, if change it to 3072(3GB), and then alloc 3GB udmabuf, will fail create.  [ 4080.876581] ------------[ cut here ]------------ [ 4080.876843] WARNING: CPU: 3 PID: 2015 at mm/page_alloc.c:4556 __alloc_pages+0x2c8/0x350 [ 4080.878839] RIP: 0010:__alloc_pages+0x2c8/0x350 [ 4080.879470] Call Trace: [ 4080.879473]  <TASK> [ 4080.879473]  ? __alloc_pages+0x2c8/0x350 [ 4080.879475]  ? __warn.cold+0x8e/0xe8 [ 4080.880647]  ? __alloc_pages+0x2c8/0x350 [ 4080.880909]  ? report_bug+0xff/0x140 [ 4080.881175]  ? handle_bug+0x3c/0x80 [ 4080.881556]  ? exc_invalid_op+0x17/0x70 [ 4080.881559]  ? asm_exc_invalid_op+0x1a/0x20 [ 4080.882077]  ? udmabuf_create+0x131/0x400  Because MAX_PAGE_ORDER, kmalloc can max alloc 4096 * (1 << 10), 4MB memory, each array entry is pointer(8byte), so can save 524288 pages(2GB).  Further more, costly order(order 3) may not be guaranteed that it can be applied for, due to fragmentation.  This patch change udmabuf array use kvmalloc_array, this can fallback alloc into vmalloc, which can guarantee allocation for any size and does not affect the performance of kmalloc allocations.	https://nvd.nist.gov/vuln/detail/CVE-2024-56544	filtered-vector-low-criticality: LOCAL scorev3<7
CVE-2024-56549	5.5	LOCAL	yes	In the Linux kernel, the following vulnerability has been resolved:  cachefiles: Fix NULL pointer dereference in object->file  At present, the object->file has the NULL pointer dereference problem in ondemand-mode. The root cause is that the allocated fd and object->file lifetime are inconsistent, and the user-space invocation to anon_fd uses object->file. Following is the process that triggers the issue:  	  [write fd]				[umount] cachefiles_ondemand_fd_write_iter 				       fscache_cookie_state_machine 					 cachefiles_withdraw_cookie   if (!file) return -ENOBUFS 					   cachefiles_clean_up_object 					     cachefiles_unmark_inode_in_use 					     fput(object->file) 					     object->file = NULL   // file NULL pointer dereference!   __cachefiles_write(..., file, ...)  Fix this issue by add an additional reference count to the object->file before write/llseek, and decrement after it finished.	https://nvd.nist.gov/vuln/detail/CVE-2024-56549	filtered-vector-low-criticality: LOCAL scorev3<7
CVE-2024-56588	5.5	LOCAL	yes	In the Linux kernel, the following vulnerability has been resolved:  scsi: hisi_sas: Create all dump files during debugfs initialization  For the current debugfs of hisi_sas, after user triggers dump, the driver allocate memory space to save the register information and create debugfs files to display the saved information. In this process, the debugfs files created after each dump.  Therefore, when the dump is triggered while the driver is unbind, the following hang occurs:  [67840.853907] Unable to handle kernel NULL pointer dereference at virtual address 00000000000000a0 [67840.862947] Mem abort info: [67840.865855]   ESR = 0x0000000096000004 [67840.869713]   EC = 0x25: DABT (current EL), IL = 32 bits [67840.875125]   SET = 0, FnV = 0 [67840.878291]   EA = 0, S1PTW = 0 [67840.881545]   FSC = 0x04: level 0 translation fault [67840.886528] Data abort info: [67840.889524]   ISV = 0, ISS = 0x00000004, ISS2 = 0x00000000 [67840.895117]   CM = 0, WnR = 0, TnD = 0, TagAccess = 0 [67840.900284]   GCS = 0, Overlay = 0, DirtyBit = 0, Xs = 0 [67840.905709] user pgtable: 4k pages, 48-bit VAs, pgdp=0000002803a1f000 [67840.912263] [00000000000000a0] pgd=0000000000000000, p4d=0000000000000000 [67840.919177] Internal error: Oops: 0000000096000004 [#1] PREEMPT SMP [67840.996435] pstate: 80400009 (Nzcv daif +PAN -UAO -TCO -DIT -SSBS BTYPE=--) [67841.003628] pc : down_write+0x30/0x98 [67841.007546] lr : start_creating.part.0+0x60/0x198 [67841.012495] sp : ffff8000b979ba20 [67841.016046] x29: ffff8000b979ba20 x28: 0000000000000010 x27: 0000000000024b40 [67841.023412] x26: 0000000000000012 x25: ffff20202b355ae8 x24: ffff20202b35a8c8 [67841.030779] x23: ffffa36877928208 x22: ffffa368b4972240 x21: ffff8000b979bb18 [67841.038147] x20: ffff00281dc1e3c0 x19: fffffffffffffffe x18: 0000000000000020 [67841.045515] x17: 0000000000000000 x16: ffffa368b128a530 x15: ffffffffffffffff [67841.052888] x14: ffff8000b979bc18 x13: ffffffffffffffff x12: ffff8000b979bb18 [67841.060263] x11: 0000000000000000 x10: 0000000000000000 x9 : ffffa368b1289b18 [67841.067640] x8 : 0000000000000012 x7 : 0000000000000000 x6 : 00000000000003a9 [67841.075014] x5 : 0000000000000000 x4 : ffff002818c5cb00 x3 : 0000000000000001 [67841.082388] x2 : 0000000000000000 x1 : ffff002818c5cb00 x0 : 00000000000000a0 [67841.089759] Call trace: [67841.092456]  down_write+0x30/0x98 [67841.096017]  start_creating.part.0+0x60/0x198 [67841.100613]  debugfs_create_dir+0x48/0x1f8 [67841.104950]  debugfs_create_files_v3_hw+0x88/0x348 [hisi_sas_v3_hw] [67841.111447]  debugfs_snapshot_regs_v3_hw+0x708/0x798 [hisi_sas_v3_hw] [67841.118111]  debugfs_trigger_dump_v3_hw_write+0x9c/0x120 [hisi_sas_v3_hw] [67841.125115]  full_proxy_write+0x68/0xc8 [67841.129175]  vfs_write+0xd8/0x3f0 [67841.132708]  ksys_write+0x70/0x108 [67841.136317]  __arm64_sys_write+0x24/0x38 [67841.140440]  invoke_syscall+0x50/0x128 [67841.144385]  el0_svc_common.constprop.0+0xc8/0xf0 [67841.149273]  do_el0_svc+0x24/0x38 [67841.152773]  el0_svc+0x38/0xd8 [67841.156009]  el0t_64_sync_handler+0xc0/0xc8 [67841.160361]  el0t_64_sync+0x1a4/0x1a8 [67841.164189] Code: b9000882 d2800002 d2800023 f9800011 (c85ffc05) [67841.170443] ---[ end trace 0000000000000000 ]---  To fix this issue, create all directories and files during debugfs initialization. In this way, the driver only needs to allocate memory space to save information each time the user triggers dumping.	https://nvd.nist.gov/vuln/detail/CVE-2024-56588	filtered-vector-low-criticality: LOCAL scorev3<7
CVE-2024-56591	5.5	LOCAL	yes	In the Linux kernel, the following vulnerability has been resolved:  Bluetooth: hci_conn: Use disable_delayed_work_sync  This makes use of disable_delayed_work_sync instead cancel_delayed_work_sync as it not only cancel the ongoing work but also disables new submit which is disarable since the object holding the work is about to be freed.	https://nvd.nist.gov/vuln/detail/CVE-2024-56591	filtered-vector-low-criticality: LOCAL scorev3<7
CVE-2024-56599	5.5	LOCAL	yes	In the Linux kernel, the following vulnerability has been resolved:  wifi: ath10k: avoid NULL pointer error during sdio remove  When running 'rmmod ath10k', ath10k_sdio_remove() will free sdio workqueue by destroy_workqueue(). But if CONFIG_INIT_ON_FREE_DEFAULT_ON is set to yes, kernel panic will happen: Call trace:  destroy_workqueue+0x1c/0x258  ath10k_sdio_remove+0x84/0x94  sdio_bus_remove+0x50/0x16c  device_release_driver_internal+0x188/0x25c  device_driver_detach+0x20/0x2c  This is because during 'rmmod ath10k', ath10k_sdio_remove() will call ath10k_core_destroy() before destroy_workqueue(). wiphy_dev_release() will finally be called in ath10k_core_destroy(). This function will free struct cfg80211_registered_device *rdev and all its members, including wiphy, dev and the pointer of sdio workqueue. Then the pointer of sdio workqueue will be set to NULL due to CONFIG_INIT_ON_FREE_DEFAULT_ON.  After device release, destroy_workqueue() will use NULL pointer then the kernel panic happen.  Call trace: ath10k_sdio_remove   ->ath10k_core_unregister     ……     ->ath10k_core_stop       ->ath10k_hif_stop         ->ath10k_sdio_irq_disable     ->ath10k_hif_power_down       ->del_timer_sync(&ar_sdio->sleep_timer)   ->ath10k_core_destroy     ->ath10k_mac_destroy       ->ieee80211_free_hw         ->wiphy_free     ……           ->wiphy_dev_release   ->destroy_workqueue  Need to call destroy_workqueue() before ath10k_core_destroy(), free the work queue buffer first and then free pointer of work queue by ath10k_core_destroy(). This order matches the error path order in ath10k_sdio_probe().  No work will be queued on sdio workqueue between it is destroyed and ath10k_core_destroy() is called. Based on the call_stack above, the reason is: Only ath10k_sdio_sleep_timer_handler(), ath10k_sdio_hif_tx_sg() and ath10k_sdio_irq_disable() will queue work on sdio workqueue. Sleep timer will be deleted before ath10k_core_destroy() in ath10k_hif_power_down(). ath10k_sdio_irq_disable() only be called in ath10k_hif_stop(). ath10k_core_unregister() will call ath10k_hif_power_down() to stop hif bus, so ath10k_sdio_hif_tx_sg() won't be called anymore.  Tested-on: QCA6174 hw3.2 SDIO WLAN.RMH.4.4.1-00189	https://nvd.nist.gov/vuln/detail/CVE-2024-56599	filtered-vector-low-criticality: LOCAL scorev3<7
CVE-2024-56620	5.5	LOCAL	yes	In the Linux kernel, the following vulnerability has been resolved:  scsi: ufs: qcom: Only free platform MSIs when ESI is enabled  Otherwise, it will result in a NULL pointer dereference as below:  Unable to handle kernel NULL pointer dereference at virtual address 0000000000000008 Call trace:  mutex_lock+0xc/0x54  platform_device_msi_free_irqs_all+0x14/0x20  ufs_qcom_remove+0x34/0x48 [ufs_qcom]  platform_remove+0x28/0x44  device_remove+0x4c/0x80  device_release_driver_internal+0xd8/0x178  driver_detach+0x50/0x9c  bus_remove_driver+0x6c/0xbc  driver_unregister+0x30/0x60  platform_driver_unregister+0x14/0x20  ufs_qcom_pltform_exit+0x18/0xb94 [ufs_qcom]  __arm64_sys_delete_module+0x180/0x260  invoke_syscall+0x44/0x100  el0_svc_common.constprop.0+0xc0/0xe0  do_el0_svc+0x1c/0x28  el0_svc+0x34/0xdc  el0t_64_sync_handler+0xc0/0xc4  el0t_64_sync+0x190/0x194	https://nvd.nist.gov/vuln/detail/CVE-2024-56620	filtered-vector-low-criticality: LOCAL scorev3<7
CVE-2024-56647	5.5	LOCAL	yes	In the Linux kernel, the following vulnerability has been resolved:  net: Fix icmp host relookup triggering ip_rt_bug  arp link failure may trigger ip_rt_bug while xfrm enabled, call trace is:  WARNING: CPU: 0 PID: 0 at net/ipv4/route.c:1241 ip_rt_bug+0x14/0x20 Modules linked in: CPU: 0 UID: 0 PID: 0 Comm: swapper/0 Not tainted 6.12.0-rc6-00077-g2e1b3cc9d7f7 Hardware name: QEMU Standard PC (i440FX + PIIX, 1996), BIOS rel-1.13.0-0-gf21b5a4aeb02-prebuilt.qemu.org 04/01/2014 RIP: 0010:ip_rt_bug+0x14/0x20 Call Trace:  <IRQ>  ip_send_skb+0x14/0x40  __icmp_send+0x42d/0x6a0  ipv4_link_failure+0xe2/0x1d0  arp_error_report+0x3c/0x50  neigh_invalidate+0x8d/0x100  neigh_timer_handler+0x2e1/0x330  call_timer_fn+0x21/0x120  __run_timer_base.part.0+0x1c9/0x270  run_timer_softirq+0x4c/0x80  handle_softirqs+0xac/0x280  irq_exit_rcu+0x62/0x80  sysvec_apic_timer_interrupt+0x77/0x90  The script below reproduces this scenario: ip xfrm policy add src 0.0.0.0/0 dst 0.0.0.0/0 \ 	dir out priority 0 ptype main flag localok icmp ip l a veth1 type veth ip a a 192.168.141.111/24 dev veth0 ip l s veth0 up ping 192.168.141.155 -c 1  icmp_route_lookup() create input routes for locally generated packets while xfrm relookup ICMP traffic.Then it will set input route (dst->out = ip_rt_bug) to skb for DESTUNREACH.  For ICMP err triggered by locally generated packets, dst->dev of output route is loopback. Generally, xfrm relookup verification is not required on loopback interfaces (net.ipv4.conf.lo.disable_xfrm = 1).  Skip icmp relookup for locally generated packets to fix it.	https://nvd.nist.gov/vuln/detail/CVE-2024-56647	filtered-vector-low-criticality: LOCAL scorev3<7
CVE-2024-56702	5.5	LOCAL	yes	In the Linux kernel, the following vulnerability has been resolved:  bpf: Mark raw_tp arguments with PTR_MAYBE_NULL  Arguments to a raw tracepoint are tagged as trusted, which carries the semantics that the pointer will be non-NULL.  However, in certain cases, a raw tracepoint argument may end up being NULL. More context about this issue is available in [0].  Thus, there is a discrepancy between the reality, that raw_tp arguments can actually be NULL, and the verifier's knowledge, that they are never NULL, causing explicit NULL checks to be deleted, and accesses to such pointers potentially crashing the kernel.  To fix this, mark raw_tp arguments as PTR_MAYBE_NULL, and then special case the dereference and pointer arithmetic to permit it, and allow passing them into helpers/kfuncs; these exceptions are made for raw_tp programs only. Ensure that we don't do this when ref_obj_id > 0, as in that case this is an acquired object and doesn't need such adjustment.  The reason we do mask_raw_tp_trusted_reg logic is because other will recheck in places whether the register is a trusted_reg, and then consider our register as untrusted when detecting the presence of the PTR_MAYBE_NULL flag.  To allow safe dereference, we enable PROBE_MEM marking when we see loads into trusted pointers with PTR_MAYBE_NULL.  While trusted raw_tp arguments can also be passed into helpers or kfuncs where such broken assumption may cause issues, a future patch set will tackle their case separately, as PTR_TO_BTF_ID (without PTR_TRUSTED) can already be passed into helpers and causes similar problems. Thus, they are left alone for now.  It is possible that these checks also permit passing non-raw_tp args that are trusted PTR_TO_BTF_ID with null marking. In such a case, allowing dereference when pointer is NULL expands allowed behavior, so won't regress existing programs, and the case of passing these into helpers is the same as above and will be dealt with later.  Also update the failure case in tp_btf_nullable selftest to capture the new behavior, as the verifier will no longer cause an error when directly dereference a raw tracepoint argument marked as __nullable.    [0]: https://lore.kernel.org/bpf/ZrCZS6nisraEqehw@jlelli-thinkpadt14gen4.remote.csb	https://nvd.nist.gov/vuln/detail/CVE-2024-56702	filtered-vector-low-criticality: LOCAL scorev3<7
CVE-2024-56712	5.5	LOCAL	yes	In the Linux kernel, the following vulnerability has been resolved:  udmabuf: fix memory leak on last export_udmabuf() error path  In export_udmabuf(), if dma_buf_fd() fails because the FD table is full, a dma_buf owning the udmabuf has already been created; but the error handling in udmabuf_create() will tear down the udmabuf without doing anything about the containing dma_buf.  This leaves a dma_buf in memory that contains a dangling pointer; though that doesn't seem to lead to anything bad except a memory leak.  Fix it by moving the dma_buf_fd() call out of export_udmabuf() so that we can give it different error handling.  Note that the shape of this code changed a lot in commit 5e72b2b41a21 ("udmabuf: convert udmabuf driver to use folios"); but the memory leak seems to have existed since the introduction of udmabuf.	https://nvd.nist.gov/vuln/detail/CVE-2024-56712	filtered-vector-low-criticality: LOCAL scorev3<7
CVE-2024-56742	5.5	LOCAL	yes	In the Linux kernel, the following vulnerability has been resolved:  vfio/mlx5: Fix an unwind issue in mlx5vf_add_migration_pages()  Fix an unwind issue in mlx5vf_add_migration_pages().  If a set of pages is allocated but fails to be added to the SG table, they need to be freed to prevent a memory leak.  Any pages successfully added to the SG table will be freed as part of mlx5vf_free_data_buffer().	https://nvd.nist.gov/vuln/detail/CVE-2024-56742	filtered-vector-low-criticality: LOCAL scorev3<7
CVE-2024-56757	5.5	LOCAL	yes	In the Linux kernel, the following vulnerability has been resolved:  Bluetooth: btusb: mediatek: add intf release flow when usb disconnect  MediaTek claim an special usb intr interface for ISO data transmission. The interface need to be released before unregistering hci device when usb disconnect. Removing BT usb dongle without properly releasing the interface may cause Kernel panic while unregister hci device.	https://nvd.nist.gov/vuln/detail/CVE-2024-56757	filtered-vector-low-criticality: LOCAL scorev3<7
CVE-2024-56758	5.5	LOCAL	yes	In the Linux kernel, the following vulnerability has been resolved:  btrfs: check folio mapping after unlock in relocate_one_folio()  When we call btrfs_read_folio() to bring a folio uptodate, we unlock the folio. The result of that is that a different thread can modify the mapping (like remove it with invalidate) before we call folio_lock(). This results in an invalid page and we need to try again.  In particular, if we are relocating concurrently with aborting a transaction, this can result in a crash like the following:    BUG: kernel NULL pointer dereference, address: 0000000000000000   PGD 0 P4D 0   Oops: 0000 [#1] SMP   CPU: 76 PID: 1411631 Comm: kworker/u322:5   Workqueue: events_unbound btrfs_reclaim_bgs_work   RIP: 0010:set_page_extent_mapped+0x20/0xb0   RSP: 0018:ffffc900516a7be8 EFLAGS: 00010246   RAX: ffffea009e851d08 RBX: ffffea009e0b1880 RCX: 0000000000000000   RDX: 0000000000000000 RSI: ffffc900516a7b90 RDI: ffffea009e0b1880   RBP: 0000000003573000 R08: 0000000000000001 R09: ffff88c07fd2f3f0   R10: 0000000000000000 R11: 0000194754b575be R12: 0000000003572000   R13: 0000000003572fff R14: 0000000000100cca R15: 0000000005582fff   FS:  0000000000000000(0000) GS:ffff88c07fd00000(0000) knlGS:0000000000000000   CS:  0010 DS: 0000 ES: 0000 CR0: 0000000080050033   CR2: 0000000000000000 CR3: 000000407d00f002 CR4: 00000000007706f0   DR0: 0000000000000000 DR1: 0000000000000000 DR2: 0000000000000000   DR3: 0000000000000000 DR6: 00000000fffe0ff0 DR7: 0000000000000400   PKRU: 55555554   Call Trace:   <TASK>   ? __die+0x78/0xc0   ? page_fault_oops+0x2a8/0x3a0   ? __switch_to+0x133/0x530   ? wq_worker_running+0xa/0x40   ? exc_page_fault+0x63/0x130   ? asm_exc_page_fault+0x22/0x30   ? set_page_extent_mapped+0x20/0xb0   relocate_file_extent_cluster+0x1a7/0x940   relocate_data_extent+0xaf/0x120   relocate_block_group+0x20f/0x480   btrfs_relocate_block_group+0x152/0x320   btrfs_relocate_chunk+0x3d/0x120   btrfs_reclaim_bgs_work+0x2ae/0x4e0   process_scheduled_works+0x184/0x370   worker_thread+0xc6/0x3e0   ? blk_add_timer+0xb0/0xb0   kthread+0xae/0xe0   ? flush_tlb_kernel_range+0x90/0x90   ret_from_fork+0x2f/0x40   ? flush_tlb_kernel_range+0x90/0x90   ret_from_fork_asm+0x11/0x20   </TASK>  This occurs because cleanup_one_transaction() calls destroy_delalloc_inodes() which calls invalidate_inode_pages2() which takes the folio_lock before setting mapping to NULL. We fail to check this, and subsequently call set_extent_mapping(), which assumes that mapping != NULL (in fact it asserts that in debug mode)  Note that the "fixes" patch here is not the one that introduced the race (the very first iteration of this code from 2009) but a more recent change that made this particular crash happen in practice.	https://nvd.nist.gov/vuln/detail/CVE-2024-56758	filtered-vector-low-criticality: LOCAL scorev3<7
CVE-2024-56761	5.5	LOCAL	yes	In the Linux kernel, the following vulnerability has been resolved:  x86/fred: Clear WFE in missing-ENDBRANCH #CPs  An indirect branch instruction sets the CPU indirect branch tracker (IBT) into WAIT_FOR_ENDBRANCH (WFE) state and WFE stays asserted across the instruction boundary.  When the decoder finds an inappropriate instruction while WFE is set ENDBR, the CPU raises a #CP fault.  For the "kernel IBT no ENDBR" selftest where #CPs are deliberately triggered, the WFE state of the interrupted context needs to be cleared to let execution continue.  Otherwise when the CPU resumes from the instruction that just caused the previous #CP, another missing-ENDBRANCH #CP is raised and the CPU enters a dead loop.  This is not a problem with IDT because it doesn't preserve WFE and IRET doesn't set WFE.  But FRED provides space on the entry stack (in an expanded CS area) to save and restore the WFE state, thus the WFE state is no longer clobbered, so software must clear it.  Clear WFE to avoid dead looping in ibt_clear_fred_wfe() and the !ibt_fatal code path when execution is allowed to continue.  Clobbering WFE in any other circumstance is a security-relevant bug.  [ dhansen: changelog rewording ]	https://nvd.nist.gov/vuln/detail/CVE-2024-56761	filtered-vector-low-criticality: LOCAL scorev3<7
CVE-2024-56782	5.5	LOCAL	yes	In the Linux kernel, the following vulnerability has been resolved:  ACPI: x86: Add adev NULL check to acpi_quirk_skip_serdev_enumeration()  acpi_dev_hid_match() does not check for adev == NULL, dereferencing it unconditional.  Add a check for adev being NULL before calling acpi_dev_hid_match().  At the moment acpi_quirk_skip_serdev_enumeration() is never called with a controller_parent without an ACPI companion, but better safe than sorry.	https://nvd.nist.gov/vuln/detail/CVE-2024-56782	filtered-vector-low-criticality: LOCAL scorev3<7
CVE-2024-57804	5.5	LOCAL	yes	In the Linux kernel, the following vulnerability has been resolved:  scsi: mpi3mr: Fix corrupt config pages PHY state is switched in sysfs  The driver, through the SAS transport, exposes a sysfs interface to enable/disable PHYs in a controller/expander setup.  When multiple PHYs are disabled and enabled in rapid succession, the persistent and current config pages related to SAS IO unit/SAS Expander pages could get corrupted.  Use separate memory for each config request.	https://nvd.nist.gov/vuln/detail/CVE-2024-57804	filtered-vector-low-criticality: LOCAL scorev3<7
CVE-2024-57809	5.5	LOCAL	yes	In the Linux kernel, the following vulnerability has been resolved:  PCI: imx6: Fix suspend/resume support on i.MX6QDL  The suspend/resume functionality is currently broken on the i.MX6QDL platform, as documented in the NXP errata (ERR005723):    https://www.nxp.com/docs/en/errata/IMX6DQCE.pdf  This patch addresses the issue by sharing most of the suspend/resume sequences used by other i.MX devices, while avoiding modifications to critical registers that disrupt the PCIe functionality. It targets the same problem as the following downstream commit:    https://github.com/nxp-imx/linux-imx/commit/4e92355e1f79d225ea842511fcfd42b343b32995  Unlike the downstream commit, this patch also resets the connected PCIe device if possible. Without this reset, certain drivers, such as ath10k or iwlwifi, will crash on resume. The device reset is also done by the driver on other i.MX platforms, making this patch consistent with existing practices.  Upon resuming, the kernel will hang and display an error. Here's an example of the error encountered with the ath10k driver:    ath10k_pci 0000:01:00.0: Unable to change power state from D3hot to D0, device inaccessible   Unhandled fault: imprecise external abort (0x1406) at 0x0106f944  Without this patch, suspend/resume will fail on i.MX6QDL devices if a PCIe device is connected.  [kwilczynski: commit log, added tag for stable releases]	https://nvd.nist.gov/vuln/detail/CVE-2024-57809	filtered-vector-low-criticality: LOCAL scorev3<7
CVE-2024-57872	5.5	LOCAL	yes	In the Linux kernel, the following vulnerability has been resolved:  scsi: ufs: pltfrm: Dellocate HBA during ufshcd_pltfrm_remove()  This will ensure that the scsi host is cleaned up properly using scsi_host_dev_release(). Otherwise, it may lead to memory leaks.	https://nvd.nist.gov/vuln/detail/CVE-2024-57872	filtered-vector-low-criticality: LOCAL scorev3<7
CVE-2024-57875	5.5	LOCAL	yes	In the Linux kernel, the following vulnerability has been resolved:  block: RCU protect disk->conv_zones_bitmap  Ensure that a disk revalidation changing the conventional zones bitmap of a disk does not cause invalid memory references when using the disk_zone_is_conv() helper by RCU protecting the disk->conv_zones_bitmap pointer.  disk_zone_is_conv() is modified to operate under the RCU read lock and the function disk_set_conv_zones_bitmap() is added to update a disk conv_zones_bitmap pointer using rcu_replace_pointer() with the disk zone_wplugs_lock spinlock held.  disk_free_zone_resources() is modified to call disk_update_zone_resources() with a NULL bitmap pointer to free the disk conv_zones_bitmap. disk_set_conv_zones_bitmap() is also used in disk_update_zone_resources() to set the new (revalidated) bitmap and free the old one.	https://nvd.nist.gov/vuln/detail/CVE-2024-57875	filtered-vector-low-criticality: LOCAL scorev3<7
CVE-2024-57898	3.3	LOCAL	yes	In the Linux kernel, the following vulnerability has been resolved:  wifi: cfg80211: clear link ID from bitmap during link delete after clean up  Currently, during link deletion, the link ID is first removed from the valid_links bitmap before performing any clean-up operations. However, some functions require the link ID to remain in the valid_links bitmap. One such example is cfg80211_cac_event(). The flow is -  nl80211_remove_link()     cfg80211_remove_link()         ieee80211_del_intf_link()             ieee80211_vif_set_links()                 ieee80211_vif_update_links()                     ieee80211_link_stop()                         cfg80211_cac_event()  cfg80211_cac_event() requires link ID to be present but it is cleared already in cfg80211_remove_link(). Ultimately, WARN_ON() is hit.  Therefore, clear the link ID from the bitmap only after completing the link clean-up.	https://nvd.nist.gov/vuln/detail/CVE-2024-57898	filtered-vector-low-criticality: LOCAL scorev3<7
CVE-2024-57950	5.5	LOCAL	yes	In the Linux kernel, the following vulnerability has been resolved:  drm/amd/display: Initialize denominator defaults to 1  [WHAT & HOW] Variables, used as denominators and maybe not assigned to other values, should be initialized to non-zero to avoid DIVIDE_BY_ZERO, as reported by Coverity.  (cherry picked from commit e2c4c6c10542ccfe4a0830bb6c9fd5b177b7bbb7)	https://nvd.nist.gov/vuln/detail/CVE-2024-57950	filtered-vector-low-criticality: LOCAL scorev3<7
CVE-2024-57974	4.7	LOCAL	yes	In the Linux kernel, the following vulnerability has been resolved:  udp: Deal with race between UDP socket address change and rehash  If a UDP socket changes its local address while it's receiving datagrams, as a result of connect(), there is a period during which a lookup operation might fail to find it, after the address is changed but before the secondary hash (port and address) and the four-tuple hash (local and remote ports and addresses) are updated.  Secondary hash chains were introduced by commit 30fff9231fad ("udp: bind() optimisation") and, as a result, a rehash operation became needed to make a bound socket reachable again after a connect().  This operation was introduced by commit 719f835853a9 ("udp: add rehash on connect()") which isn't however a complete fix: the socket will be found once the rehashing completes, but not while it's pending.  This is noticeable with a socat(1) server in UDP4-LISTEN mode, and a client sending datagrams to it. After the server receives the first datagram (cf. _xioopen_ipdgram_listen()), it issues a connect() to the address of the sender, in order to set up a directed flow.  Now, if the client, running on a different CPU thread, happens to send a (subsequent) datagram while the server's socket changes its address, but is not rehashed yet, this will result in a failed lookup and a port unreachable error delivered to the client, as apparent from the following reproducer:    LEN=$(($(cat /proc/sys/net/core/wmem_default) / 4))   dd if=/dev/urandom bs=1 count=${LEN} of=tmp.in    while :; do   	taskset -c 1 socat UDP4-LISTEN:1337,null-eof OPEN:tmp.out,create,trunc &   	sleep 0.1 || sleep 1   	taskset -c 2 socat OPEN:tmp.in UDP4:localhost:1337,shut-null   	wait   done  where the client will eventually get ECONNREFUSED on a write() (typically the second or third one of a given iteration):    2024/11/13 21:28:23 socat[46901] E write(6, 0x556db2e3c000, 8192): Connection refused  This issue was first observed as a seldom failure in Podman's tests checking UDP functionality while using pasta(1) to connect the container's network namespace, which leads us to a reproducer with the lookup error resulting in an ICMP packet on a tap device:    LOCAL_ADDR="$(ip -j -4 addr show|jq -rM '.[] | .addr_info[0] | select(.scope == "global").local')"    while :; do   	./pasta --config-net -p pasta.pcap -u 1337 socat UDP4-LISTEN:1337,null-eof OPEN:tmp.out,create,trunc &   	sleep 0.2 || sleep 1   	socat OPEN:tmp.in UDP4:${LOCAL_ADDR}:1337,shut-null   	wait   	cmp tmp.in tmp.out   done  Once this fails:    tmp.in tmp.out differ: char 8193, line 29  we can finally have a look at what's going on:    $ tshark -r pasta.pcap       1   0.000000           :: ? ff02::16     ICMPv6 110 Multicast Listener Report Message v2       2   0.168690 88.198.0.161 ? 88.198.0.164 UDP 8234 60260 ? 1337 Len=8192       3   0.168767 88.198.0.161 ? 88.198.0.164 UDP 8234 60260 ? 1337 Len=8192       4   0.168806 88.198.0.161 ? 88.198.0.164 UDP 8234 60260 ? 1337 Len=8192       5   0.168827 c6:47:05:8d:dc:04 ? Broadcast    ARP 42 Who has 88.198.0.161? Tell 88.198.0.164       6   0.168851 9a:55:9a:55:9a:55 ? c6:47:05:8d:dc:04 ARP 42 88.198.0.161 is at 9a:55:9a:55:9a:55       7   0.168875 88.198.0.161 ? 88.198.0.164 UDP 8234 60260 ? 1337 Len=8192       8   0.168896 88.198.0.164 ? 88.198.0.161 ICMP 590 Destination unreachable (Port unreachable)       9   0.168926 88.198.0.161 ? 88.198.0.164 UDP 8234 60260 ? 1337 Len=8192      10   0.168959 88.198.0.161 ? 88.198.0.164 UDP 8234 60260 ? 1337 Len=8192      11   0.168989 88.198.0.161 ? 88.198.0.164 UDP 4138 60260 ? 1337 Len=4096      12   0.169010 88.198.0.161 ? 88.198.0.164 UDP 42 60260 ? 1337 Len=0  On the third datagram received, the network namespace of the container initiates an ARP lookup to deliver the ICMP message.  In another variant of this reproducer, starting the client with:    strace -f pasta --config-net -u 1337 socat UDP4-LISTEN:1337,null-eof OPEN:tmp.out,create,tru ---truncated---	https://nvd.nist.gov/vuln/detail/CVE-2024-57974	filtered-vector-low-criticality: LOCAL scorev3<7
CVE-2024-57975	5.5	LOCAL	yes	In the Linux kernel, the following vulnerability has been resolved:  btrfs: do proper folio cleanup when run_delalloc_nocow() failed  [BUG] With CONFIG_DEBUG_VM set, test case generic/476 has some chance to crash with the following VM_BUG_ON_FOLIO():    BTRFS error (device dm-3): cow_file_range failed, start 1146880 end 1253375 len 106496 ret -28   BTRFS error (device dm-3): run_delalloc_nocow failed, start 1146880 end 1253375 len 106496 ret -28   page: refcount:4 mapcount:0 mapping:00000000592787cc index:0x12 pfn:0x10664   aops:btrfs_aops [btrfs] ino:101 dentry name(?):"f1774"   flags: 0x2fffff80004028(uptodate|lru|private|node=0|zone=2|lastcpupid=0xfffff)   page dumped because: VM_BUG_ON_FOLIO(!folio_test_locked(folio))   ------------[ cut here ]------------   kernel BUG at mm/page-writeback.c:2992!   Internal error: Oops - BUG: 00000000f2000800 [#1] SMP   CPU: 2 UID: 0 PID: 3943513 Comm: kworker/u24:15 Tainted: G           OE      6.12.0-rc7-custom+ #87   Tainted: [O]=OOT_MODULE, [E]=UNSIGNED_MODULE   Hardware name: QEMU KVM Virtual Machine, BIOS unknown 2/2/2022   Workqueue: events_unbound btrfs_async_reclaim_data_space [btrfs]   pc : folio_clear_dirty_for_io+0x128/0x258   lr : folio_clear_dirty_for_io+0x128/0x258   Call trace:    folio_clear_dirty_for_io+0x128/0x258    btrfs_folio_clamp_clear_dirty+0x80/0xd0 [btrfs]    __process_folios_contig+0x154/0x268 [btrfs]    extent_clear_unlock_delalloc+0x5c/0x80 [btrfs]    run_delalloc_nocow+0x5f8/0x760 [btrfs]    btrfs_run_delalloc_range+0xa8/0x220 [btrfs]    writepage_delalloc+0x230/0x4c8 [btrfs]    extent_writepage+0xb8/0x358 [btrfs]    extent_write_cache_pages+0x21c/0x4e8 [btrfs]    btrfs_writepages+0x94/0x150 [btrfs]    do_writepages+0x74/0x190    filemap_fdatawrite_wbc+0x88/0xc8    start_delalloc_inodes+0x178/0x3a8 [btrfs]    btrfs_start_delalloc_roots+0x174/0x280 [btrfs]    shrink_delalloc+0x114/0x280 [btrfs]    flush_space+0x250/0x2f8 [btrfs]    btrfs_async_reclaim_data_space+0x180/0x228 [btrfs]    process_one_work+0x164/0x408    worker_thread+0x25c/0x388    kthread+0x100/0x118    ret_from_fork+0x10/0x20   Code: 910a8021 a90363f7 a9046bf9 94012379 (d4210000)   ---[ end trace 0000000000000000 ]---  [CAUSE] The first two lines of extra debug messages show the problem is caused by the error handling of run_delalloc_nocow().  E.g. we have the following dirtied range (4K blocksize 4K page size):      0                 16K                  32K     |//////////////////////////////////////|     |  Pre-allocated  |  And the range [0, 16K) has a preallocated extent.  - Enter run_delalloc_nocow() for range [0, 16K)   Which found range [0, 16K) is preallocated, can do the proper NOCOW   write.  - Enter fallback_to_fow() for range [16K, 32K)   Since the range [16K, 32K) is not backed by preallocated extent, we   have to go COW.  - cow_file_range() failed for range [16K, 32K)   So cow_file_range() will do the clean up by clearing folio dirty,   unlock the folios.    Now the folios in range [16K, 32K) is unlocked.  - Enter extent_clear_unlock_delalloc() from run_delalloc_nocow()   Which is called with PAGE_START_WRITEBACK to start page writeback.   But folios can only be marked writeback when it's properly locked,   thus this triggered the VM_BUG_ON_FOLIO().  Furthermore there is another hidden but common bug that run_delalloc_nocow() is not clearing the folio dirty flags in its error handling path. This is the common bug shared between run_delalloc_nocow() and cow_file_range().  [FIX] - Clear folio dirty for range [@start, @cur_offset)   Introduce a helper, cleanup_dirty_folios(), which   will find and lock the folio in the range, clear the dirty flag and   start/end the writeback, with the extra handling for the   @locked_folio.  - Introduce a helper to clear folio dirty, start and end writeback  - Introduce a helper to record the last failed COW range end   This is to trace which range we should skip, to avoid double   unlocking.  - Skip the failed COW range for the e ---truncated---	https://nvd.nist.gov/vuln/detail/CVE-2024-57975	filtered-vector-low-criticality: LOCAL scorev3<7
CVE-2024-57976	5.5	LOCAL	yes	In the Linux kernel, the following vulnerability has been resolved:  btrfs: do proper folio cleanup when cow_file_range() failed  [BUG] When testing with COW fixup marked as BUG_ON() (this is involved with the new pin_user_pages*() change, which should not result new out-of-band dirty pages), I hit a crash triggered by the BUG_ON() from hitting COW fixup path.  This BUG_ON() happens just after a failed btrfs_run_delalloc_range():    BTRFS error (device dm-2): failed to run delalloc range, root 348 ino 405 folio 65536 submit_bitmap 6-15 start 90112 len 106496: -28   ------------[ cut here ]------------   kernel BUG at fs/btrfs/extent_io.c:1444!   Internal error: Oops - BUG: 00000000f2000800 [#1] SMP   CPU: 0 UID: 0 PID: 434621 Comm: kworker/u24:8 Tainted: G           OE      6.12.0-rc7-custom+ #86   Hardware name: QEMU KVM Virtual Machine, BIOS unknown 2/2/2022   Workqueue: events_unbound btrfs_async_reclaim_data_space [btrfs]   pc : extent_writepage_io+0x2d4/0x308 [btrfs]   lr : extent_writepage_io+0x2d4/0x308 [btrfs]   Call trace:    extent_writepage_io+0x2d4/0x308 [btrfs]    extent_writepage+0x218/0x330 [btrfs]    extent_write_cache_pages+0x1d4/0x4b0 [btrfs]    btrfs_writepages+0x94/0x150 [btrfs]    do_writepages+0x74/0x190    filemap_fdatawrite_wbc+0x88/0xc8    start_delalloc_inodes+0x180/0x3b0 [btrfs]    btrfs_start_delalloc_roots+0x174/0x280 [btrfs]    shrink_delalloc+0x114/0x280 [btrfs]    flush_space+0x250/0x2f8 [btrfs]    btrfs_async_reclaim_data_space+0x180/0x228 [btrfs]    process_one_work+0x164/0x408    worker_thread+0x25c/0x388    kthread+0x100/0x118    ret_from_fork+0x10/0x20   Code: aa1403e1 9402f3ef aa1403e0 9402f36f (d4210000)   ---[ end trace 0000000000000000 ]---  [CAUSE] That failure is mostly from cow_file_range(), where we can hit -ENOSPC.  Although the -ENOSPC is already a bug related to our space reservation code, let's just focus on the error handling.  For example, we have the following dirty range [0, 64K) of an inode, with 4K sector size and 4K page size:     0        16K        32K       48K       64K    |///////////////////////////////////////|    |#######################################|  Where |///| means page are still dirty, and |###| means the extent io tree has EXTENT_DELALLOC flag.  - Enter extent_writepage() for page 0  - Enter btrfs_run_delalloc_range() for range [0, 64K)  - Enter cow_file_range() for range [0, 64K)  - Function btrfs_reserve_extent() only reserved one 16K extent   So we created extent map and ordered extent for range [0, 16K)     0        16K        32K       48K       64K    |////////|//////////////////////////////|    |<- OE ->|##############################|     And range [0, 16K) has its delalloc flag cleared.    But since we haven't yet submit any bio, involved 4 pages are still    dirty.  - Function btrfs_reserve_extent() returns with -ENOSPC   Now we have to run error cleanup, which will clear all   EXTENT_DELALLOC* flags and clear the dirty flags for the remaining   ranges:     0        16K        32K       48K       64K    |////////|                              |    |        |                              |    Note that range [0, 16K) still has its pages dirty.  - Some time later, writeback is triggered again for the range [0, 16K)   since the page range still has dirty flags.  - btrfs_run_delalloc_range() will do nothing because there is no   EXTENT_DELALLOC flag.  - extent_writepage_io() finds page 0 has no ordered flag   Which falls into the COW fixup path, triggering the BUG_ON().  Unfortunately this error handling bug dates back to the introduction of btrfs.  Thankfully with the abuse of COW fixup, at least it won't crash the kernel.  [FIX] Instead of immediately unlocking the extent and folios, we keep the extent and folios locked until either erroring out or the whole delalloc range finished.  When the whole delalloc range finished without error, we just unlock the whole range with PAGE_SET_ORDERED (and PAGE_UNLOCK for !keep_locked cases) ---truncated---	https://nvd.nist.gov/vuln/detail/CVE-2024-57976	filtered-vector-low-criticality: LOCAL scorev3<7
CVE-2024-57977	5.5	LOCAL	yes	In the Linux kernel, the following vulnerability has been resolved:  memcg: fix soft lockup in the OOM process  A soft lockup issue was found in the product with about 56,000 tasks were in the OOM cgroup, it was traversing them when the soft lockup was triggered.  watchdog: BUG: soft lockup - CPU#2 stuck for 23s! [VM Thread:1503066] CPU: 2 PID: 1503066 Comm: VM Thread Kdump: loaded Tainted: G Hardware name: Huawei Cloud OpenStack Nova, BIOS RIP: 0010:console_unlock+0x343/0x540 RSP: 0000:ffffb751447db9a0 EFLAGS: 00000247 ORIG_RAX: ffffffffffffff13 RAX: 0000000000000001 RBX: 0000000000000000 RCX: 00000000ffffffff RDX: 0000000000000000 RSI: 0000000000000004 RDI: 0000000000000247 RBP: ffffffffafc71f90 R08: 0000000000000000 R09: 0000000000000040 R10: 0000000000000080 R11: 0000000000000000 R12: ffffffffafc74bd0 R13: ffffffffaf60a220 R14: 0000000000000247 R15: 0000000000000000 CS:  0010 DS: 0000 ES: 0000 CR0: 0000000080050033 CR2: 00007f2fe6ad91f0 CR3: 00000004b2076003 CR4: 0000000000360ee0 DR0: 0000000000000000 DR1: 0000000000000000 DR2: 0000000000000000 DR3: 0000000000000000 DR6: 00000000fffe0ff0 DR7: 0000000000000400 Call Trace:  vprintk_emit+0x193/0x280  printk+0x52/0x6e  dump_task+0x114/0x130  mem_cgroup_scan_tasks+0x76/0x100  dump_header+0x1fe/0x210  oom_kill_process+0xd1/0x100  out_of_memory+0x125/0x570  mem_cgroup_out_of_memory+0xb5/0xd0  try_charge+0x720/0x770  mem_cgroup_try_charge+0x86/0x180  mem_cgroup_try_charge_delay+0x1c/0x40  do_anonymous_page+0xb5/0x390  handle_mm_fault+0xc4/0x1f0  This is because thousands of processes are in the OOM cgroup, it takes a long time to traverse all of them.  As a result, this lead to soft lockup in the OOM process.  To fix this issue, call 'cond_resched' in the 'mem_cgroup_scan_tasks' function per 1000 iterations.  For global OOM, call 'touch_softlockup_watchdog' per 1000 iterations to avoid this issue.	https://nvd.nist.gov/vuln/detail/CVE-2024-57977	filtered-vector-low-criticality: LOCAL scorev3<7
CVE-2024-57994	5.5	LOCAL	yes	In the Linux kernel, the following vulnerability has been resolved:  ptr_ring: do not block hard interrupts in ptr_ring_resize_multiple()  Jakub added a lockdep_assert_no_hardirq() check in __page_pool_put_page() to increase test coverage.  syzbot found a splat caused by hard irq blocking in ptr_ring_resize_multiple() [1]  As current users of ptr_ring_resize_multiple() do not require hard irqs being masked, replace it to only block BH.  Rename helpers to better reflect they are safe against BH only.  - ptr_ring_resize_multiple() to ptr_ring_resize_multiple_bh() - skb_array_resize_multiple() to skb_array_resize_multiple_bh()  [1]  WARNING: CPU: 1 PID: 9150 at net/core/page_pool.c:709 __page_pool_put_page net/core/page_pool.c:709 [inline] WARNING: CPU: 1 PID: 9150 at net/core/page_pool.c:709 page_pool_put_unrefed_netmem+0x157/0xa40 net/core/page_pool.c:780 Modules linked in: CPU: 1 UID: 0 PID: 9150 Comm: syz.1.1052 Not tainted 6.11.0-rc3-syzkaller-00202-gf8669d7b5f5d #0 Hardware name: Google Google Compute Engine/Google Compute Engine, BIOS Google 08/06/2024 RIP: 0010:__page_pool_put_page net/core/page_pool.c:709 [inline] RIP: 0010:page_pool_put_unrefed_netmem+0x157/0xa40 net/core/page_pool.c:780 Code: 74 0e e8 7c aa fb f7 eb 43 e8 75 aa fb f7 eb 3c 65 8b 1d 38 a8 6a 76 31 ff 89 de e8 a3 ae fb f7 85 db 74 0b e8 5a aa fb f7 90 <0f> 0b 90 eb 1d 65 8b 1d 15 a8 6a 76 31 ff 89 de e8 84 ae fb f7 85 RSP: 0018:ffffc9000bda6b58 EFLAGS: 00010083 RAX: ffffffff8997e523 RBX: 0000000000000000 RCX: 0000000000040000 RDX: ffffc9000fbd0000 RSI: 0000000000001842 RDI: 0000000000001843 RBP: 0000000000000000 R08: ffffffff8997df2c R09: 1ffffd40003a000d R10: dffffc0000000000 R11: fffff940003a000e R12: ffffea0001d00040 R13: ffff88802e8a4000 R14: dffffc0000000000 R15: 00000000ffffffff FS:  00007fb7aaf716c0(0000) GS:ffff8880b9300000(0000) knlGS:0000000000000000 CS:  0010 DS: 0000 ES: 0000 CR0: 0000000080050033 CR2: 00007fa15a0d4b72 CR3: 00000000561b0000 CR4: 00000000003506f0 DR0: 0000000000000000 DR1: 0000000000000000 DR2: 0000000000000000 DR3: 0000000000000000 DR6: 00000000fffe0ff0 DR7: 0000000000000400 Call Trace:  <TASK>  tun_ptr_free drivers/net/tun.c:617 [inline]  __ptr_ring_swap_queue include/linux/ptr_ring.h:571 [inline]  ptr_ring_resize_multiple_noprof include/linux/ptr_ring.h:643 [inline]  tun_queue_resize drivers/net/tun.c:3694 [inline]  tun_device_event+0xaaf/0x1080 drivers/net/tun.c:3714  notifier_call_chain+0x19f/0x3e0 kernel/notifier.c:93  call_netdevice_notifiers_extack net/core/dev.c:2032 [inline]  call_netdevice_notifiers net/core/dev.c:2046 [inline]  dev_change_tx_queue_len+0x158/0x2a0 net/core/dev.c:9024  do_setlink+0xff6/0x41f0 net/core/rtnetlink.c:2923  rtnl_setlink+0x40d/0x5a0 net/core/rtnetlink.c:3201  rtnetlink_rcv_msg+0x73f/0xcf0 net/core/rtnetlink.c:6647  netlink_rcv_skb+0x1e3/0x430 net/netlink/af_netlink.c:2550	https://nvd.nist.gov/vuln/detail/CVE-2024-57994	filtered-vector-low-criticality: LOCAL scorev3<7
CVE-2024-57999	5.5	LOCAL	yes	In the Linux kernel, the following vulnerability has been resolved:  powerpc/pseries/iommu: IOMMU incorrectly marks MMIO range in DDW  Power Hypervisor can possibily allocate MMIO window intersecting with Dynamic DMA Window (DDW) range, which is over 32-bit addressing.  These MMIO pages needs to be marked as reserved so that IOMMU doesn't map DMA buffers in this range.  The current code is not marking these pages correctly which is resulting in LPAR to OOPS while booting. The stack is at below  BUG: Unable to handle kernel data access on read at 0xc00800005cd40000 Faulting instruction address: 0xc00000000005cdac Oops: Kernel access of bad area, sig: 11 [#1] LE PAGE_SIZE=64K MMU=Hash SMP NR_CPUS=2048 NUMA pSeries Modules linked in: af_packet rfkill ibmveth(X) lpfc(+) nvmet_fc nvmet nvme_keyring crct10dif_vpmsum nvme_fc nvme_fabrics nvme_core be2net(+) nvme_auth rtc_generic nfsd auth_rpcgss nfs_acl lockd grace sunrpc fuse configfs ip_tables x_tables xfs libcrc32c dm_service_time ibmvfc(X) scsi_transport_fc vmx_crypto gf128mul crc32c_vpmsum dm_mirror dm_region_hash dm_log dm_multipath dm_mod sd_mod scsi_dh_emc scsi_dh_rdac scsi_dh_alua t10_pi crc64_rocksoft_generic crc64_rocksoft sg crc64 scsi_mod Supported: Yes, External CPU: 8 PID: 241 Comm: kworker/8:1 Kdump: loaded Not tainted 6.4.0-150600.23.14-default #1 SLE15-SP6 b44ee71c81261b9e4bab5e0cde1f2ed891d5359b Hardware name: IBM,9080-M9S POWER9 (raw) 0x4e2103 0xf000005 of:IBM,FW950.B0 (VH950_149) hv:phyp pSeries Workqueue: events work_for_cpu_fn NIP:  c00000000005cdac LR: c00000000005e830 CTR: 0000000000000000 REGS: c00001400c9ff770 TRAP: 0300   Not tainted  (6.4.0-150600.23.14-default) MSR:  800000000280b033 <SF,VEC,VSX,EE,FP,ME,IR,DR,RI,LE>  CR: 24228448  XER: 00000001 CFAR: c00000000005cdd4 DAR: c00800005cd40000 DSISR: 40000000 IRQMASK: 0 GPR00: c00000000005e830 c00001400c9ffa10 c000000001987d00 c00001400c4fe800 GPR04: 0000080000000000 0000000000000001 0000000004000000 0000000000800000 GPR08: 0000000004000000 0000000000000001 c00800005cd40000 ffffffffffffffff GPR12: 0000000084228882 c00000000a4c4f00 0000000000000010 0000080000000000 GPR16: c00001400c4fe800 0000000004000000 0800000000000000 c00000006088b800 GPR20: c00001401a7be980 c00001400eff3800 c000000002a2da68 000000000000002b GPR24: c0000000026793a8 c000000002679368 000000000000002a c0000000026793c8 GPR28: 000008007effffff 0000080000000000 0000000000800000 c00001400c4fe800 NIP [c00000000005cdac] iommu_table_reserve_pages+0xac/0x100 LR [c00000000005e830] iommu_init_table+0x80/0x1e0 Call Trace: [c00001400c9ffa10] [c00000000005e810] iommu_init_table+0x60/0x1e0 (unreliable) [c00001400c9ffa90] [c00000000010356c] iommu_bypass_supported_pSeriesLP+0x9cc/0xe40 [c00001400c9ffc30] [c00000000005c300] dma_iommu_dma_supported+0xf0/0x230 [c00001400c9ffcb0] [c00000000024b0c4] dma_supported+0x44/0x90 [c00001400c9ffcd0] [c00000000024b14c] dma_set_mask+0x3c/0x80 [c00001400c9ffd00] [c0080000555b715c] be_probe+0xc4/0xb90 [be2net] [c00001400c9ffdc0] [c000000000986f3c] local_pci_probe+0x6c/0x110 [c00001400c9ffe40] [c000000000188f28] work_for_cpu_fn+0x38/0x60 [c00001400c9ffe70] [c00000000018e454] process_one_work+0x314/0x620 [c00001400c9fff10] [c00000000018f280] worker_thread+0x2b0/0x620 [c00001400c9fff90] [c00000000019bb18] kthread+0x148/0x150 [c00001400c9fffe0] [c00000000000ded8] start_kernel_thread+0x14/0x18  There are 2 issues in the code  1. The index is "int" while the address is "unsigned long". This results in    negative value when setting the bitmap.  2. The DMA offset is page shifted but the MMIO range is used as-is (64-bit    address). MMIO address needs to be page shifted as well.	https://nvd.nist.gov/vuln/detail/CVE-2024-57999	filtered-vector-low-criticality: LOCAL scorev3<7
CVE-2024-58006	5.5	LOCAL	yes	In the Linux kernel, the following vulnerability has been resolved:  PCI: dwc: ep: Prevent changing BAR size/flags in pci_epc_set_bar()  In commit 4284c88fff0e ("PCI: designware-ep: Allow pci_epc_set_bar() update inbound map address") set_bar() was modified to support dynamically changing the backing physical address of a BAR that was already configured.  This means that set_bar() can be called twice, without ever calling clear_bar() (as calling clear_bar() would clear the BAR's PCI address assigned by the host).  This can only be done if the new BAR size/flags does not differ from the existing BAR configuration. Add these missing checks.  If we allow set_bar() to set e.g. a new BAR size that differs from the existing BAR size, the new address translation range will be smaller than the BAR size already determined by the host, which would mean that a read past the new BAR size would pass the iATU untranslated, which could allow the host to read memory not belonging to the new struct pci_epf_bar.  While at it, add comments which clarifies the support for dynamically changing the physical address of a BAR. (Which was also missing.)	https://nvd.nist.gov/vuln/detail/CVE-2024-58006	filtered-vector-low-criticality: LOCAL scorev3<7
CVE-2024-58012	5.5	LOCAL	yes	In the Linux kernel, the following vulnerability has been resolved:  ASoC: SOF: Intel: hda-dai: Ensure DAI widget is valid during params  Each cpu DAI should associate with a widget. However, the topology might not create the right number of DAI widgets for aggregated amps. And it will cause NULL pointer deference. Check that the DAI widget associated with the CPU DAI is valid to prevent NULL pointer deference due to missing DAI widgets in topologies with aggregated amps.	https://nvd.nist.gov/vuln/detail/CVE-2024-58012	filtered-vector-low-criticality: LOCAL scorev3<7
CVE-2024-58089	5.5	LOCAL	yes	In the Linux kernel, the following vulnerability has been resolved:  btrfs: fix double accounting race when btrfs_run_delalloc_range() failed  [BUG] When running btrfs with block size (4K) smaller than page size (64K, aarch64), there is a very high chance to crash the kernel at generic/750, with the following messages: (before the call traces, there are 3 extra debug messages added)    BTRFS warning (device dm-3): read-write for sector size 4096 with page size 65536 is experimental   BTRFS info (device dm-3): checking UUID tree   hrtimer: interrupt took 5451385 ns   BTRFS error (device dm-3): cow_file_range failed, root=4957 inode=257 start=1605632 len=69632: -28   BTRFS error (device dm-3): run_delalloc_nocow failed, root=4957 inode=257 start=1605632 len=69632: -28   BTRFS error (device dm-3): failed to run delalloc range, root=4957 ino=257 folio=1572864 submit_bitmap=8-15 start=1605632 len=69632: -28   ------------[ cut here ]------------   WARNING: CPU: 2 PID: 3020984 at ordered-data.c:360 can_finish_ordered_extent+0x370/0x3b8 [btrfs]   CPU: 2 UID: 0 PID: 3020984 Comm: kworker/u24:1 Tainted: G           OE      6.13.0-rc1-custom+ #89   Tainted: [O]=OOT_MODULE, [E]=UNSIGNED_MODULE   Hardware name: QEMU KVM Virtual Machine, BIOS unknown 2/2/2022   Workqueue: events_unbound btrfs_async_reclaim_data_space [btrfs]   pc : can_finish_ordered_extent+0x370/0x3b8 [btrfs]   lr : can_finish_ordered_extent+0x1ec/0x3b8 [btrfs]   Call trace:    can_finish_ordered_extent+0x370/0x3b8 [btrfs] (P)    can_finish_ordered_extent+0x1ec/0x3b8 [btrfs] (L)    btrfs_mark_ordered_io_finished+0x130/0x2b8 [btrfs]    extent_writepage+0x10c/0x3b8 [btrfs]    extent_write_cache_pages+0x21c/0x4e8 [btrfs]    btrfs_writepages+0x94/0x160 [btrfs]    do_writepages+0x74/0x190    filemap_fdatawrite_wbc+0x74/0xa0    start_delalloc_inodes+0x17c/0x3b0 [btrfs]    btrfs_start_delalloc_roots+0x17c/0x288 [btrfs]    shrink_delalloc+0x11c/0x280 [btrfs]    flush_space+0x288/0x328 [btrfs]    btrfs_async_reclaim_data_space+0x180/0x228 [btrfs]    process_one_work+0x228/0x680    worker_thread+0x1bc/0x360    kthread+0x100/0x118    ret_from_fork+0x10/0x20   ---[ end trace 0000000000000000 ]---   BTRFS critical (device dm-3): bad ordered extent accounting, root=4957 ino=257 OE offset=1605632 OE len=16384 to_dec=16384 left=0   BTRFS critical (device dm-3): bad ordered extent accounting, root=4957 ino=257 OE offset=1622016 OE len=12288 to_dec=12288 left=0   Unable to handle kernel NULL pointer dereference at virtual address 0000000000000008   BTRFS critical (device dm-3): bad ordered extent accounting, root=4957 ino=257 OE offset=1634304 OE len=8192 to_dec=4096 left=0   CPU: 1 UID: 0 PID: 3286940 Comm: kworker/u24:3 Tainted: G        W  OE      6.13.0-rc1-custom+ #89   Hardware name: QEMU KVM Virtual Machine, BIOS unknown 2/2/2022   Workqueue:  btrfs_work_helper [btrfs] (btrfs-endio-write)   pstate: 404000c5 (nZcv daIF +PAN -UAO -TCO -DIT -SSBS BTYPE=--)   pc : process_one_work+0x110/0x680   lr : worker_thread+0x1bc/0x360   Call trace:    process_one_work+0x110/0x680 (P)    worker_thread+0x1bc/0x360 (L)    worker_thread+0x1bc/0x360    kthread+0x100/0x118    ret_from_fork+0x10/0x20   Code: f84086a1 f9000fe1 53041c21 b9003361 (f9400661)   ---[ end trace 0000000000000000 ]---   Kernel panic - not syncing: Oops: Fatal exception   SMP: stopping secondary CPUs   SMP: failed to stop secondary CPUs 2-3   Dumping ftrace buffer:      (ftrace buffer empty)   Kernel Offset: 0x275bb9540000 from 0xffff800080000000   PHYS_OFFSET: 0xffff8fbba0000000   CPU features: 0x100,00000070,00801250,8201720b  [CAUSE] The above warning is triggered immediately after the delalloc range failure, this happens in the following sequence:  - Range [1568K, 1636K) is dirty     1536K  1568K     1600K    1636K  1664K    |      |/////////|////////|      |    Where 1536K, 1600K and 1664K are page boundaries (64K page size)  - Enter extent_writepage() for page 1536K  - Enter run_delalloc_nocow() with locke ---truncated---	https://nvd.nist.gov/vuln/detail/CVE-2024-58089	filtered-vector-low-criticality: LOCAL scorev3<7
CVE-2024-58094	5.5	LOCAL	yes	In the Linux kernel, the following vulnerability has been resolved:  jfs: add check read-only before truncation in jfs_truncate_nolock()  Added a check for "read-only" mode in the `jfs_truncate_nolock` function to avoid errors related to writing to a read-only filesystem.  Call stack:  block_write_begin() {   jfs_write_failed() {     jfs_truncate() {       jfs_truncate_nolock() {         txEnd() {           ...           log = JFS_SBI(tblk->sb)->log;           // (log == NULL)  If the `isReadOnly(ip)` condition is triggered in `jfs_truncate_nolock`, the function execution will stop, and no further data modification will occur. Instead, the `xtTruncate` function will be called with the "COMMIT_WMAP" flag, preventing modifications in "read-only" mode.	https://nvd.nist.gov/vuln/detail/CVE-2024-58094	filtered-vector-low-criticality: LOCAL scorev3<7
CVE-2024-58095	5.5	LOCAL	yes	In the Linux kernel, the following vulnerability has been resolved:  jfs: add check read-only before txBeginAnon() call  Added a read-only check before calling `txBeginAnon` in `extAlloc` and `extRecord`. This prevents modification attempts on a read-only mounted filesystem, avoiding potential errors or crashes.  Call trace:  txBeginAnon+0xac/0x154  extAlloc+0xe8/0xdec fs/jfs/jfs_extent.c:78  jfs_get_block+0x340/0xb98 fs/jfs/inode.c:248  __block_write_begin_int+0x580/0x166c fs/buffer.c:2128  __block_write_begin fs/buffer.c:2177 [inline]  block_write_begin+0x98/0x11c fs/buffer.c:2236  jfs_write_begin+0x44/0x88 fs/jfs/inode.c:299	https://nvd.nist.gov/vuln/detail/CVE-2024-58095	filtered-vector-low-criticality: LOCAL scorev3<7
CVE-2024-58096	5.5	LOCAL	yes	In the Linux kernel, the following vulnerability has been resolved:  wifi: ath11k: add srng->lock for ath11k_hal_srng_* in monitor mode  ath11k_hal_srng_* should be used with srng->lock to protect srng data.  For ath11k_dp_rx_mon_dest_process() and ath11k_dp_full_mon_process_rx(), they use ath11k_hal_srng_* for many times but never call srng->lock.  So when running (full) monitor mode, warning will occur: RIP: 0010:ath11k_hal_srng_dst_peek+0x18/0x30 [ath11k] Call Trace:  ? ath11k_hal_srng_dst_peek+0x18/0x30 [ath11k]  ath11k_dp_rx_process_mon_status+0xc45/0x1190 [ath11k]  ? idr_alloc_u32+0x97/0xd0  ath11k_dp_rx_process_mon_rings+0x32a/0x550 [ath11k]  ath11k_dp_service_srng+0x289/0x5a0 [ath11k]  ath11k_pcic_ext_grp_napi_poll+0x30/0xd0 [ath11k]  __napi_poll+0x30/0x1f0  net_rx_action+0x198/0x320  __do_softirq+0xdd/0x319  So add srng->lock for them to avoid such warnings.  Inorder to fetch the srng->lock, should change srng's definition from 'void' to 'struct hal_srng'. And initialize them elsewhere to prevent one line of code from being too long. This is consistent with other ring process functions, such as ath11k_dp_process_rx().  Tested-on: WCN6855 hw2.0 PCI WLAN.HSP.1.1-03125-QCAHSPSWPL_V1_V2_SILICONZ_LITE-3.6510.30 Tested-on: QCN9074 hw1.0 PCI WLAN.HK.2.7.0.1-01744-QCAHKSWPL_SILICONZ-1	https://nvd.nist.gov/vuln/detail/CVE-2024-58096	filtered-vector-low-criticality: LOCAL scorev3<7
CVE-2024-58097	5.5	LOCAL	yes	In the Linux kernel, the following vulnerability has been resolved:  wifi: ath11k: fix RCU stall while reaping monitor destination ring  While processing the monitor destination ring, MSDUs are reaped from the link descriptor based on the corresponding buf_id.  However, sometimes the driver cannot obtain a valid buffer corresponding to the buf_id received from the hardware. This causes an infinite loop in the destination processing, resulting in a kernel crash.  kernel log: ath11k_pci 0000:58:00.0: data msdu_pop: invalid buf_id 309 ath11k_pci 0000:58:00.0: data dp_rx_monitor_link_desc_return failed ath11k_pci 0000:58:00.0: data msdu_pop: invalid buf_id 309 ath11k_pci 0000:58:00.0: data dp_rx_monitor_link_desc_return failed  Fix this by skipping the problematic buf_id and reaping the next entry, replacing the break with the next MSDU processing.  Tested-on: WCN6855 hw2.0 PCI WLAN.HSP.1.1-03125-QCAHSPSWPL_V1_V2_SILICONZ_LITE-3.6510.30 Tested-on: QCN9074 hw1.0 PCI WLAN.HK.2.7.0.1-01744-QCAHKSWPL_SILICONZ-1	https://nvd.nist.gov/vuln/detail/CVE-2024-58097	filtered-vector-low-criticality: LOCAL scorev3<7
CVE-2024-58241	5.5	LOCAL	yes	In the Linux kernel, the following vulnerability has been resolved:  Bluetooth: hci_core: Disable works on hci_unregister_dev  This make use of disable_work_* on hci_unregister_dev since the hci_dev is about to be freed new submissions are not disarable.	https://nvd.nist.gov/vuln/detail/CVE-2024-58241	filtered-vector-low-criticality: LOCAL scorev3<7
CVE-2025-21634	5.5	LOCAL	yes	In the Linux kernel, the following vulnerability has been resolved:  cgroup/cpuset: remove kernfs active break  A warning was found:  WARNING: CPU: 10 PID: 3486953 at fs/kernfs/file.c:828 CPU: 10 PID: 3486953 Comm: rmdir Kdump: loaded Tainted: G RIP: 0010:kernfs_should_drain_open_files+0x1a1/0x1b0 RSP: 0018:ffff8881107ef9e0 EFLAGS: 00010202 RAX: 0000000080000002 RBX: ffff888154738c00 RCX: dffffc0000000000 RDX: 0000000000000007 RSI: 0000000000000004 RDI: ffff888154738c04 RBP: ffff888154738c04 R08: ffffffffaf27fa15 R09: ffffed102a8e7180 R10: ffff888154738c07 R11: 0000000000000000 R12: ffff888154738c08 R13: ffff888750f8c000 R14: ffff888750f8c0e8 R15: ffff888154738ca0 FS:  00007f84cd0be740(0000) GS:ffff8887ddc00000(0000) knlGS:0000000000000000 CS:  0010 DS: 0000 ES: 0000 CR0: 0000000080050033 CR2: 0000555f9fbe00c8 CR3: 0000000153eec001 CR4: 0000000000370ee0 DR0: 0000000000000000 DR1: 0000000000000000 DR2: 0000000000000000 DR3: 0000000000000000 DR6: 00000000fffe0ff0 DR7: 0000000000000400 Call Trace:  kernfs_drain+0x15e/0x2f0  __kernfs_remove+0x165/0x300  kernfs_remove_by_name_ns+0x7b/0xc0  cgroup_rm_file+0x154/0x1c0  cgroup_addrm_files+0x1c2/0x1f0  css_clear_dir+0x77/0x110  kill_css+0x4c/0x1b0  cgroup_destroy_locked+0x194/0x380  cgroup_rmdir+0x2a/0x140  It can be explained by: rmdir 				echo 1 > cpuset.cpus 				kernfs_fop_write_iter // active=0 cgroup_rm_file kernfs_remove_by_name_ns	kernfs_get_active // active=1 __kernfs_remove					  // active=0x80000002 kernfs_drain			cpuset_write_resmask wait_event //waiting (active == 0x80000001) 				kernfs_break_active_protection 				// active = 0x80000001 // continue 				kernfs_unbreak_active_protection 				// active = 0x80000002 ... kernfs_should_drain_open_files // warning occurs 				kernfs_put_active  This warning is caused by 'kernfs_break_active_protection' when it is writing to cpuset.cpus, and the cgroup is removed concurrently.  The commit 3a5a6d0c2b03 ("cpuset: don't nest cgroup_mutex inside get_online_cpus()") made cpuset_hotplug_workfn asynchronous, This change involves calling flush_work(), which can create a multiple processes circular locking dependency that involve cgroup_mutex, potentially leading to a deadlock. To avoid deadlock. the commit 76bb5ab8f6e3 ("cpuset: break kernfs active protection in cpuset_write_resmask()") added 'kernfs_break_active_protection' in the cpuset_write_resmask. This could lead to this warning.  After the commit 2125c0034c5d ("cgroup/cpuset: Make cpuset hotplug processing synchronous"), the cpuset_write_resmask no longer needs to wait the hotplug to finish, which means that concurrent hotplug and cpuset operations are no longer possible. Therefore, the deadlock doesn't exist anymore and it does not have to 'break active protection' now. To fix this warning, just remove kernfs_break_active_protection operation in the 'cpuset_write_resmask'.	https://nvd.nist.gov/vuln/detail/CVE-2025-21634	filtered-vector-low-criticality: LOCAL scorev3<7
CVE-2025-21635	5.5	LOCAL	yes	In the Linux kernel, the following vulnerability has been resolved:  rds: sysctl: rds_tcp_{rcv,snd}buf: avoid using current->nsproxy  As mentioned in a previous commit of this series, using the 'net' structure via 'current' is not recommended for different reasons:  - Inconsistency: getting info from the reader's/writer's netns vs only   from the opener's netns.  - current->nsproxy can be NULL in some cases, resulting in an 'Oops'   (null-ptr-deref), e.g. when the current task is exiting, as spotted by   syzbot [1] using acct(2).  The per-netns structure can be obtained from the table->data using container_of(), then the 'net' one can be retrieved from the listen socket (if available).	https://nvd.nist.gov/vuln/detail/CVE-2025-21635	filtered-vector-low-criticality: LOCAL scorev3<7
CVE-2025-21649	5.5	LOCAL	yes	In the Linux kernel, the following vulnerability has been resolved:  net: hns3: fix kernel crash when 1588 is sent on HIP08 devices  Currently, HIP08 devices does not register the ptp devices, so the hdev->ptp is NULL. But the tx process would still try to set hardware time stamp info with SKBTX_HW_TSTAMP flag and cause a kernel crash.  [  128.087798] Unable to handle kernel NULL pointer dereference at virtual address 0000000000000018 ... [  128.280251] pc : hclge_ptp_set_tx_info+0x2c/0x140 [hclge] [  128.286600] lr : hclge_ptp_set_tx_info+0x20/0x140 [hclge] [  128.292938] sp : ffff800059b93140 [  128.297200] x29: ffff800059b93140 x28: 0000000000003280 [  128.303455] x27: ffff800020d48280 x26: ffff0cb9dc814080 [  128.309715] x25: ffff0cb9cde93fa0 x24: 0000000000000001 [  128.315969] x23: 0000000000000000 x22: 0000000000000194 [  128.322219] x21: ffff0cd94f986000 x20: 0000000000000000 [  128.328462] x19: ffff0cb9d2a166c0 x18: 0000000000000000 [  128.334698] x17: 0000000000000000 x16: ffffcf1fc523ed24 [  128.340934] x15: 0000ffffd530a518 x14: 0000000000000000 [  128.347162] x13: ffff0cd6bdb31310 x12: 0000000000000368 [  128.353388] x11: ffff0cb9cfbc7070 x10: ffff2cf55dd11e02 [  128.359606] x9 : ffffcf1f85a212b4 x8 : ffff0cd7cf27dab0 [  128.365831] x7 : 0000000000000a20 x6 : ffff0cd7cf27d000 [  128.372040] x5 : 0000000000000000 x4 : 000000000000ffff [  128.378243] x3 : 0000000000000400 x2 : ffffcf1f85a21294 [  128.384437] x1 : ffff0cb9db520080 x0 : ffff0cb9db500080 [  128.390626] Call trace: [  128.393964]  hclge_ptp_set_tx_info+0x2c/0x140 [hclge] [  128.399893]  hns3_nic_net_xmit+0x39c/0x4c4 [hns3] [  128.405468]  xmit_one.constprop.0+0xc4/0x200 [  128.410600]  dev_hard_start_xmit+0x54/0xf0 [  128.415556]  sch_direct_xmit+0xe8/0x634 [  128.420246]  __dev_queue_xmit+0x224/0xc70 [  128.425101]  dev_queue_xmit+0x1c/0x40 [  128.429608]  ovs_vport_send+0xac/0x1a0 [openvswitch] [  128.435409]  do_output+0x60/0x17c [openvswitch] [  128.440770]  do_execute_actions+0x898/0x8c4 [openvswitch] [  128.446993]  ovs_execute_actions+0x64/0xf0 [openvswitch] [  128.453129]  ovs_dp_process_packet+0xa0/0x224 [openvswitch] [  128.459530]  ovs_vport_receive+0x7c/0xfc [openvswitch] [  128.465497]  internal_dev_xmit+0x34/0xb0 [openvswitch] [  128.471460]  xmit_one.constprop.0+0xc4/0x200 [  128.476561]  dev_hard_start_xmit+0x54/0xf0 [  128.481489]  __dev_queue_xmit+0x968/0xc70 [  128.486330]  dev_queue_xmit+0x1c/0x40 [  128.490856]  ip_finish_output2+0x250/0x570 [  128.495810]  __ip_finish_output+0x170/0x1e0 [  128.500832]  ip_finish_output+0x3c/0xf0 [  128.505504]  ip_output+0xbc/0x160 [  128.509654]  ip_send_skb+0x58/0xd4 [  128.513892]  udp_send_skb+0x12c/0x354 [  128.518387]  udp_sendmsg+0x7a8/0x9c0 [  128.522793]  inet_sendmsg+0x4c/0x8c [  128.527116]  __sock_sendmsg+0x48/0x80 [  128.531609]  __sys_sendto+0x124/0x164 [  128.536099]  __arm64_sys_sendto+0x30/0x5c [  128.540935]  invoke_syscall+0x50/0x130 [  128.545508]  el0_svc_common.constprop.0+0x10c/0x124 [  128.551205]  do_el0_svc+0x34/0xdc [  128.555347]  el0_svc+0x20/0x30 [  128.559227]  el0_sync_handler+0xb8/0xc0 [  128.563883]  el0_sync+0x160/0x180	https://nvd.nist.gov/vuln/detail/CVE-2025-21649	filtered-vector-low-criticality: LOCAL scorev3<7
CVE-2025-21651	4.7	LOCAL	yes	In the Linux kernel, the following vulnerability has been resolved:  net: hns3: don't auto enable misc vector  Currently, there is a time window between misc irq enabled and service task inited. If an interrupte is reported at this time, it will cause warning like below:  [   16.324639] Call trace: [   16.324641]  __queue_delayed_work+0xb8/0xe0 [   16.324643]  mod_delayed_work_on+0x78/0xd0 [   16.324655]  hclge_errhand_task_schedule+0x58/0x90 [hclge] [   16.324662]  hclge_misc_irq_handle+0x168/0x240 [hclge] [   16.324666]  __handle_irq_event_percpu+0x64/0x1e0 [   16.324667]  handle_irq_event+0x80/0x170 [   16.324670]  handle_fasteoi_edge_irq+0x110/0x2bc [   16.324671]  __handle_domain_irq+0x84/0xfc [   16.324673]  gic_handle_irq+0x88/0x2c0 [   16.324674]  el1_irq+0xb8/0x140 [   16.324677]  arch_cpu_idle+0x18/0x40 [   16.324679]  default_idle_call+0x5c/0x1bc [   16.324682]  cpuidle_idle_call+0x18c/0x1c4 [   16.324684]  do_idle+0x174/0x17c [   16.324685]  cpu_startup_entry+0x30/0x6c [   16.324687]  secondary_start_kernel+0x1a4/0x280 [   16.324688] ---[ end trace 6aa0bff672a964aa ]---  So don't auto enable misc vector when request irq..	https://nvd.nist.gov/vuln/detail/CVE-2025-21651	filtered-vector-low-criticality: LOCAL scorev3<7
CVE-2025-21672	5.5	LOCAL	yes	In the Linux kernel, the following vulnerability has been resolved:  afs: Fix merge preference rule failure condition  syzbot reported a lock held when returning to userspace[1].  This is because if argc is less than 0 and the function returns directly, the held inode lock is not released.  Fix this by store the error in ret and jump to done to clean up instead of returning directly.  [dh: Modified Lizhi Xu's original patch to make it honour the error code from afs_split_string()]  [1] WARNING: lock held when returning to user space! 6.13.0-rc3-syzkaller-00209-g499551201b5f #0 Not tainted ------------------------------------------------ syz-executor133/5823 is leaving the kernel with locks still held! 1 lock held by syz-executor133/5823:  #0: ffff888071cffc00 (&sb->s_type->i_mutex_key#9){++++}-{4:4}, at: inode_lock include/linux/fs.h:818 [inline]  #0: ffff888071cffc00 (&sb->s_type->i_mutex_key#9){++++}-{4:4}, at: afs_proc_addr_prefs_write+0x2bb/0x14e0 fs/afs/addr_prefs.c:388	https://nvd.nist.gov/vuln/detail/CVE-2025-21672	filtered-vector-low-criticality: LOCAL scorev3<7
CVE-2025-21682	5.5	LOCAL	yes	In the Linux kernel, the following vulnerability has been resolved:  eth: bnxt: always recalculate features after XDP clearing, fix null-deref  Recalculate features when XDP is detached.  Before:   # ip li set dev eth0 xdp obj xdp_dummy.bpf.o sec xdp   # ip li set dev eth0 xdp off   # ethtool -k eth0 | grep gro   rx-gro-hw: off [requested on]  After:   # ip li set dev eth0 xdp obj xdp_dummy.bpf.o sec xdp   # ip li set dev eth0 xdp off   # ethtool -k eth0 | grep gro   rx-gro-hw: on  The fact that HW-GRO doesn't get re-enabled automatically is just a minor annoyance. The real issue is that the features will randomly come back during another reconfiguration which just happens to invoke netdev_update_features(). The driver doesn't handle reconfiguring two things at a time very robustly.  Starting with commit 98ba1d931f61 ("bnxt_en: Fix RSS logic in __bnxt_reserve_rings()") we only reconfigure the RSS hash table if the "effective" number of Rx rings has changed. If HW-GRO is enabled "effective" number of rings is 2x what user sees. So if we are in the bad state, with HW-GRO re-enablement "pending" after XDP off, and we lower the rings by / 2 - the HW-GRO rings doing 2x and the ethtool -L doing / 2 may cancel each other out, and the:    if (old_rx_rings != bp->hw_resc.resv_rx_rings &&  condition in __bnxt_reserve_rings() will be false. The RSS map won't get updated, and we'll crash with:    BUG: kernel NULL pointer dereference, address: 0000000000000168   RIP: 0010:__bnxt_hwrm_vnic_set_rss+0x13a/0x1a0     bnxt_hwrm_vnic_rss_cfg_p5+0x47/0x180     __bnxt_setup_vnic_p5+0x58/0x110     bnxt_init_nic+0xb72/0xf50     __bnxt_open_nic+0x40d/0xab0     bnxt_open_nic+0x2b/0x60     ethtool_set_channels+0x18c/0x1d0  As we try to access a freed ring.  The issue is present since XDP support was added, really, but prior to commit 98ba1d931f61 ("bnxt_en: Fix RSS logic in __bnxt_reserve_rings()") it wasn't causing major issues.	https://nvd.nist.gov/vuln/detail/CVE-2025-21682	filtered-vector-low-criticality: LOCAL scorev3<7
CVE-2025-21696	5.5	LOCAL	yes	In the Linux kernel, the following vulnerability has been resolved:  mm: clear uffd-wp PTE/PMD state on mremap()  When mremap()ing a memory region previously registered with userfaultfd as write-protected but without UFFD_FEATURE_EVENT_REMAP, an inconsistency in flag clearing leads to a mismatch between the vma flags (which have uffd-wp cleared) and the pte/pmd flags (which do not have uffd-wp cleared).  This mismatch causes a subsequent mprotect(PROT_WRITE) to trigger a warning in page_table_check_pte_flags() due to setting the pte to writable while uffd-wp is still set.  Fix this by always explicitly clearing the uffd-wp pte/pmd flags on any such mremap() so that the values are consistent with the existing clearing of VM_UFFD_WP.  Be careful to clear the logical flag regardless of its physical form; a PTE bit, a swap PTE bit, or a PTE marker.  Cover PTE, huge PMD and hugetlb paths.	https://nvd.nist.gov/vuln/detail/CVE-2025-21696	filtered-vector-low-criticality: LOCAL scorev3<7
CVE-2025-21714	7.8	LOCAL	yes	In the Linux kernel, the following vulnerability has been resolved:  RDMA/mlx5: Fix implicit ODP use after free  Prevent double queueing of implicit ODP mr destroy work by using __xa_cmpxchg() to make sure this is the only time we are destroying this specific mr.  Without this change, we could try to invalidate this mr twice, which in turn could result in queuing a MR work destroy twice, and eventually the second work could execute after the MR was freed due to the first work, causing a user after free and trace below.     refcount_t: underflow; use-after-free.    WARNING: CPU: 2 PID: 12178 at lib/refcount.c:28 refcount_warn_saturate+0x12b/0x130    Modules linked in: bonding ib_ipoib vfio_pci ip_gre geneve nf_tables ip6_gre gre ip6_tunnel tunnel6 ipip tunnel4 ib_umad rdma_ucm mlx5_vfio_pci vfio_pci_core vfio_iommu_type1 mlx5_ib vfio ib_uverbs mlx5_core iptable_raw openvswitch nsh rpcrdma ib_iser libiscsi scsi_transport_iscsi rdma_cm iw_cm ib_cm ib_core xt_conntrack xt_MASQUERADE nf_conntrack_netlink nfnetlink xt_addrtype iptable_nat nf_nat br_netfilter rpcsec_gss_krb5 auth_rpcgss oid_registry overlay zram zsmalloc fuse [last unloaded: ib_uverbs]    CPU: 2 PID: 12178 Comm: kworker/u20:5 Not tainted 6.5.0-rc1_net_next_mlx5_58c644e #1    Hardware name: QEMU Standard PC (Q35 + ICH9, 2009), BIOS rel-1.13.0-0-gf21b5a4aeb02-prebuilt.qemu.org 04/01/2014    Workqueue: events_unbound free_implicit_child_mr_work [mlx5_ib]    RIP: 0010:refcount_warn_saturate+0x12b/0x130    Code: 48 c7 c7 38 95 2a 82 c6 05 bc c6 fe 00 01 e8 0c 66 aa ff 0f 0b 5b c3 48 c7 c7 e0 94 2a 82 c6 05 a7 c6 fe 00 01 e8 f5 65 aa ff <0f> 0b 5b c3 90 8b 07 3d 00 00 00 c0 74 12 83 f8 01 74 13 8d 50 ff    RSP: 0018:ffff8881008e3e40 EFLAGS: 00010286    RAX: 0000000000000000 RBX: 0000000000000000 RCX: 0000000000000027    RDX: ffff88852c91b5c8 RSI: 0000000000000001 RDI: ffff88852c91b5c0    RBP: ffff8881dacd4e00 R08: 00000000ffffffff R09: 0000000000000019    R10: 000000000000072e R11: 0000000063666572 R12: ffff88812bfd9e00    R13: ffff8881c792d200 R14: ffff88810011c005 R15: ffff8881002099c0    FS:  0000000000000000(0000) GS:ffff88852c900000(0000) knlGS:0000000000000000    CS:  0010 DS: 0000 ES: 0000 CR0: 0000000080050033    CR2: 00007f5694b5e000 CR3: 00000001153f6003 CR4: 0000000000370ea0    DR0: 0000000000000000 DR1: 0000000000000000 DR2: 0000000000000000    DR3: 0000000000000000 DR6: 00000000fffe0ff0 DR7: 0000000000000400    Call Trace:     <TASK>     ? refcount_warn_saturate+0x12b/0x130     free_implicit_child_mr_work+0x180/0x1b0 [mlx5_ib]     process_one_work+0x1cc/0x3c0     worker_thread+0x218/0x3c0     kthread+0xc6/0xf0     ret_from_fork+0x1f/0x30     </TASK>	https://nvd.nist.gov/vuln/detail/CVE-2025-21714	not-applicable-config: iSCSI path disabled (CONFIG_SCSI_ISCSI_ATTRS, CONFIG_ISCSI_TCP, CONFIG_TARGET_ISCSI disabled)
CVE-2025-21723	5.5	LOCAL	yes	In the Linux kernel, the following vulnerability has been resolved:  scsi: mpi3mr: Fix possible crash when setting up bsg fails  If bsg_setup_queue() fails, the bsg_queue is assigned a non-NULL value. Consequently, in mpi3mr_bsg_exit(), the condition "if(!mrioc->bsg_queue)" will not be satisfied, preventing execution from entering bsg_remove_queue(), which could lead to the following crash:  BUG: kernel NULL pointer dereference, address: 000000000000041c Call Trace:   <TASK>   mpi3mr_bsg_exit+0x1f/0x50 [mpi3mr]   mpi3mr_remove+0x6f/0x340 [mpi3mr]   pci_device_remove+0x3f/0xb0   device_release_driver_internal+0x19d/0x220   unbind_store+0xa4/0xb0   kernfs_fop_write_iter+0x11f/0x200   vfs_write+0x1fc/0x3e0   ksys_write+0x67/0xe0   do_syscall_64+0x38/0x80   entry_SYSCALL_64_after_hwframe+0x78/0xe2	https://nvd.nist.gov/vuln/detail/CVE-2025-21723	filtered-vector-low-criticality: LOCAL scorev3<7
CVE-2025-21732	4.7	LOCAL	yes	In the Linux kernel, the following vulnerability has been resolved:  RDMA/mlx5: Fix a race for an ODP MR which leads to CQE with error  This patch addresses a race condition for an ODP MR that can result in a CQE with an error on the UMR QP.  During the __mlx5_ib_dereg_mr() flow, the following sequence of calls occurs:  mlx5_revoke_mr()  mlx5r_umr_revoke_mr()  mlx5r_umr_post_send_wait()  At this point, the lkey is freed from the hardware's perspective.  However, concurrently, mlx5_ib_invalidate_range() might be triggered by another task attempting to invalidate a range for the same freed lkey.  This task will:  - Acquire the umem_odp->umem_mutex lock.  - Call mlx5r_umr_update_xlt() on the UMR QP.  - Since the lkey has already been freed, this can lead to a CQE error,    causing the UMR QP to enter an error state [1].  To resolve this race condition, the umem_odp->umem_mutex lock is now also acquired as part of the mlx5_revoke_mr() scope.  Upon successful revoke, we set umem_odp->private which points to that MR to NULL, preventing any further invalidation attempts on its lkey.  [1] From dmesg:     infiniband rocep8s0f0: dump_cqe:277:(pid 0): WC error: 6, Message: memory bind operation error    cqe_dump: 00000000: 00 00 00 00 00 00 00 00 00 00 00 00 00 00 00 00    cqe_dump: 00000010: 00 00 00 00 00 00 00 00 00 00 00 00 00 00 00 00    cqe_dump: 00000020: 00 00 00 00 00 00 00 00 00 00 00 00 00 00 00 00    cqe_dump: 00000030: 00 00 00 00 08 00 78 06 25 00 11 b9 00 0e dd d2     WARNING: CPU: 15 PID: 1506 at drivers/infiniband/hw/mlx5/umr.c:394 mlx5r_umr_post_send_wait+0x15a/0x2b0 [mlx5_ib]    Modules linked in: ip6table_mangle ip6table_natip6table_filter ip6_tables iptable_mangle xt_conntrack xt_MASQUERADE nf_conntrack_netlink nfnetlink xt_addrtype iptable_nat nf_nat br_netfilter rpcsec_gss_krb5 auth_rpcgss oid_registry overlay rpcrdma rdma_ucm ib_iser libiscsi scsi_transport_iscsi rdma_cm iw_cm ib_umad ib_ipoib ib_cm mlx5_ib ib_uverbs ib_core fuse mlx5_core    CPU: 15 UID: 0 PID: 1506 Comm: ibv_rc_pingpong Not tainted 6.12.0-rc7+ #1626    Hardware name: QEMU Standard PC (Q35 + ICH9, 2009), BIOS rel-1.13.0-0-gf21b5a4aeb02-prebuilt.qemu.org 04/01/2014    RIP: 0010:mlx5r_umr_post_send_wait+0x15a/0x2b0 [mlx5_ib]    [..]    Call Trace:    <TASK>    mlx5r_umr_update_xlt+0x23c/0x3e0 [mlx5_ib]    mlx5_ib_invalidate_range+0x2e1/0x330 [mlx5_ib]    __mmu_notifier_invalidate_range_start+0x1e1/0x240    zap_page_range_single+0xf1/0x1a0    madvise_vma_behavior+0x677/0x6e0    do_madvise+0x1a2/0x4b0    __x64_sys_madvise+0x25/0x30    do_syscall_64+0x6b/0x140    entry_SYSCALL_64_after_hwframe+0x76/0x7e	https://nvd.nist.gov/vuln/detail/CVE-2025-21732	not-applicable-config: iSCSI path disabled (CONFIG_SCSI_ISCSI_ATTRS, CONFIG_ISCSI_TCP, CONFIG_TARGET_ISCSI disabled)
CVE-2025-21768	5.5	LOCAL	yes	In the Linux kernel, the following vulnerability has been resolved:  net: ipv6: fix dst ref loops in rpl, seg6 and ioam6 lwtunnels  Some lwtunnels have a dst cache for post-transformation dst. If the packet destination did not change we may end up recording a reference to the lwtunnel in its own cache, and the lwtunnel state will never be freed.  Discovered by the ioam6.sh test, kmemleak was recently fixed to catch per-cpu memory leaks. I'm not sure if rpl and seg6 can actually hit this, but in principle I don't see why not.	https://nvd.nist.gov/vuln/detail/CVE-2025-21768	filtered-vector-low-criticality: LOCAL scorev3<7
CVE-2025-21801	5.5	LOCAL	yes	In the Linux kernel, the following vulnerability has been resolved:  net: ravb: Fix missing rtnl lock in suspend/resume path  Fix the suspend/resume path by ensuring the rtnl lock is held where required. Calls to ravb_open, ravb_close and wol operations must be performed under the rtnl lock to prevent conflicts with ongoing ndo operations.  Without this fix, the following warning is triggered: [   39.032969] ============================= [   39.032983] WARNING: suspicious RCU usage [   39.033019] ----------------------------- [   39.033033] drivers/net/phy/phy_device.c:2004 suspicious rcu_dereference_protected() usage! ... [   39.033597] stack backtrace: [   39.033613] CPU: 0 UID: 0 PID: 174 Comm: python3 Not tainted 6.13.0-rc7-next-20250116-arm64-renesas-00002-g35245dfdc62c #7 [   39.033623] Hardware name: Renesas SMARC EVK version 2 based on r9a08g045s33 (DT) [   39.033628] Call trace: [   39.033633]  show_stack+0x14/0x1c (C) [   39.033652]  dump_stack_lvl+0xb4/0xc4 [   39.033664]  dump_stack+0x14/0x1c [   39.033671]  lockdep_rcu_suspicious+0x16c/0x22c [   39.033682]  phy_detach+0x160/0x190 [   39.033694]  phy_disconnect+0x40/0x54 [   39.033703]  ravb_close+0x6c/0x1cc [   39.033714]  ravb_suspend+0x48/0x120 [   39.033721]  dpm_run_callback+0x4c/0x14c [   39.033731]  device_suspend+0x11c/0x4dc [   39.033740]  dpm_suspend+0xdc/0x214 [   39.033748]  dpm_suspend_start+0x48/0x60 [   39.033758]  suspend_devices_and_enter+0x124/0x574 [   39.033769]  pm_suspend+0x1ac/0x274 [   39.033778]  state_store+0x88/0x124 [   39.033788]  kobj_attr_store+0x14/0x24 [   39.033798]  sysfs_kf_write+0x48/0x6c [   39.033808]  kernfs_fop_write_iter+0x118/0x1a8 [   39.033817]  vfs_write+0x27c/0x378 [   39.033825]  ksys_write+0x64/0xf4 [   39.033833]  __arm64_sys_write+0x18/0x20 [   39.033841]  invoke_syscall+0x44/0x104 [   39.033852]  el0_svc_common.constprop.0+0xb4/0xd4 [   39.033862]  do_el0_svc+0x18/0x20 [   39.033870]  el0_svc+0x3c/0xf0 [   39.033880]  el0t_64_sync_handler+0xc0/0xc4 [   39.033888]  el0t_64_sync+0x154/0x158 [   39.041274] ravb 11c30000.ethernet eth0: Link is Down	https://nvd.nist.gov/vuln/detail/CVE-2025-21801	filtered-vector-low-criticality: LOCAL scorev3<7
CVE-2025-21825	4.7	LOCAL	yes	In the Linux kernel, the following vulnerability has been resolved:  bpf: Cancel the running bpf_timer through kworker for PREEMPT_RT  During the update procedure, when overwrite element in a pre-allocated htab, the freeing of old_element is protected by the bucket lock. The reason why the bucket lock is necessary is that the old_element has already been stashed in htab->extra_elems after alloc_htab_elem() returns. If freeing the old_element after the bucket lock is unlocked, the stashed element may be reused by concurrent update procedure and the freeing of old_element will run concurrently with the reuse of the old_element. However, the invocation of check_and_free_fields() may acquire a spin-lock which violates the lockdep rule because its caller has already held a raw-spin-lock (bucket lock). The following warning will be reported when such race happens:    BUG: scheduling while atomic: test_progs/676/0x00000003   3 locks held by test_progs/676:   #0: ffffffff864b0240 (rcu_read_lock_trace){....}-{0:0}, at: bpf_prog_test_run_syscall+0x2c0/0x830   #1: ffff88810e961188 (&htab->lockdep_key){....}-{2:2}, at: htab_map_update_elem+0x306/0x1500   #2: ffff8881f4eac1b8 (&base->softirq_expiry_lock){....}-{2:2}, at: hrtimer_cancel_wait_running+0xe9/0x1b0   Modules linked in: bpf_testmod(O)   Preemption disabled at:   [<ffffffff817837a3>] htab_map_update_elem+0x293/0x1500   CPU: 0 UID: 0 PID: 676 Comm: test_progs Tainted: G ... 6.12.0+ #11   Tainted: [W]=WARN, [O]=OOT_MODULE   Hardware name: QEMU Standard PC (i440FX + PIIX, 1996)...   Call Trace:   <TASK>   dump_stack_lvl+0x57/0x70   dump_stack+0x10/0x20   __schedule_bug+0x120/0x170   __schedule+0x300c/0x4800   schedule_rtlock+0x37/0x60   rtlock_slowlock_locked+0x6d9/0x54c0   rt_spin_lock+0x168/0x230   hrtimer_cancel_wait_running+0xe9/0x1b0   hrtimer_cancel+0x24/0x30   bpf_timer_delete_work+0x1d/0x40   bpf_timer_cancel_and_free+0x5e/0x80   bpf_obj_free_fields+0x262/0x4a0   check_and_free_fields+0x1d0/0x280   htab_map_update_elem+0x7fc/0x1500   bpf_prog_9f90bc20768e0cb9_overwrite_cb+0x3f/0x43   bpf_prog_ea601c4649694dbd_overwrite_timer+0x5d/0x7e   bpf_prog_test_run_syscall+0x322/0x830   __sys_bpf+0x135d/0x3ca0   __x64_sys_bpf+0x75/0xb0   x64_sys_call+0x1b5/0xa10   do_syscall_64+0x3b/0xc0   entry_SYSCALL_64_after_hwframe+0x4b/0x53   ...   </TASK>  It seems feasible to break the reuse and refill of per-cpu extra_elems into two independent parts: reuse the per-cpu extra_elems with bucket lock being held and refill the old_element as per-cpu extra_elems after the bucket lock is unlocked. However, it will make the concurrent overwrite procedures on the same CPU return unexpected -E2BIG error when the map is full.  Therefore, the patch fixes the lock problem by breaking the cancelling of bpf_timer into two steps for PREEMPT_RT: 1) use hrtimer_try_to_cancel() and check its return value 2) if the timer is running, use hrtimer_cancel() through a kworker to    cancel it again Considering that the current implementation of hrtimer_cancel() will try to acquire a being held softirq_expiry_lock when the current timer is running, these steps above are reasonable. However, it also has downside. When the timer is running, the cancelling of the timer is delayed when releasing the last map uref. The delay is also fixable (e.g., break the cancelling of bpf timer into two parts: one part in locked scope, another one in unlocked scope), it can be revised later if necessary.  It is a bit hard to decide the right fix tag. One reason is that the problem depends on PREEMPT_RT which is enabled in v6.12. Considering the softirq_expiry_lock lock exists since v5.4 and bpf_timer is introduced in v5.15, the bpf_timer commit is used in the fixes tag and an extra depends-on tag is added to state the dependency on PREEMPT_RT.  Depends-on: v6.12+ with PREEMPT_RT enabled	https://nvd.nist.gov/vuln/detail/CVE-2025-21825	filtered-vector-low-criticality: LOCAL scorev3<7
CVE-2025-21833	5.5	LOCAL	yes	In the Linux kernel, the following vulnerability has been resolved:  iommu/vt-d: Avoid use of NULL after WARN_ON_ONCE  There is a WARN_ON_ONCE to catch an unlikely situation when domain_remove_dev_pasid can't find the `pasid`. In case it nevertheless happens we must avoid using a NULL pointer.	https://nvd.nist.gov/vuln/detail/CVE-2025-21833	filtered-vector-low-criticality: LOCAL scorev3<7
CVE-2025-21861	5.5	LOCAL	yes	In the Linux kernel, the following vulnerability has been resolved:  mm/migrate_device: don't add folio to be freed to LRU in migrate_device_finalize()  If migration succeeded, we called folio_migrate_flags()->mem_cgroup_migrate() to migrate the memcg from the old to the new folio.  This will set memcg_data of the old folio to 0.  Similarly, if migration failed, memcg_data of the dst folio is left unset.  If we call folio_putback_lru() on such folios (memcg_data == 0), we will add the folio to be freed to the LRU, making memcg code unhappy.  Running the hmm selftests:    # ./hmm-tests   ...   #  RUN           hmm.hmm_device_private.migrate ...   [  102.078007][T14893] page: refcount:1 mapcount:0 mapping:0000000000000000 index:0x7ff27d200 pfn:0x13cc00   [  102.079974][T14893] anon flags: 0x17ff00000020018(uptodate|dirty|swapbacked|node=0|zone=2|lastcpupid=0x7ff)   [  102.082037][T14893] raw: 017ff00000020018 dead000000000100 dead000000000122 ffff8881353896c9   [  102.083687][T14893] raw: 00000007ff27d200 0000000000000000 00000001ffffffff 0000000000000000   [  102.085331][T14893] page dumped because: VM_WARN_ON_ONCE_FOLIO(!memcg && !mem_cgroup_disabled())   [  102.087230][T14893] ------------[ cut here ]------------   [  102.088279][T14893] WARNING: CPU: 0 PID: 14893 at ./include/linux/memcontrol.h:726 folio_lruvec_lock_irqsave+0x10e/0x170   [  102.090478][T14893] Modules linked in:   [  102.091244][T14893] CPU: 0 UID: 0 PID: 14893 Comm: hmm-tests Not tainted 6.13.0-09623-g6c216bc522fd #151   [  102.093089][T14893] Hardware name: QEMU Standard PC (Q35 + ICH9, 2009), BIOS 1.16.3-2.fc40 04/01/2014   [  102.094848][T14893] RIP: 0010:folio_lruvec_lock_irqsave+0x10e/0x170   [  102.096104][T14893] Code: ...   [  102.099908][T14893] RSP: 0018:ffffc900236c37b0 EFLAGS: 00010293   [  102.101152][T14893] RAX: 0000000000000000 RBX: ffffea0004f30000 RCX: ffffffff8183f426   [  102.102684][T14893] RDX: ffff8881063cb880 RSI: ffffffff81b8117f RDI: ffff8881063cb880   [  102.104227][T14893] RBP: 0000000000000000 R08: 0000000000000005 R09: 0000000000000000   [  102.105757][T14893] R10: 0000000000000001 R11: 0000000000000002 R12: ffffc900236c37d8   [  102.107296][T14893] R13: ffff888277a2bcb0 R14: 000000000000001f R15: 0000000000000000   [  102.108830][T14893] FS:  00007ff27dbdd740(0000) GS:ffff888277a00000(0000) knlGS:0000000000000000   [  102.110643][T14893] CS:  0010 DS: 0000 ES: 0000 CR0: 0000000080050033   [  102.111924][T14893] CR2: 00007ff27d400000 CR3: 000000010866e000 CR4: 0000000000750ef0   [  102.113478][T14893] PKRU: 55555554   [  102.114172][T14893] Call Trace:   [  102.114805][T14893]  <TASK>   [  102.115397][T14893]  ? folio_lruvec_lock_irqsave+0x10e/0x170   [  102.116547][T14893]  ? __warn.cold+0x110/0x210   [  102.117461][T14893]  ? folio_lruvec_lock_irqsave+0x10e/0x170   [  102.118667][T14893]  ? report_bug+0x1b9/0x320   [  102.119571][T14893]  ? handle_bug+0x54/0x90   [  102.120494][T14893]  ? exc_invalid_op+0x17/0x50   [  102.121433][T14893]  ? asm_exc_invalid_op+0x1a/0x20   [  102.122435][T14893]  ? __wake_up_klogd.part.0+0x76/0xd0   [  102.123506][T14893]  ? dump_page+0x4f/0x60   [  102.124352][T14893]  ? folio_lruvec_lock_irqsave+0x10e/0x170   [  102.125500][T14893]  folio_batch_move_lru+0xd4/0x200   [  102.126577][T14893]  ? __pfx_lru_add+0x10/0x10   [  102.127505][T14893]  __folio_batch_add_and_move+0x391/0x720   [  102.128633][T14893]  ? __pfx_lru_add+0x10/0x10   [  102.129550][T14893]  folio_putback_lru+0x16/0x80   [  102.130564][T14893]  migrate_device_finalize+0x9b/0x530   [  102.131640][T14893]  dmirror_migrate_to_device.constprop.0+0x7c5/0xad0   [  102.133047][T14893]  dmirror_fops_unlocked_ioctl+0x89b/0xc80  Likely, nothing else goes wrong: putting the last folio reference will remove the folio from the LRU again.  So besides memcg complaining, adding the folio to be freed to the LRU is just an unnecessary step.  The new flow resembles what we have in migrate_folio_move(): add the dst to the lru, rem ---truncated---	https://nvd.nist.gov/vuln/detail/CVE-2025-21861	filtered-vector-low-criticality: LOCAL scorev3<7
CVE-2025-21868	5.5	LOCAL	yes	In the Linux kernel, the following vulnerability has been resolved:  net: allow small head cache usage with large MAX_SKB_FRAGS values  Sabrina reported the following splat:      WARNING: CPU: 0 PID: 1 at net/core/dev.c:6935 netif_napi_add_weight_locked+0x8f2/0xba0     Modules linked in:     CPU: 0 UID: 0 PID: 1 Comm: swapper/0 Not tainted 6.14.0-rc1-net-00092-g011b03359038 #996     Hardware name: QEMU Standard PC (i440FX + PIIX, 1996), BIOS Arch Linux 1.16.3-1-1 04/01/2014     RIP: 0010:netif_napi_add_weight_locked+0x8f2/0xba0     Code: e8 c3 e6 6a fe 48 83 c4 28 5b 5d 41 5c 41 5d 41 5e 41 5f c3 cc cc cc cc c7 44 24 10 ff ff ff ff e9 8f fb ff ff e8 9e e6 6a fe <0f> 0b e9 d3 fe ff ff e8 92 e6 6a fe 48 8b 04 24 be ff ff ff ff 48     RSP: 0000:ffffc9000001fc60 EFLAGS: 00010293     RAX: 0000000000000000 RBX: ffff88806ce48128 RCX: 1ffff11001664b9e     RDX: ffff888008f00040 RSI: ffffffff8317ca42 RDI: ffff88800b325cb6     RBP: ffff88800b325c40 R08: 0000000000000001 R09: ffffed100167502c     R10: ffff88800b3a8163 R11: 0000000000000000 R12: ffff88800ac1c168     R13: ffff88800ac1c168 R14: ffff88800ac1c168 R15: 0000000000000007     FS:  0000000000000000(0000) GS:ffff88806ce00000(0000) knlGS:0000000000000000     CS:  0010 DS: 0000 ES: 0000 CR0: 0000000080050033     CR2: ffff888008201000 CR3: 0000000004c94001 CR4: 0000000000370ef0     DR0: 0000000000000000 DR1: 0000000000000000 DR2: 0000000000000000     DR3: 0000000000000000 DR6: 00000000fffe0ff0 DR7: 0000000000000400     Call Trace:     <TASK>     gro_cells_init+0x1ba/0x270     xfrm_input_init+0x4b/0x2a0     xfrm_init+0x38/0x50     ip_rt_init+0x2d7/0x350     ip_init+0xf/0x20     inet_init+0x406/0x590     do_one_initcall+0x9d/0x2e0     do_initcalls+0x23b/0x280     kernel_init_freeable+0x445/0x490     kernel_init+0x20/0x1d0     ret_from_fork+0x46/0x80     ret_from_fork_asm+0x1a/0x30     </TASK>     irq event stamp: 584330     hardirqs last  enabled at (584338): [<ffffffff8168bf87>] __up_console_sem+0x77/0xb0     hardirqs last disabled at (584345): [<ffffffff8168bf6c>] __up_console_sem+0x5c/0xb0     softirqs last  enabled at (583242): [<ffffffff833ee96d>] netlink_insert+0x14d/0x470     softirqs last disabled at (583754): [<ffffffff8317c8cd>] netif_napi_add_weight_locked+0x77d/0xba0  on kernel built with MAX_SKB_FRAGS=45, where SKB_WITH_OVERHEAD(1024) is smaller than GRO_MAX_HEAD.  Such built additionally contains the revert of the single page frag cache so that napi_get_frags() ends up using the page frag allocator, triggering the splat.  Note that the underlying issue is independent from the mentioned revert; address it ensuring that the small head cache will fit either TCP and GRO allocation and updating napi_alloc_skb() and __netdev_alloc_skb() to select kmalloc() usage for any allocation fitting such cache.	https://nvd.nist.gov/vuln/detail/CVE-2025-21868	filtered-vector-low-criticality: LOCAL scorev3<7
CVE-2025-21870	5.5	LOCAL	yes	In the Linux kernel, the following vulnerability has been resolved:  ASoC: SOF: ipc4-topology: Harden loops for looking up ALH copiers  Other, non DAI copier widgets could have the same  stream name (sname) as the ALH copier and in that case the copier->data is NULL, no alh_data is attached, which could lead to NULL pointer dereference. We could check for this NULL pointer in sof_ipc4_prepare_copier_module() and avoid the crash, but a similar loop in sof_ipc4_widget_setup_comp_dai() will miscalculate the ALH device count, causing broken audio.  The correct fix is to harden the matching logic by making sure that the 1. widget is a DAI widget - so dai = w->private is valid 2. the dai (and thus the copier) is ALH copier	https://nvd.nist.gov/vuln/detail/CVE-2025-21870	filtered-vector-low-criticality: LOCAL scorev3<7
CVE-2025-21885	5.5	LOCAL	yes	In the Linux kernel, the following vulnerability has been resolved:  RDMA/bnxt_re: Fix the page details for the srq created by kernel consumers  While using nvme target with use_srq on, below kernel panic is noticed.  [  549.698111] bnxt_en 0000:41:00.0 enp65s0np0: FEC autoneg off encoding: Clause 91 RS(544,514) [  566.393619] Oops: divide error: 0000 [#1] PREEMPT SMP NOPTI .. [  566.393799]  <TASK> [  566.393807]  ? __die_body+0x1a/0x60 [  566.393823]  ? die+0x38/0x60 [  566.393835]  ? do_trap+0xe4/0x110 [  566.393847]  ? bnxt_qplib_alloc_init_hwq+0x1d4/0x580 [bnxt_re] [  566.393867]  ? bnxt_qplib_alloc_init_hwq+0x1d4/0x580 [bnxt_re] [  566.393881]  ? do_error_trap+0x7c/0x120 [  566.393890]  ? bnxt_qplib_alloc_init_hwq+0x1d4/0x580 [bnxt_re] [  566.393911]  ? exc_divide_error+0x34/0x50 [  566.393923]  ? bnxt_qplib_alloc_init_hwq+0x1d4/0x580 [bnxt_re] [  566.393939]  ? asm_exc_divide_error+0x16/0x20 [  566.393966]  ? bnxt_qplib_alloc_init_hwq+0x1d4/0x580 [bnxt_re] [  566.393997]  bnxt_qplib_create_srq+0xc9/0x340 [bnxt_re] [  566.394040]  bnxt_re_create_srq+0x335/0x3b0 [bnxt_re] [  566.394057]  ? srso_return_thunk+0x5/0x5f [  566.394068]  ? __init_swait_queue_head+0x4a/0x60 [  566.394090]  ib_create_srq_user+0xa7/0x150 [ib_core] [  566.394147]  nvmet_rdma_queue_connect+0x7d0/0xbe0 [nvmet_rdma] [  566.394174]  ? lock_release+0x22c/0x3f0 [  566.394187]  ? srso_return_thunk+0x5/0x5f  Page size and shift info is set only for the user space SRQs. Set page size and page shift for kernel space SRQs also.	https://nvd.nist.gov/vuln/detail/CVE-2025-21885	filtered-vector-low-criticality: LOCAL scorev3<7
CVE-2025-21888	5.5	LOCAL	yes	In the Linux kernel, the following vulnerability has been resolved:  RDMA/mlx5: Fix a WARN during dereg_mr for DM type  Memory regions (MR) of type DM (device memory) do not have an associated umem.  In the __mlx5_ib_dereg_mr() -> mlx5_free_priv_descs() flow, the code incorrectly takes the wrong branch, attempting to call dma_unmap_single() on a DMA address that is not mapped.  This results in a WARN [1], as shown below.  The issue is resolved by properly accounting for the DM type and ensuring the correct branch is selected in mlx5_free_priv_descs().  [1] WARNING: CPU: 12 PID: 1346 at drivers/iommu/dma-iommu.c:1230 iommu_dma_unmap_page+0x79/0x90 Modules linked in: ip6table_mangle ip6table_nat ip6table_filter ip6_tables iptable_mangle xt_conntrack xt_MASQUERADE nf_conntrack_netlink nfnetlink xt_addrtype iptable_nat nf_nat br_netfilter rpcsec_gss_krb5 auth_rpcgss oid_registry ovelay rpcrdma rdma_ucm ib_iser libiscsi scsi_transport_iscsi ib_umad rdma_cm ib_ipoib iw_cm ib_cm mlx5_ib ib_uverbs ib_core fuse mlx5_core CPU: 12 UID: 0 PID: 1346 Comm: ibv_rc_pingpong Not tainted 6.12.0-rc7+ #1631 Hardware name: QEMU Standard PC (Q35 + ICH9, 2009), BIOS rel-1.13.0-0-gf21b5a4aeb02-prebuilt.qemu.org 04/01/2014 RIP: 0010:iommu_dma_unmap_page+0x79/0x90 Code: 2b 49 3b 29 72 26 49 3b 69 08 73 20 4d 89 f0 44 89 e9 4c 89 e2 48 89 ee 48 89 df 5b 5d 41 5c 41 5d 41 5e 41 5f e9 07 b8 88 ff <0f> 0b 5b 5d 41 5c 41 5d 41 5e 41 5f c3 cc cc cc cc 66 0f 1f 44 00 RSP: 0018:ffffc90001913a10 EFLAGS: 00010246 RAX: 0000000000000000 RBX: ffff88810194b0a8 RCX: 0000000000000000 RDX: 0000000000000000 RSI: 0000000000000000 RDI: 0000000000000001 RBP: ffff88810194b0a8 R08: 0000000000000000 R09: 0000000000000000 R10: 0000000000000001 R11: 0000000000000000 R12: 0000000000000000 R13: 0000000000000001 R14: 0000000000000000 R15: 0000000000000000 FS:  00007f537abdd740(0000) GS:ffff88885fb00000(0000) knlGS:0000000000000000 CS:  0010 DS: 0000 ES: 0000 CR0: 0000000080050033 CR2: 00007f537aeb8000 CR3: 000000010c248001 CR4: 0000000000372eb0 DR0: 0000000000000000 DR1: 0000000000000000 DR2: 0000000000000000 DR3: 0000000000000000 DR6: 00000000fffe0ff0 DR7: 0000000000000400 Call Trace: <TASK> ? __warn+0x84/0x190 ? iommu_dma_unmap_page+0x79/0x90 ? report_bug+0xf8/0x1c0 ? handle_bug+0x55/0x90 ? exc_invalid_op+0x13/0x60 ? asm_exc_invalid_op+0x16/0x20 ? iommu_dma_unmap_page+0x79/0x90 dma_unmap_page_attrs+0xe6/0x290 mlx5_free_priv_descs+0xb0/0xe0 [mlx5_ib] __mlx5_ib_dereg_mr+0x37e/0x520 [mlx5_ib] ? _raw_spin_unlock_irq+0x24/0x40 ? wait_for_completion+0xfe/0x130 ? rdma_restrack_put+0x63/0xe0 [ib_core] ib_dereg_mr_user+0x5f/0x120 [ib_core] ? lock_release+0xc6/0x280 destroy_hw_idr_uobject+0x1d/0x60 [ib_uverbs] uverbs_destroy_uobject+0x58/0x1d0 [ib_uverbs] uobj_destroy+0x3f/0x70 [ib_uverbs] ib_uverbs_cmd_verbs+0x3e4/0xbb0 [ib_uverbs] ? __pfx_uverbs_destroy_def_handler+0x10/0x10 [ib_uverbs] ? lock_acquire+0xc1/0x2f0 ? ib_uverbs_ioctl+0xcb/0x170 [ib_uverbs] ? ib_uverbs_ioctl+0x116/0x170 [ib_uverbs] ? lock_release+0xc6/0x280 ib_uverbs_ioctl+0xe7/0x170 [ib_uverbs] ? ib_uverbs_ioctl+0xcb/0x170 [ib_uverbs] __x64_sys_ioctl+0x1b0/0xa70 do_syscall_64+0x6b/0x140 entry_SYSCALL_64_after_hwframe+0x76/0x7e RIP: 0033:0x7f537adaf17b Code: 0f 1e fa 48 8b 05 1d ad 0c 00 64 c7 00 26 00 00 00 48 c7 c0 ff ff ff ff c3 66 0f 1f 44 00 00 f3 0f 1e fa b8 10 00 00 00 0f 05 <48> 3d 01 f0 ff ff 73 01 c3 48 8b 0d ed ac 0c 00 f7 d8 64 89 01 48 RSP: 002b:00007ffff218f0b8 EFLAGS: 00000246 ORIG_RAX: 0000000000000010 RAX: ffffffffffffffda RBX: 00007ffff218f1d8 RCX: 00007f537adaf17b RDX: 00007ffff218f1c0 RSI: 00000000c0181b01 RDI: 0000000000000003 RBP: 00007ffff218f1a0 R08: 00007f537aa8d010 R09: 0000561ee2e4f270 R10: 00007f537aace3a8 R11: 0000000000000246 R12: 00007ffff218f190 R13: 000000000000001c R14: 0000561ee2e4d7c0 R15: 00007ffff218f450 </TASK>	https://nvd.nist.gov/vuln/detail/CVE-2025-21888	not-applicable-config: iSCSI path disabled (CONFIG_SCSI_ISCSI_ATTRS, CONFIG_ISCSI_TCP, CONFIG_TARGET_ISCSI disabled)
CVE-2025-21892	4.7	LOCAL	yes	In the Linux kernel, the following vulnerability has been resolved:  RDMA/mlx5: Fix the recovery flow of the UMR QP  This patch addresses an issue in the recovery flow of the UMR QP, ensuring tasks do not get stuck, as highlighted by the call trace [1].  During recovery, before transitioning the QP to the RESET state, the software must wait for all outstanding WRs to complete.  Failing to do so can cause the firmware to skip sending some flushed CQEs with errors and simply discard them upon the RESET, as per the IB specification.  This race condition can result in lost CQEs and tasks becoming stuck.  To resolve this, the patch sends a final WR which serves only as a barrier before moving the QP state to RESET.  Once a CQE is received for that final WR, it guarantees that no outstanding WRs remain, making it safe to transition the QP to RESET and subsequently back to RTS, restoring proper functionality.  Note: For the barrier WR, we simply reuse the failed and ready WR. Since the QP is in an error state, it will only receive IB_WC_WR_FLUSH_ERR. However, as it serves only as a barrier we don't care about its status.  [1] INFO: task rdma_resource_l:1922 blocked for more than 120 seconds. Tainted: G        W          6.12.0-rc7+ #1626 "echo 0 > /proc/sys/kernel/hung_task_timeout_secs" disables this message. task:rdma_resource_l state:D stack:0  pid:1922 tgid:1922  ppid:1369      flags:0x00004004 Call Trace: <TASK> __schedule+0x420/0xd30 schedule+0x47/0x130 schedule_timeout+0x280/0x300 ? mark_held_locks+0x48/0x80 ? lockdep_hardirqs_on_prepare+0xe5/0x1a0 wait_for_completion+0x75/0x130 mlx5r_umr_post_send_wait+0x3c2/0x5b0 [mlx5_ib] ? __pfx_mlx5r_umr_done+0x10/0x10 [mlx5_ib] mlx5r_umr_revoke_mr+0x93/0xc0 [mlx5_ib] __mlx5_ib_dereg_mr+0x299/0x520 [mlx5_ib] ? _raw_spin_unlock_irq+0x24/0x40 ? wait_for_completion+0xfe/0x130 ? rdma_restrack_put+0x63/0xe0 [ib_core] ib_dereg_mr_user+0x5f/0x120 [ib_core] ? lock_release+0xc6/0x280 destroy_hw_idr_uobject+0x1d/0x60 [ib_uverbs] uverbs_destroy_uobject+0x58/0x1d0 [ib_uverbs] uobj_destroy+0x3f/0x70 [ib_uverbs] ib_uverbs_cmd_verbs+0x3e4/0xbb0 [ib_uverbs] ? __pfx_uverbs_destroy_def_handler+0x10/0x10 [ib_uverbs] ? __lock_acquire+0x64e/0x2080 ? mark_held_locks+0x48/0x80 ? find_held_lock+0x2d/0xa0 ? lock_acquire+0xc1/0x2f0 ? ib_uverbs_ioctl+0xcb/0x170 [ib_uverbs] ? __fget_files+0xc3/0x1b0 ib_uverbs_ioctl+0xe7/0x170 [ib_uverbs] ? ib_uverbs_ioctl+0xcb/0x170 [ib_uverbs] __x64_sys_ioctl+0x1b0/0xa70 do_syscall_64+0x6b/0x140 entry_SYSCALL_64_after_hwframe+0x76/0x7e RIP: 0033:0x7f99c918b17b RSP: 002b:00007ffc766d0468 EFLAGS: 00000246 ORIG_RAX:      0000000000000010 RAX: ffffffffffffffda RBX: 00007ffc766d0578 RCX:      00007f99c918b17b RDX: 00007ffc766d0560 RSI: 00000000c0181b01 RDI:      0000000000000003 RBP: 00007ffc766d0540 R08: 00007f99c8f99010 R09:      000000000000bd7e R10: 00007f99c94c1c70 R11: 0000000000000246 R12:      00007ffc766d0530 R13: 000000000000001c R14: 0000000040246a80 R15:      0000000000000000 </TASK>	https://nvd.nist.gov/vuln/detail/CVE-2025-21892	filtered-vector-low-criticality: LOCAL scorev3<7
CVE-2025-21907	5.5	LOCAL	yes	In the Linux kernel, the following vulnerability has been resolved:  mm: memory-failure: update ttu flag inside unmap_poisoned_folio  Patch series "mm: memory_failure: unmap poisoned folio during migrate properly", v3.  Fix two bugs during folio migration if the folio is poisoned.   This patch (of 3):  Commit 6da6b1d4a7df ("mm/hwpoison: convert TTU_IGNORE_HWPOISON to TTU_HWPOISON") introduce TTU_HWPOISON to replace TTU_IGNORE_HWPOISON in order to stop send SIGBUS signal when accessing an error page after a memory error on a clean folio.  However during page migration, anon folio must be set with TTU_HWPOISON during unmap_*().  For pagecache we need some policy just like the one in hwpoison_user_mappings to set this flag.  So move this policy from hwpoison_user_mappings to unmap_poisoned_folio to handle this warning properly.  Warning will be produced during unamp poison folio with the following log:    ------------[ cut here ]------------   WARNING: CPU: 1 PID: 365 at mm/rmap.c:1847 try_to_unmap_one+0x8fc/0xd3c   Modules linked in:   CPU: 1 UID: 0 PID: 365 Comm: bash Tainted: G        W          6.13.0-rc1-00018-gacdb4bbda7ab #42   Tainted: [W]=WARN   Hardware name: QEMU QEMU Virtual Machine, BIOS 0.0.0 02/06/2015   pstate: 20400005 (nzCv daif +PAN -UAO -TCO -DIT -SSBS BTYPE=--)   pc : try_to_unmap_one+0x8fc/0xd3c   lr : try_to_unmap_one+0x3dc/0xd3c   Call trace:    try_to_unmap_one+0x8fc/0xd3c (P)    try_to_unmap_one+0x3dc/0xd3c (L)    rmap_walk_anon+0xdc/0x1f8    rmap_walk+0x3c/0x58    try_to_unmap+0x88/0x90    unmap_poisoned_folio+0x30/0xa8    do_migrate_range+0x4a0/0x568    offline_pages+0x5a4/0x670    memory_block_action+0x17c/0x374    memory_subsys_offline+0x3c/0x78    device_offline+0xa4/0xd0    state_store+0x8c/0xf0    dev_attr_store+0x18/0x2c    sysfs_kf_write+0x44/0x54    kernfs_fop_write_iter+0x118/0x1a8    vfs_write+0x3a8/0x4bc    ksys_write+0x6c/0xf8    __arm64_sys_write+0x1c/0x28    invoke_syscall+0x44/0x100    el0_svc_common.constprop.0+0x40/0xe0    do_el0_svc+0x1c/0x28    el0_svc+0x30/0xd0    el0t_64_sync_handler+0xc8/0xcc    el0t_64_sync+0x198/0x19c   ---[ end trace 0000000000000000 ]---  [mawupeng1@huawei.com: unmap_poisoned_folio(): remove shadowed local `mapping', per Miaohe]	https://nvd.nist.gov/vuln/detail/CVE-2025-21907	filtered-vector-low-criticality: LOCAL scorev3<7
CVE-2025-21927	7.8	LOCAL	yes	In the Linux kernel, the following vulnerability has been resolved:  nvme-tcp: fix potential memory corruption in nvme_tcp_recv_pdu()  nvme_tcp_recv_pdu() doesn't check the validity of the header length. When header digests are enabled, a target might send a packet with an invalid header length (e.g. 255), causing nvme_tcp_verify_hdgst() to access memory outside the allocated area and cause memory corruptions by overwriting it with the calculated digest.  Fix this by rejecting packets with an unexpected header length.	https://nvd.nist.gov/vuln/detail/CVE-2025-21927	not-applicable-config: NVMe/TCP disabled (CONFIG_NVME_TCP disabled)
CVE-2025-21949	5.5	LOCAL	yes	In the Linux kernel, the following vulnerability has been resolved:  LoongArch: Set hugetlb mmap base address aligned with pmd size  With ltp test case "testcases/bin/hugefork02", there is a dmesg error report message such as:   kernel BUG at mm/hugetlb.c:5550!  Oops - BUG[#1]:  CPU: 0 UID: 0 PID: 1517 Comm: hugefork02 Not tainted 6.14.0-rc2+ #241  Hardware name: QEMU QEMU Virtual Machine, BIOS unknown 2/2/2022  pc 90000000004eaf1c ra 9000000000485538 tp 900000010edbc000 sp 900000010edbf940  a0 900000010edbfb00 a1 9000000108d20280 a2 00007fffe9474000 a3 00007ffff3474000  a4 0000000000000000 a5 0000000000000003 a6 00000000003cadd3 a7 0000000000000000  t0 0000000001ffffff t1 0000000001474000 t2 900000010ecd7900 t3 00007fffe9474000  t4 00007fffe9474000 t5 0000000000000040 t6 900000010edbfb00 t7 0000000000000001  t8 0000000000000005 u0 90000000004849d0 s9 900000010edbfa00 s0 9000000108d20280  s1 00007fffe9474000 s2 0000000002000000 s3 9000000108d20280 s4 9000000002b38b10  s5 900000010edbfb00 s6 00007ffff3474000 s7 0000000000000406 s8 900000010edbfa08     ra: 9000000000485538 unmap_vmas+0x130/0x218    ERA: 90000000004eaf1c __unmap_hugepage_range+0x6f4/0x7d0   PRMD: 00000004 (PPLV0 +PIE -PWE)   EUEN: 00000007 (+FPE +SXE +ASXE -BTE)   ECFG: 00071c1d (LIE=0,2-4,10-12 VS=7)  ESTAT: 000c0000 [BRK] (IS= ECode=12 EsubCode=0)  PRID: 0014c010 (Loongson-64bit, Loongson-3A5000)  Process hugefork02 (pid: 1517, threadinfo=00000000a670eaf4, task=000000007a95fc64)  Call Trace:  [<90000000004eaf1c>] __unmap_hugepage_range+0x6f4/0x7d0  [<9000000000485534>] unmap_vmas+0x12c/0x218  [<9000000000494068>] exit_mmap+0xe0/0x308  [<900000000025fdc4>] mmput+0x74/0x180  [<900000000026a284>] do_exit+0x294/0x898  [<900000000026aa30>] do_group_exit+0x30/0x98  [<900000000027bed4>] get_signal+0x83c/0x868  [<90000000002457b4>] arch_do_signal_or_restart+0x54/0xfa0  [<90000000015795e8>] irqentry_exit_to_user_mode+0xb8/0x138  [<90000000002572d0>] tlb_do_page_fault_1+0x114/0x1b4  The problem is that base address allocated from hugetlbfs is not aligned with pmd size. Here add a checking for hugetlbfs and align base address with pmd size. After this patch the test case "testcases/bin/hugefork02" passes to run.  This is similar to the commit 7f24cbc9c4d42db8a3c8484d1 ("mm/mmap: teach generic_get_unmapped_area{_topdown} to handle hugetlb mappings").	https://nvd.nist.gov/vuln/detail/CVE-2025-21949	filtered-vector-low-criticality: LOCAL scorev3<7
CVE-2025-21961	5.5	LOCAL	yes	In the Linux kernel, the following vulnerability has been resolved:  eth: bnxt: fix truesize for mb-xdp-pass case  When mb-xdp is set and return is XDP_PASS, packet is converted from xdp_buff to sk_buff with xdp_update_skb_shared_info() in bnxt_xdp_build_skb(). bnxt_xdp_build_skb() passes incorrect truesize argument to xdp_update_skb_shared_info(). The truesize is calculated as BNXT_RX_PAGE_SIZE * sinfo->nr_frags but the skb_shared_info was wiped by napi_build_skb() before. So it stores sinfo->nr_frags before bnxt_xdp_build_skb() and use it instead of getting skb_shared_info from xdp_get_shared_info_from_buff().  Splat looks like:  ------------[ cut here ]------------  WARNING: CPU: 2 PID: 0 at net/core/skbuff.c:6072 skb_try_coalesce+0x504/0x590  Modules linked in: xt_nat xt_tcpudp veth af_packet xt_conntrack nft_chain_nat xt_MASQUERADE nf_conntrack_netlink xfrm_user xt_addrtype nft_coms  CPU: 2 UID: 0 PID: 0 Comm: swapper/2 Not tainted 6.14.0-rc2+ #3  RIP: 0010:skb_try_coalesce+0x504/0x590  Code: 4b fd ff ff 49 8b 34 24 40 80 e6 40 0f 84 3d fd ff ff 49 8b 74 24 48 40 f6 c6 01 0f 84 2e fd ff ff 48 8d 4e ff e9 25 fd ff ff <0f> 0b e99  RSP: 0018:ffffb62c4120caa8 EFLAGS: 00010287  RAX: 0000000000000003 RBX: ffffb62c4120cb14 RCX: 0000000000000ec0  RDX: 0000000000001000 RSI: ffffa06e5d7dc000 RDI: 0000000000000003  RBP: ffffa06e5d7ddec0 R08: ffffa06e6120a800 R09: ffffa06e7a119900  R10: 0000000000002310 R11: ffffa06e5d7dcec0 R12: ffffe4360575f740  R13: ffffe43600000000 R14: 0000000000000002 R15: 0000000000000002  FS:  0000000000000000(0000) GS:ffffa0755f700000(0000) knlGS:0000000000000000  CS:  0010 DS: 0000 ES: 0000 CR0: 0000000080050033  CR2: 00007f147b76b0f8 CR3: 00000001615d4000 CR4: 00000000007506f0  PKRU: 55555554  Call Trace:   <IRQ>   ? __warn+0x84/0x130   ? skb_try_coalesce+0x504/0x590   ? report_bug+0x18a/0x1a0   ? handle_bug+0x53/0x90   ? exc_invalid_op+0x14/0x70   ? asm_exc_invalid_op+0x16/0x20   ? skb_try_coalesce+0x504/0x590   inet_frag_reasm_finish+0x11f/0x2e0   ip_defrag+0x37a/0x900   ip_local_deliver+0x51/0x120   ip_sublist_rcv_finish+0x64/0x70   ip_sublist_rcv+0x179/0x210   ip_list_rcv+0xf9/0x130  How to reproduce: <Node A> ip link set $interface1 xdp obj xdp_pass.o ip link set $interface1 mtu 9000 up ip a a 10.0.0.1/24 dev $interface1 <Node B> ip link set $interfac2 mtu 9000 up ip a a 10.0.0.2/24 dev $interface2 ping 10.0.0.1 -s 65000  Following ping.py patch adds xdp-mb-pass case. so ping.py is going to be able to reproduce this issue.	https://nvd.nist.gov/vuln/detail/CVE-2025-21961	filtered-vector-low-criticality: LOCAL scorev3<7
CVE-2025-21972	5.5	LOCAL	yes	In the Linux kernel, the following vulnerability has been resolved:  net: mctp: unshare packets when reassembling  Ensure that the frag_list used for reassembly isn't shared with other packets. This avoids incorrect reassembly when packets are cloned, and prevents a memory leak due to circular references between fragments and their skb_shared_info.  The upcoming MCTP-over-USB driver uses skb_clone which can trigger the problem - other MCTP drivers don't share SKBs.  A kunit test is added to reproduce the issue.	https://nvd.nist.gov/vuln/detail/CVE-2025-21972	filtered-vector-low-criticality: LOCAL scorev3<7
CVE-2025-21976	5.5	LOCAL	yes	In the Linux kernel, the following vulnerability has been resolved:  fbdev: hyperv_fb: Allow graceful removal of framebuffer  When a Hyper-V framebuffer device is unbind, hyperv_fb driver tries to release the framebuffer forcefully. If this framebuffer is in use it produce the following WARN and hence this framebuffer is never released.  [   44.111220] WARNING: CPU: 35 PID: 1882 at drivers/video/fbdev/core/fb_info.c:70 framebuffer_release+0x2c/0x40 < snip > [   44.111289] Call Trace: [   44.111290]  <TASK> [   44.111291]  ? show_regs+0x6c/0x80 [   44.111295]  ? __warn+0x8d/0x150 [   44.111298]  ? framebuffer_release+0x2c/0x40 [   44.111300]  ? report_bug+0x182/0x1b0 [   44.111303]  ? handle_bug+0x6e/0xb0 [   44.111306]  ? exc_invalid_op+0x18/0x80 [   44.111308]  ? asm_exc_invalid_op+0x1b/0x20 [   44.111311]  ? framebuffer_release+0x2c/0x40 [   44.111313]  ? hvfb_remove+0x86/0xa0 [hyperv_fb] [   44.111315]  vmbus_remove+0x24/0x40 [hv_vmbus] [   44.111323]  device_remove+0x40/0x80 [   44.111325]  device_release_driver_internal+0x20b/0x270 [   44.111327]  ? bus_find_device+0xb3/0xf0  Fix this by moving the release of framebuffer and assosiated memory to fb_ops.fb_destroy function, so that framebuffer framework handles it gracefully.  While we fix this, also replace manual registrations/unregistration of framebuffer with devm_register_framebuffer.	https://nvd.nist.gov/vuln/detail/CVE-2025-21976	filtered-vector-low-criticality: LOCAL scorev3<7
CVE-2025-22026	5.5	LOCAL	yes	In the Linux kernel, the following vulnerability has been resolved:  nfsd: don't ignore the return code of svc_proc_register()  Currently, nfsd_proc_stat_init() ignores the return value of svc_proc_register(). If the procfile creation fails, then the kernel will WARN when it tries to remove the entry later.  Fix nfsd_proc_stat_init() to return the same type of pointer as svc_proc_register(), and fix up nfsd_net_init() to check that and fail the nfsd_net construction if it occurs.  svc_proc_register() can fail if the dentry can't be allocated, or if an identical dentry already exists. The second case is pretty unlikely in the nfsd_net construction codepath, so if this happens, return -ENOMEM.	https://nvd.nist.gov/vuln/detail/CVE-2025-22026	filtered-vector-low-criticality: LOCAL scorev3<7
CVE-2025-22037	5.5	LOCAL	yes	In the Linux kernel, the following vulnerability has been resolved:  ksmbd: fix null pointer dereference in alloc_preauth_hash()  The Client send malformed smb2 negotiate request. ksmbd return error response. Subsequently, the client can send smb2 session setup even thought conn->preauth_info is not allocated. This patch add KSMBD_SESS_NEED_SETUP status of connection to ignore session setup request if smb2 negotiate phase is not complete.	https://nvd.nist.gov/vuln/detail/CVE-2025-22037	not-applicable-config: ksmbd/SMB server disabled (CONFIG_SMB_SERVER disabled)
CVE-2025-22039	7.1	LOCAL	yes	In the Linux kernel, the following vulnerability has been resolved:  ksmbd: fix overflow in dacloffset bounds check  The dacloffset field was originally typed as int and used in an unchecked addition, which could overflow and bypass the existing bounds check in both smb_check_perm_dacl() and smb_inherit_dacl().  This could result in out-of-bounds memory access and a kernel crash when dereferencing the DACL pointer.  This patch converts dacloffset to unsigned int and uses check_add_overflow() to validate access to the DACL.	https://nvd.nist.gov/vuln/detail/CVE-2025-22039	not-applicable-config: ksmbd/SMB server disabled (CONFIG_SMB_SERVER disabled)
CVE-2025-22062	5.5	LOCAL	yes	In the Linux kernel, the following vulnerability has been resolved:  sctp: add mutual exclusion in proc_sctp_do_udp_port()  We must serialize calls to sctp_udp_sock_stop() and sctp_udp_sock_start() or risk a crash as syzbot reported:  Oops: general protection fault, probably for non-canonical address 0xdffffc000000000d: 0000 [#1] SMP KASAN PTI KASAN: null-ptr-deref in range [0x0000000000000068-0x000000000000006f] CPU: 1 UID: 0 PID: 6551 Comm: syz.1.44 Not tainted 6.14.0-syzkaller-g7f2ff7b62617 #0 PREEMPT(full) Hardware name: Google Google Compute Engine/Google Compute Engine, BIOS Google 02/12/2025  RIP: 0010:kernel_sock_shutdown+0x47/0x70 net/socket.c:3653 Call Trace:  <TASK>   udp_tunnel_sock_release+0x68/0x80 net/ipv4/udp_tunnel_core.c:181   sctp_udp_sock_stop+0x71/0x160 net/sctp/protocol.c:930   proc_sctp_do_udp_port+0x264/0x450 net/sctp/sysctl.c:553   proc_sys_call_handler+0x3d0/0x5b0 fs/proc/proc_sysctl.c:601   iter_file_splice_write+0x91c/0x1150 fs/splice.c:738   do_splice_from fs/splice.c:935 [inline]   direct_splice_actor+0x18f/0x6c0 fs/splice.c:1158   splice_direct_to_actor+0x342/0xa30 fs/splice.c:1102   do_splice_direct_actor fs/splice.c:1201 [inline]   do_splice_direct+0x174/0x240 fs/splice.c:1227   do_sendfile+0xafd/0xe50 fs/read_write.c:1368   __do_sys_sendfile64 fs/read_write.c:1429 [inline]   __se_sys_sendfile64 fs/read_write.c:1415 [inline]   __x64_sys_sendfile64+0x1d8/0x220 fs/read_write.c:1415   do_syscall_x64 arch/x86/entry/syscall_64.c:63 [inline]	https://nvd.nist.gov/vuln/detail/CVE-2025-22062	filtered-vector-low-criticality: LOCAL scorev3<7
CVE-2025-22070	5.5	LOCAL	yes	In the Linux kernel, the following vulnerability has been resolved:  fs/9p: fix NULL pointer dereference on mkdir  When a 9p tree was mounted with option 'posixacl', parent directory had a default ACL set for its subdirectories, e.g.:    setfacl -m default:group:simpsons:rwx parentdir  then creating a subdirectory crashed 9p client, as v9fs_fid_add() call in function v9fs_vfs_mkdir_dotl() sets the passed 'fid' pointer to NULL (since dafbe689736) even though the subsequent v9fs_set_create_acl() call expects a valid non-NULL 'fid' pointer:    [   37.273191] BUG: kernel NULL pointer dereference, address: 0000000000000000   ...   [   37.322338] Call Trace:   [   37.323043]  <TASK>   [   37.323621] ? __die (arch/x86/kernel/dumpstack.c:421 arch/x86/kernel/dumpstack.c:434)   [   37.324448] ? page_fault_oops (arch/x86/mm/fault.c:714)   [   37.325532] ? search_module_extables (kernel/module/main.c:3733)   [   37.326742] ? p9_client_walk (net/9p/client.c:1165) 9pnet   [   37.328006] ? search_bpf_extables (kernel/bpf/core.c:804)   [   37.329142] ? exc_page_fault (./arch/x86/include/asm/paravirt.h:686 arch/x86/mm/fault.c:1488 arch/x86/mm/fault.c:1538)   [   37.330196] ? asm_exc_page_fault (./arch/x86/include/asm/idtentry.h:574)   [   37.331330] ? p9_client_walk (net/9p/client.c:1165) 9pnet   [   37.332562] ? v9fs_fid_xattr_get (fs/9p/xattr.c:30) 9p   [   37.333824] v9fs_fid_xattr_set (fs/9p/fid.h:23 fs/9p/xattr.c:121) 9p   [   37.335077] v9fs_set_acl (fs/9p/acl.c:276) 9p   [   37.336112] v9fs_set_create_acl (fs/9p/acl.c:307) 9p   [   37.337326] v9fs_vfs_mkdir_dotl (fs/9p/vfs_inode_dotl.c:411) 9p   [   37.338590] vfs_mkdir (fs/namei.c:4313)   [   37.339535] do_mkdirat (fs/namei.c:4336)   [   37.340465] __x64_sys_mkdir (fs/namei.c:4354)   [   37.341455] do_syscall_64 (arch/x86/entry/common.c:52 arch/x86/entry/common.c:83)   [   37.342447] entry_SYSCALL_64_after_hwframe (arch/x86/entry/entry_64.S:130)  Fix this by simply swapping the sequence of these two calls in v9fs_vfs_mkdir_dotl(), i.e. calling v9fs_set_create_acl() before v9fs_fid_add().	https://nvd.nist.gov/vuln/detail/CVE-2025-22070	filtered-vector-low-criticality: LOCAL scorev3<7
CVE-2025-22101	5.5	LOCAL	yes	In the Linux kernel, the following vulnerability has been resolved:  net: libwx: fix Tx L4 checksum  The hardware only supports L4 checksum offload for TCP/UDP/SCTP protocol. There was a bug to set Tx checksum flag for the other protocol that results in Tx ring hang. Fix to compute software checksum for these packets.	https://nvd.nist.gov/vuln/detail/CVE-2025-22101	filtered-vector-low-criticality: LOCAL scorev3<7
CVE-2025-22103	5.5	LOCAL	yes	In the Linux kernel, the following vulnerability has been resolved:  net: fix NULL pointer dereference in l3mdev_l3_rcv  When delete l3s ipvlan:      ip link del link eth0 ipvlan1 type ipvlan mode l3s  This may cause a null pointer dereference:      Call trace:      ip_rcv_finish+0x48/0xd0      ip_rcv+0x5c/0x100      __netif_receive_skb_one_core+0x64/0xb0      __netif_receive_skb+0x20/0x80      process_backlog+0xb4/0x204      napi_poll+0xe8/0x294      net_rx_action+0xd8/0x22c      __do_softirq+0x12c/0x354  This is because l3mdev_l3_rcv() visit dev->l3mdev_ops after ipvlan_l3s_unregister() assign the dev->l3mdev_ops to NULL. The process like this:      (CPU1)                     | (CPU2)     l3mdev_l3_rcv()            |       check dev->priv_flags:   |         master = skb->dev;     |                                |                                | ipvlan_l3s_unregister()                                |   set dev->priv_flags                                |   dev->l3mdev_ops = NULL;                                |       visit master->l3mdev_ops |  To avoid this by do not set dev->l3mdev_ops when unregister l3s ipvlan.	https://nvd.nist.gov/vuln/detail/CVE-2025-22103	filtered-vector-low-criticality: LOCAL scorev3<7
CVE-2025-22105	5.5	LOCAL	yes	In the Linux kernel, the following vulnerability has been resolved:  bonding: check xdp prog when set bond mode  Following operations can trigger a warning[1]:      ip netns add ns1     ip netns exec ns1 ip link add bond0 type bond mode balance-rr     ip netns exec ns1 ip link set dev bond0 xdp obj af_xdp_kern.o sec xdp     ip netns exec ns1 ip link set bond0 type bond mode broadcast     ip netns del ns1  When delete the namespace, dev_xdp_uninstall() is called to remove xdp program on bond dev, and bond_xdp_set() will check the bond mode. If bond mode is changed after attaching xdp program, the warning may occur.  Some bond modes (broadcast, etc.) do not support native xdp. Set bond mode with xdp program attached is not good. Add check for xdp program when set bond mode.      [1]     ------------[ cut here ]------------     WARNING: CPU: 0 PID: 11 at net/core/dev.c:9912 unregister_netdevice_many_notify+0x8d9/0x930     Modules linked in:     CPU: 0 UID: 0 PID: 11 Comm: kworker/u4:0 Not tainted 6.14.0-rc4 #107     Hardware name: QEMU Standard PC (i440FX + PIIX, 1996), BIOS rel-1.15.0-0-g2dd4b9b3f840-prebuilt.qemu.org 04/01/2014     Workqueue: netns cleanup_net     RIP: 0010:unregister_netdevice_many_notify+0x8d9/0x930     Code: 00 00 48 c7 c6 6f e3 a2 82 48 c7 c7 d0 b3 96 82 e8 9c 10 3e ...     RSP: 0018:ffffc90000063d80 EFLAGS: 00000282     RAX: 00000000ffffffa1 RBX: ffff888004959000 RCX: 00000000ffffdfff     RDX: 0000000000000000 RSI: 00000000ffffffea RDI: ffffc90000063b48     RBP: ffffc90000063e28 R08: ffffffff82d39b28 R09: 0000000000009ffb     R10: 0000000000000175 R11: ffffffff82d09b40 R12: ffff8880049598e8     R13: 0000000000000001 R14: dead000000000100 R15: ffffc90000045000     FS:  0000000000000000(0000) GS:ffff888007a00000(0000) knlGS:0000000000000000     CS:  0010 DS: 0000 ES: 0000 CR0: 0000000080050033     CR2: 000000000d406b60 CR3: 000000000483e000 CR4: 00000000000006f0     Call Trace:      <TASK>      ? __warn+0x83/0x130      ? unregister_netdevice_many_notify+0x8d9/0x930      ? report_bug+0x18e/0x1a0      ? handle_bug+0x54/0x90      ? exc_invalid_op+0x18/0x70      ? asm_exc_invalid_op+0x1a/0x20      ? unregister_netdevice_many_notify+0x8d9/0x930      ? bond_net_exit_batch_rtnl+0x5c/0x90      cleanup_net+0x237/0x3d0      process_one_work+0x163/0x390      worker_thread+0x293/0x3b0      ? __pfx_worker_thread+0x10/0x10      kthread+0xec/0x1e0      ? __pfx_kthread+0x10/0x10      ? __pfx_kthread+0x10/0x10      ret_from_fork+0x2f/0x50      ? __pfx_kthread+0x10/0x10      ret_from_fork_asm+0x1a/0x30      </TASK>     ---[ end trace 0000000000000000 ]---	https://nvd.nist.gov/vuln/detail/CVE-2025-22105	filtered-vector-low-criticality: LOCAL scorev3<7
CVE-2025-22108	5.5	LOCAL	yes	In the Linux kernel, the following vulnerability has been resolved:  bnxt_en: Mask the bd_cnt field in the TX BD properly  The bd_cnt field in the TX BD specifies the total number of BDs for the TX packet.  The bd_cnt field has 5 bits and the maximum number supported is 32 with the value 0.  CONFIG_MAX_SKB_FRAGS can be modified and the total number of SKB fragments can approach or exceed the maximum supported by the chip. Add a macro to properly mask the bd_cnt field so that the value 32 will be properly masked and set to 0 in the bd_cnd field.  Without this patch, the out-of-range bd_cnt value will corrupt the TX BD and may cause TX timeout.  The next patch will check for values exceeding 32.	https://nvd.nist.gov/vuln/detail/CVE-2025-22108	filtered-vector-low-criticality: LOCAL scorev3<7
CVE-2025-22109	5.5	LOCAL	yes	In the Linux kernel, the following vulnerability has been resolved:  ax25: Remove broken autobind  Binding AX25 socket by using the autobind feature leads to memory leaks in ax25_connect() and also refcount leaks in ax25_release(). Memory leak was detected with kmemleak:  ================================================================ unreferenced object 0xffff8880253cd680 (size 96): backtrace: __kmalloc_node_track_caller_noprof (./include/linux/kmemleak.h:43) kmemdup_noprof (mm/util.c:136) ax25_rt_autobind (net/ax25/ax25_route.c:428) ax25_connect (net/ax25/af_ax25.c:1282) __sys_connect_file (net/socket.c:2045) __sys_connect (net/socket.c:2064) __x64_sys_connect (net/socket.c:2067) do_syscall_64 (arch/x86/entry/common.c:52 arch/x86/entry/common.c:83) entry_SYSCALL_64_after_hwframe (arch/x86/entry/entry_64.S:130) ================================================================  When socket is bound, refcounts must be incremented the way it is done in ax25_bind() and ax25_setsockopt() (SO_BINDTODEVICE). In case of autobind, the refcounts are not incremented.  This bug leads to the following issue reported by Syzkaller:  ================================================================ ax25_connect(): syz-executor318 uses autobind, please contact jreuter@yaina.de ------------[ cut here ]------------ refcount_t: decrement hit 0; leaking memory. WARNING: CPU: 0 PID: 5317 at lib/refcount.c:31 refcount_warn_saturate+0xfa/0x1d0 lib/refcount.c:31 Modules linked in: CPU: 0 UID: 0 PID: 5317 Comm: syz-executor318 Not tainted 6.14.0-rc4-syzkaller-00278-gece144f151ac #0 Hardware name: QEMU Standard PC (Q35 + ICH9, 2009), BIOS 1.16.3-debian-1.16.3-2~bpo12+1 04/01/2014 RIP: 0010:refcount_warn_saturate+0xfa/0x1d0 lib/refcount.c:31 ... Call Trace:  <TASK>  __refcount_dec include/linux/refcount.h:336 [inline]  refcount_dec include/linux/refcount.h:351 [inline]  ref_tracker_free+0x6af/0x7e0 lib/ref_tracker.c:236  netdev_tracker_free include/linux/netdevice.h:4302 [inline]  netdev_put include/linux/netdevice.h:4319 [inline]  ax25_release+0x368/0x960 net/ax25/af_ax25.c:1080  __sock_release net/socket.c:647 [inline]  sock_close+0xbc/0x240 net/socket.c:1398  __fput+0x3e9/0x9f0 fs/file_table.c:464  __do_sys_close fs/open.c:1580 [inline]  __se_sys_close fs/open.c:1565 [inline]  __x64_sys_close+0x7f/0x110 fs/open.c:1565  do_syscall_x64 arch/x86/entry/common.c:52 [inline]  do_syscall_64+0xf3/0x230 arch/x86/entry/common.c:83  entry_SYSCALL_64_after_hwframe+0x77/0x7f  ...  </TASK> ================================================================  Considering the issues above and the comments left in the code that say: "check if we can remove this feature. It is broken."; "autobinding in this may or may not work"; - it is better to completely remove this feature than to fix it because it is broken and leads to various kinds of memory bugs.  Now calling connect() without first binding socket will result in an error (-EINVAL). Userspace software that relies on the autobind feature might get broken. However, this feature does not seem widely used with this specific driver as it was not reliable at any point of time, and it is already broken anyway. E.g. ax25-tools and ax25-apps packages for popular distributions do not use the autobind feature for AF_AX25.  Found by Linux Verification Center (linuxtesting.org) with Syzkaller.	https://nvd.nist.gov/vuln/detail/CVE-2025-22109	not-applicable-config: NET/ROM path disabled (CONFIG_NETROM, CONFIG_AX25 disabled)
CVE-2025-22111	5.5	LOCAL	yes	In the Linux kernel, the following vulnerability has been resolved:  net: Remove RTNL dance for SIOCBRADDIF and SIOCBRDELIF.  SIOCBRDELIF is passed to dev_ioctl() first and later forwarded to br_ioctl_call(), which causes unnecessary RTNL dance and the splat below [0] under RTNL pressure.  Let's say Thread A is trying to detach a device from a bridge and Thread B is trying to remove the bridge.  In dev_ioctl(), Thread A bumps the bridge device's refcnt by netdev_hold() and releases RTNL because the following br_ioctl_call() also re-acquires RTNL.  In the race window, Thread B could acquire RTNL and try to remove the bridge device.  Then, rtnl_unlock() by Thread B will release RTNL and wait for netdev_put() by Thread A.  Thread A, however, must hold RTNL after the unlock in dev_ifsioc(), which may take long under RTNL pressure, resulting in the splat by Thread B.    Thread A (SIOCBRDELIF)           Thread B (SIOCBRDELBR)   ----------------------           ----------------------   sock_ioctl                       sock_ioctl   `- sock_do_ioctl                 `- br_ioctl_call      `- dev_ioctl                     `- br_ioctl_stub         |- rtnl_lock                     |         |- dev_ifsioc                    '         '  |- dev = __dev_get_by_name(...)            |- netdev_hold(dev, ...)      .        /   |- rtnl_unlock  ------.       |        |   |- br_ioctl_call       `--->  |- rtnl_lock   Race |   |  `- br_ioctl_stub           |- br_del_bridge   Window   |     |                       |  |- dev = __dev_get_by_name(...)        |   |     |  May take long        |  `- br_dev_delete(dev, ...)        |   |     |  under RTNL pressure  |     `- unregister_netdevice_queue(dev, ...)        |   |     |               |       `- rtnl_unlock        \   |     |- rtnl_lock  <-'          `- netdev_run_todo            |     |- ...                        `- netdev_run_todo            |     `- rtnl_unlock                   |- __rtnl_unlock            |                                      |- netdev_wait_allrefs_any            |- netdev_put(dev, ...)  <----------------'                                                 Wait refcnt decrement                                                 and log splat below  To avoid blocking SIOCBRDELBR unnecessarily, let's not call dev_ioctl() for SIOCBRADDIF and SIOCBRDELIF.  In the dev_ioctl() path, we do the following:    1. Copy struct ifreq by get_user_ifreq in sock_do_ioctl()   2. Check CAP_NET_ADMIN in dev_ioctl()   3. Call dev_load() in dev_ioctl()   4. Fetch the master dev from ifr.ifr_name in dev_ifsioc()  3. can be done by request_module() in br_ioctl_call(), so we move 1., 2., and 4. to br_ioctl_stub().  Note that 2. is also checked later in add_del_if(), but it's better performed before RTNL.  SIOCBRADDIF and SIOCBRDELIF have been processed in dev_ioctl() since the pre-git era, and there seems to be no specific reason to process them there.  [0]: unregister_netdevice: waiting for wpan3 to become free. Usage count = 2 ref_tracker: wpan3@ffff8880662d8608 has 1/1 users at      __netdev_tracker_alloc include/linux/netdevice.h:4282 [inline]      netdev_hold include/linux/netdevice.h:4311 [inline]      dev_ifsioc+0xc6a/0x1160 net/core/dev_ioctl.c:624      dev_ioctl+0x255/0x10c0 net/core/dev_ioctl.c:826      sock_do_ioctl+0x1ca/0x260 net/socket.c:1213      sock_ioctl+0x23a/0x6c0 net/socket.c:1318      vfs_ioctl fs/ioctl.c:51 [inline]      __do_sys_ioctl fs/ioctl.c:906 [inline]      __se_sys_ioctl fs/ioctl.c:892 [inline]      __x64_sys_ioctl+0x1a4/0x210 fs/ioctl.c:892      do_syscall_x64 arch/x86/entry/common.c:52 [inline]      do_syscall_64+0xcb/0x250 arch/x86/entry/common.c:83      entry_SYSCALL_64_after_hwframe+0x77/0x7f	https://nvd.nist.gov/vuln/detail/CVE-2025-22111	filtered-vector-low-criticality: LOCAL scorev3<7
CVE-2025-22113	5.5	LOCAL	yes	In the Linux kernel, the following vulnerability has been resolved:  ext4: avoid journaling sb update on error if journal is destroying  Presently we always BUG_ON if trying to start a transaction on a journal marked with JBD2_UNMOUNT, since this should never happen. However, while ltp running stress tests, it was observed that in case of some error handling paths, it is possible for update_super_work to start a transaction after the journal is destroyed eg:  (umount) ext4_kill_sb   kill_block_super     generic_shutdown_super       sync_filesystem /* commits all txns */       evict_inodes         /* might start a new txn */       ext4_put_super 	flush_work(&sbi->s_sb_upd_work) /* flush the workqueue */         jbd2_journal_destroy           journal_kill_thread             journal->j_flags |= JBD2_UNMOUNT;           jbd2_journal_commit_transaction             jbd2_journal_get_descriptor_buffer               jbd2_journal_bmap                 ext4_journal_bmap                   ext4_map_blocks                     ...                     ext4_inode_error                       ext4_handle_error                         schedule_work(&sbi->s_sb_upd_work)                                                 /* work queue kicks in */                                                update_super_work                                                  jbd2_journal_start                                                    start_this_handle                                                      BUG_ON(journal->j_flags &                                                             JBD2_UNMOUNT)  Hence, introduce a new mount flag to indicate journal is destroying and only do a journaled (and deferred) update of sb if this flag is not set. Otherwise, just fallback to an un-journaled commit.  Further, in the journal destroy path, we have the following sequence:    1. Set mount flag indicating journal is destroying   2. force a commit and wait for it   3. flush pending sb updates  This sequence is important as it ensures that, after this point, there is no sb update that might be journaled so it is safe to update the sb outside the journal. (To avoid race discussed in 2d01ddc86606)  Also, we don't need a similar check in ext4_grp_locked_error since it is only called from mballoc and AFAICT it would be always valid to schedule work here.	https://nvd.nist.gov/vuln/detail/CVE-2025-22113	filtered-vector-low-criticality: LOCAL scorev3<7
CVE-2025-22115	4.7	LOCAL	yes	In the Linux kernel, the following vulnerability has been resolved:  btrfs: fix block group refcount race in btrfs_create_pending_block_groups()  Block group creation is done in two phases, which results in a slightly unintuitive property: a block group can be allocated/deallocated from after btrfs_make_block_group() adds it to the space_info with btrfs_add_bg_to_space_info(), but before creation is completely completed in btrfs_create_pending_block_groups(). As a result, it is possible for a block group to go unused and have 'btrfs_mark_bg_unused' called on it concurrently with 'btrfs_create_pending_block_groups'. This causes a number of issues, which were fixed with the block group flag 'BLOCK_GROUP_FLAG_NEW'.  However, this fix is not quite complete. Since it does not use the unused_bg_lock, it is possible for the following race to occur:  btrfs_create_pending_block_groups            btrfs_mark_bg_unused                                            if list_empty // false         list_del_init         clear_bit                                            else if (test_bit) // true                                                 list_move_tail  And we get into the exact same broken ref count and invalid new_bgs state for transaction cleanup that BLOCK_GROUP_FLAG_NEW was designed to prevent.  The broken refcount aspect will result in a warning like:    [1272.943527] refcount_t: underflow; use-after-free.   [1272.943967] WARNING: CPU: 1 PID: 61 at lib/refcount.c:28 refcount_warn_saturate+0xba/0x110   [1272.944731] Modules linked in: btrfs virtio_net xor zstd_compress raid6_pq null_blk [last unloaded: btrfs]   [1272.945550] CPU: 1 UID: 0 PID: 61 Comm: kworker/u32:1 Kdump: loaded Tainted: G        W          6.14.0-rc5+ #108   [1272.946368] Tainted: [W]=WARN   [1272.946585] Hardware name: QEMU Standard PC (i440FX + PIIX, 1996), BIOS Arch Linux 1.16.3-1-1 04/01/2014   [1272.947273] Workqueue: btrfs_discard btrfs_discard_workfn [btrfs]   [1272.947788] RIP: 0010:refcount_warn_saturate+0xba/0x110   [1272.949532] RSP: 0018:ffffbf1200247df0 EFLAGS: 00010282   [1272.949901] RAX: 0000000000000000 RBX: ffffa14b00e3f800 RCX: 0000000000000000   [1272.950437] RDX: 0000000000000000 RSI: ffffbf1200247c78 RDI: 00000000ffffdfff   [1272.950986] RBP: ffffa14b00dc2860 R08: 00000000ffffdfff R09: ffffffff90526268   [1272.951512] R10: ffffffff904762c0 R11: 0000000063666572 R12: ffffa14b00dc28c0   [1272.952024] R13: 0000000000000000 R14: ffffa14b00dc2868 R15: 000001285dcd12c0   [1272.952850] FS:  0000000000000000(0000) GS:ffffa14d33c40000(0000) knlGS:0000000000000000   [1272.953458] CS:  0010 DS: 0000 ES: 0000 CR0: 0000000080050033   [1272.953931] CR2: 00007f838cbda000 CR3: 000000010104e000 CR4: 00000000000006f0   [1272.954474] Call Trace:   [1272.954655]  <TASK>   [1272.954812]  ? refcount_warn_saturate+0xba/0x110   [1272.955173]  ? __warn.cold+0x93/0xd7   [1272.955487]  ? refcount_warn_saturate+0xba/0x110   [1272.955816]  ? report_bug+0xe7/0x120   [1272.956103]  ? handle_bug+0x53/0x90   [1272.956424]  ? exc_invalid_op+0x13/0x60   [1272.956700]  ? asm_exc_invalid_op+0x16/0x20   [1272.957011]  ? refcount_warn_saturate+0xba/0x110   [1272.957399]  btrfs_discard_cancel_work.cold+0x26/0x2b [btrfs]   [1272.957853]  btrfs_put_block_group.cold+0x5d/0x8e [btrfs]   [1272.958289]  btrfs_discard_workfn+0x194/0x380 [btrfs]   [1272.958729]  process_one_work+0x130/0x290   [1272.959026]  worker_thread+0x2ea/0x420   [1272.959335]  ? __pfx_worker_thread+0x10/0x10   [1272.959644]  kthread+0xd7/0x1c0   [1272.959872]  ? __pfx_kthread+0x10/0x10   [1272.960172]  ret_from_fork+0x30/0x50   [1272.960474]  ? __pfx_kthread+0x10/0x10   [1272.960745]  ret_from_fork_asm+0x1a/0x30   [1272.961035]  </TASK>   [1272.961238] ---[ end trace 0000000000000000 ]---  Though we have seen them in the async discard workfn as well. It is most likely to happen after a relocation finishes which cancels discard, tears down the block group, etc.  Fix this fully by taking the lock arou ---truncated---	https://nvd.nist.gov/vuln/detail/CVE-2025-22115	filtered-vector-low-criticality: LOCAL scorev3<7
CVE-2025-22124	5.5	LOCAL	yes	In the Linux kernel, the following vulnerability has been resolved:  md/md-bitmap: fix wrong bitmap_limit for clustermd when write sb  In clustermd, separate write-intent-bitmaps are used for each cluster node:  0                    4k                     8k                    12k ------------------------------------------------------------------- | idle                | md super            | bm super [0] + bits | | bm bits[0, contd]   | bm super[1] + bits  | bm bits[1, contd]   | | bm super[2] + bits  | bm bits [2, contd]  | bm super[3] + bits  | | bm bits [3, contd]  |                     |                     |  So in node 1, pg_index in __write_sb_page() could equal to bitmap->storage.file_pages. Then bitmap_limit will be calculated to 0. md_super_write() will be called with 0 size. That means the first 4k sb area of node 1 will never be updated through filemap_write_page(). This bug causes hang of mdadm/clustermd_tests/01r1_Grow_resize.  Here use (pg_index % bitmap->storage.file_pages) to make calculation of bitmap_limit correct.	https://nvd.nist.gov/vuln/detail/CVE-2025-22124	filtered-vector-low-criticality: LOCAL scorev3<7
CVE-2025-22125	5.5	LOCAL	yes	In the Linux kernel, the following vulnerability has been resolved:  md/raid1,raid10: don't ignore IO flags  If blk-wbt is enabled by default, it's found that raid write performance is quite bad because all IO are throttled by wbt of underlying disks, due to flag REQ_IDLE is ignored. And turns out this behaviour exist since blk-wbt is introduced.  Other than REQ_IDLE, other flags should not be ignored as well, for example REQ_META can be set for filesystems, clearing it can cause priority reverse problems; And REQ_NOWAIT should not be cleared as well, because io will wait instead of failing directly in underlying disks.  Fix those problems by keep IO flags from master bio.  Fises: f51d46d0e7cb ("md: add support for REQ_NOWAIT")	https://nvd.nist.gov/vuln/detail/CVE-2025-22125	filtered-vector-low-criticality: LOCAL scorev3<7
CVE-2025-22127	5.5	LOCAL	yes	In the Linux kernel, the following vulnerability has been resolved:  f2fs: fix potential deadloop in prepare_compress_overwrite()  Jan Prusakowski reported a kernel hang issue as below:  When running xfstests on linux-next kernel (6.14.0-rc3, 6.12) I encountered a problem in generic/475 test where fsstress process gets blocked in __f2fs_write_data_pages() and the test hangs. The options I used are:  MKFS_OPTIONS  -- -O compression -O extra_attr -O project_quota -O quota /dev/vdc MOUNT_OPTIONS -- -o acl,user_xattr -o discard,compress_extension=* /dev/vdc /vdc  INFO: task kworker/u8:0:11 blocked for more than 122 seconds.       Not tainted 6.14.0-rc3-xfstests-lockdep #1 "echo 0 > /proc/sys/kernel/hung_task_timeout_secs" disables this message. task:kworker/u8:0    state:D stack:0     pid:11    tgid:11    ppid:2      task_flags:0x4208160 flags:0x00004000 Workqueue: writeback wb_workfn (flush-253:0) Call Trace:  <TASK>  __schedule+0x309/0x8e0  schedule+0x3a/0x100  schedule_preempt_disabled+0x15/0x30  __mutex_lock+0x59a/0xdb0  __f2fs_write_data_pages+0x3ac/0x400  do_writepages+0xe8/0x290  __writeback_single_inode+0x5c/0x360  writeback_sb_inodes+0x22f/0x570  wb_writeback+0xb0/0x410  wb_do_writeback+0x47/0x2f0  wb_workfn+0x5a/0x1c0  process_one_work+0x223/0x5b0  worker_thread+0x1d5/0x3c0  kthread+0xfd/0x230  ret_from_fork+0x31/0x50  ret_from_fork_asm+0x1a/0x30  </TASK>  The root cause is: once generic/475 starts toload error table to dm device, f2fs_prepare_compress_overwrite() will loop reading compressed cluster pages due to IO error, meanwhile it has held .writepages lock, it can block all other writeback tasks.  Let's fix this issue w/ below changes: - add f2fs_handle_page_eio() in prepare_compress_overwrite() to detect IO error. - detect cp_error earler in f2fs_read_multi_pages().	https://nvd.nist.gov/vuln/detail/CVE-2025-22127	not-applicable-config: F2FS disabled (CONFIG_F2FS_FS disabled)
CVE-2025-23129	5.5	LOCAL	yes	In the Linux kernel, the following vulnerability has been resolved:  wifi: ath11k: Clear affinity hint before calling ath11k_pcic_free_irq() in error path  If a shared IRQ is used by the driver due to platform limitation, then the IRQ affinity hint is set right after the allocation of IRQ vectors in ath11k_pci_alloc_msi(). This does no harm unless one of the functions requesting the IRQ fails and attempt to free the IRQ. This results in the below warning:  WARNING: CPU: 7 PID: 349 at kernel/irq/manage.c:1929 free_irq+0x278/0x29c Call trace:  free_irq+0x278/0x29c  ath11k_pcic_free_irq+0x70/0x10c [ath11k]  ath11k_pci_probe+0x800/0x820 [ath11k_pci]  local_pci_probe+0x40/0xbc  The warning is due to not clearing the affinity hint before freeing the IRQs.  So to fix this issue, clear the IRQ affinity hint before calling ath11k_pcic_free_irq() in the error path. The affinity will be cleared once again further down the error path due to code organization, but that does no harm.  Tested-on: QCA6390 hw2.0 PCI WLAN.HST.1.0.1-05266-QCAHSTSWPLZ_V2_TO_X86-1	https://nvd.nist.gov/vuln/detail/CVE-2025-23129	filtered-vector-low-criticality: LOCAL scorev3<7
CVE-2025-23130	5.5	LOCAL	yes	In the Linux kernel, the following vulnerability has been resolved:  f2fs: fix to avoid panic once fallocation fails for pinfile  syzbot reports a f2fs bug as below:  ------------[ cut here ]------------ kernel BUG at fs/f2fs/segment.c:2746! CPU: 0 UID: 0 PID: 5323 Comm: syz.0.0 Not tainted 6.13.0-rc2-syzkaller-00018-g7cb1b4663150 #0 RIP: 0010:get_new_segment fs/f2fs/segment.c:2746 [inline] RIP: 0010:new_curseg+0x1f52/0x1f70 fs/f2fs/segment.c:2876 Call Trace:  <TASK>  __allocate_new_segment+0x1ce/0x940 fs/f2fs/segment.c:3210  f2fs_allocate_new_section fs/f2fs/segment.c:3224 [inline]  f2fs_allocate_pinning_section+0xfa/0x4e0 fs/f2fs/segment.c:3238  f2fs_expand_inode_data+0x696/0xca0 fs/f2fs/file.c:1830  f2fs_fallocate+0x537/0xa10 fs/f2fs/file.c:1940  vfs_fallocate+0x569/0x6e0 fs/open.c:327  do_vfs_ioctl+0x258c/0x2e40 fs/ioctl.c:885  __do_sys_ioctl fs/ioctl.c:904 [inline]  __se_sys_ioctl+0x80/0x170 fs/ioctl.c:892  do_syscall_x64 arch/x86/entry/common.c:52 [inline]  do_syscall_64+0xf3/0x230 arch/x86/entry/common.c:83  entry_SYSCALL_64_after_hwframe+0x77/0x7f  Concurrent pinfile allocation may run out of free section, result in panic in get_new_segment(), let's expand pin_sem lock coverage to include f2fs_gc(), so that we can make sure to reclaim enough free space for following allocation.  In addition, do below changes to enhance error path handling: - call f2fs_bug_on() only in non-pinfile allocation path in get_new_segment(). - call reset_curseg_fields() to reset all fields of curseg in new_curseg()	https://nvd.nist.gov/vuln/detail/CVE-2025-23130	not-applicable-config: F2FS disabled (CONFIG_F2FS_FS disabled)
CVE-2025-23131	5.5	LOCAL	yes	In the Linux kernel, the following vulnerability has been resolved:  dlm: prevent NPD when writing a positive value to event_done  do_uevent returns the value written to event_done. In case it is a positive value, new_lockspace would undo all the work, and lockspace would not be set. __dlm_new_lockspace, however, would treat that positive value as a success due to commit 8511a2728ab8 ("dlm: fix use count with multiple joins").  Down the line, device_create_lockspace would pass that NULL lockspace to dlm_find_lockspace_local, leading to a NULL pointer dereference.  Treating such positive values as successes prevents the problem. Given this has been broken for so long, this is unlikely to break userspace expectations.	https://nvd.nist.gov/vuln/detail/CVE-2025-23131	filtered-vector-low-criticality: LOCAL scorev3<7
CVE-2025-23132	5.5	LOCAL	yes	In the Linux kernel, the following vulnerability has been resolved:  f2fs: quota: fix to avoid warning in dquot_writeback_dquots()  F2FS-fs (dm-59): checkpoint=enable has some unwritten data.  ------------[ cut here ]------------ WARNING: CPU: 6 PID: 8013 at fs/quota/dquot.c:691 dquot_writeback_dquots+0x2fc/0x308 pc : dquot_writeback_dquots+0x2fc/0x308 lr : f2fs_quota_sync+0xcc/0x1c4 Call trace: dquot_writeback_dquots+0x2fc/0x308 f2fs_quota_sync+0xcc/0x1c4 f2fs_write_checkpoint+0x3d4/0x9b0 f2fs_issue_checkpoint+0x1bc/0x2c0 f2fs_sync_fs+0x54/0x150 f2fs_do_sync_file+0x2f8/0x814 __f2fs_ioctl+0x1960/0x3244 f2fs_ioctl+0x54/0xe0 __arm64_sys_ioctl+0xa8/0xe4 invoke_syscall+0x58/0x114  checkpoint and f2fs_remount may race as below, resulting triggering warning in dquot_writeback_dquots().  atomic write                                    remount                                                 - do_remount                                                  - down_write(&sb->s_umount);                                                   - f2fs_remount - ioctl  - f2fs_do_sync_file   - f2fs_sync_fs    - f2fs_write_checkpoint     - block_operations      - locked = down_read_trylock(&sbi->sb->s_umount)        : fail to lock due to the write lock was held by remount                                                  - up_write(&sb->s_umount);      - f2fs_quota_sync       - dquot_writeback_dquots        - WARN_ON_ONCE(!rwsem_is_locked(&sb->s_umount))        : trigger warning because s_umount lock was unlocked by remount  If checkpoint comes from mount/umount/remount/freeze/quotactl, caller of checkpoint has already held s_umount lock, calling dquot_writeback_dquots() in the context should be safe.  So let's record task to sbi->umount_lock_holder, so that checkpoint can know whether the lock has held in the context or not by checking current w/ it.  In addition, in order to not misrepresent caller of checkpoint, we should not allow to trigger async checkpoint for those callers: mount/umount/remount/ freeze/quotactl.	https://nvd.nist.gov/vuln/detail/CVE-2025-23132	not-applicable-config: F2FS disabled (CONFIG_F2FS_FS disabled)
CVE-2025-23135	5.5	LOCAL	yes	In the Linux kernel, the following vulnerability has been resolved:  RISC-V: KVM: Teardown riscv specific bits after kvm_exit  During a module removal, kvm_exit invokes arch specific disable call which disables AIA. However, we invoke aia_exit before kvm_exit resulting in the following warning. KVM kernel module can't be inserted afterwards due to inconsistent state of IRQ.  [25469.031389] percpu IRQ 31 still enabled on CPU0! [25469.031732] WARNING: CPU: 3 PID: 943 at kernel/irq/manage.c:2476 __free_percpu_irq+0xa2/0x150 [25469.031804] Modules linked in: kvm(-) [25469.031848] CPU: 3 UID: 0 PID: 943 Comm: rmmod Not tainted 6.14.0-rc5-06947-g91c763118f47-dirty #2 [25469.031905] Hardware name: riscv-virtio,qemu (DT) [25469.031928] epc : __free_percpu_irq+0xa2/0x150 [25469.031976]  ra : __free_percpu_irq+0xa2/0x150 [25469.032197] epc : ffffffff8007db1e ra : ffffffff8007db1e sp : ff2000000088bd50 [25469.032241]  gp : ffffffff8131cef8 tp : ff60000080b96400 t0 : ff2000000088baf8 [25469.032285]  t1 : fffffffffffffffc t2 : 5249207570637265 s0 : ff2000000088bd90 [25469.032329]  s1 : ff60000098b21080 a0 : 037d527a15eb4f00 a1 : 037d527a15eb4f00 [25469.032372]  a2 : 0000000000000023 a3 : 0000000000000001 a4 : ffffffff8122dbf8 [25469.032410]  a5 : 0000000000000fff a6 : 0000000000000000 a7 : ffffffff8122dc10 [25469.032448]  s2 : ff60000080c22eb0 s3 : 0000000200000022 s4 : 000000000000001f [25469.032488]  s5 : ff60000080c22e00 s6 : ffffffff80c351c0 s7 : 0000000000000000 [25469.032582]  s8 : 0000000000000003 s9 : 000055556b7fb490 s10: 00007ffff0e12fa0 [25469.032621]  s11: 00007ffff0e13e9a t3 : ffffffff81354ac7 t4 : ffffffff81354ac7 [25469.032664]  t5 : ffffffff81354ac8 t6 : ffffffff81354ac7 [25469.032698] status: 0000000200000100 badaddr: ffffffff8007db1e cause: 0000000000000003 [25469.032738] [<ffffffff8007db1e>] __free_percpu_irq+0xa2/0x150 [25469.032797] [<ffffffff8007dbfc>] free_percpu_irq+0x30/0x5e [25469.032856] [<ffffffff013a57dc>] kvm_riscv_aia_exit+0x40/0x42 [kvm] [25469.033947] [<ffffffff013b4e82>] cleanup_module+0x10/0x32 [kvm] [25469.035300] [<ffffffff8009b150>] __riscv_sys_delete_module+0x18e/0x1fc [25469.035374] [<ffffffff8000c1ca>] syscall_handler+0x3a/0x46 [25469.035456] [<ffffffff809ec9a4>] do_trap_ecall_u+0x72/0x134 [25469.035536] [<ffffffff809f5e18>] handle_exception+0x148/0x156  Invoke aia_exit and other arch specific cleanup functions after kvm_exit so that disable gets a chance to be called first before exit.	https://nvd.nist.gov/vuln/detail/CVE-2025-23135	filtered-vector-low-criticality: LOCAL scorev3<7
CVE-2025-23155	5.5	LOCAL	yes	In the Linux kernel, the following vulnerability has been resolved:  net: stmmac: Fix accessing freed irq affinity_hint  In stmmac_request_irq_multi_msi(), a pointer to the stack variable cpu_mask is passed to irq_set_affinity_hint(). This value is stored in irq_desc->affinity_hint, but once stmmac_request_irq_multi_msi() returns, the pointer becomes dangling.  The affinity_hint is exposed via procfs with S_IRUGO permissions, allowing any unprivileged process to read it. Accessing this stale pointer can lead to:  - a kernel oops or panic if the referenced memory has been released and   unmapped, or - leakage of kernel data into userspace if the memory is re-used for   other purposes.  All platforms that use stmmac with PCI MSI (Intel, Loongson, etc) are affected.	https://nvd.nist.gov/vuln/detail/CVE-2025-23155	filtered-vector-low-criticality: LOCAL scorev3<7
CVE-2025-37743	5.5	LOCAL	yes	In the Linux kernel, the following vulnerability has been resolved:  wifi: ath12k: Avoid memory leak while enabling statistics  Driver uses monitor destination rings for extended statistics mode and standalone monitor mode. In extended statistics mode, TLVs are parsed from the buffer received from the monitor destination ring and assigned to the ppdu_info structure to update per-packet statistics. In standalone monitor mode, along with per-packet statistics, the packet data (payload) is captured, and the driver updates per MSDU to mac80211.  When the AP interface is enabled, only extended statistics mode is activated. As part of enabling monitor rings for collecting statistics, the driver subscribes to HAL_RX_MPDU_START TLV in the filter configuration. This TLV is received from the monitor destination ring, and kzalloc for the mon_mpdu object occurs, which is not freed, leading to a memory leak. The kzalloc for the mon_mpdu object is only required while enabling the standalone monitor interface. This causes a memory leak while enabling extended statistics mode in the driver.  Fix this memory leak by removing the kzalloc for the mon_mpdu object in the HAL_RX_MPDU_START TLV handling. Additionally, remove the standalone monitor mode handlings in the HAL_MON_BUF_ADDR and HAL_RX_MSDU_END TLVs. These TLV tags will be handled properly when enabling standalone monitor mode in the future.  Tested-on: QCN9274 hw2.0 PCI WLAN.WBE.1.3.1-00173-QCAHKSWPL_SILICONZ-1 Tested-on: WCN7850 hw2.0 PCI WLAN.HMT.1.0.c5-00481-QCAHMTSWPL_V1.0_V2.0_SILICONZ-3	https://nvd.nist.gov/vuln/detail/CVE-2025-37743	filtered-vector-low-criticality: LOCAL scorev3<7
CVE-2025-37745	5.5	LOCAL	yes	In the Linux kernel, the following vulnerability has been resolved:  PM: hibernate: Avoid deadlock in hibernate_compressor_param_set()  syzbot reported a deadlock in lock_system_sleep() (see below).  The write operation to "/sys/module/hibernate/parameters/compressor" conflicts with the registration of ieee80211 device, resulting in a deadlock when attempting to acquire system_transition_mutex under param_lock.  To avoid this deadlock, change hibernate_compressor_param_set() to use mutex_trylock() for attempting to acquire system_transition_mutex and return -EBUSY when it fails.  Task flags need not be saved or adjusted before calling mutex_trylock(&system_transition_mutex) because the caller is not going to end up waiting for this mutex and if it runs concurrently with system suspend in progress, it will be frozen properly when it returns to user space.  syzbot report:  syz-executor895/5833 is trying to acquire lock: ffffffff8e0828c8 (system_transition_mutex){+.+.}-{4:4}, at: lock_system_sleep+0x87/0xa0 kernel/power/main.c:56  but task is already holding lock: ffffffff8e07dc68 (param_lock){+.+.}-{4:4}, at: kernel_param_lock kernel/params.c:607 [inline] ffffffff8e07dc68 (param_lock){+.+.}-{4:4}, at: param_attr_store+0xe6/0x300 kernel/params.c:586  which lock already depends on the new lock.  the existing dependency chain (in reverse order) is:  -> #3 (param_lock){+.+.}-{4:4}:        __mutex_lock_common kernel/locking/mutex.c:585 [inline]        __mutex_lock+0x19b/0xb10 kernel/locking/mutex.c:730        ieee80211_rate_control_ops_get net/mac80211/rate.c:220 [inline]        rate_control_alloc net/mac80211/rate.c:266 [inline]        ieee80211_init_rate_ctrl_alg+0x18d/0x6b0 net/mac80211/rate.c:1015        ieee80211_register_hw+0x20cd/0x4060 net/mac80211/main.c:1531        mac80211_hwsim_new_radio+0x304e/0x54e0 drivers/net/wireless/virtual/mac80211_hwsim.c:5558        init_mac80211_hwsim+0x432/0x8c0 drivers/net/wireless/virtual/mac80211_hwsim.c:6910        do_one_initcall+0x128/0x700 init/main.c:1257        do_initcall_level init/main.c:1319 [inline]        do_initcalls init/main.c:1335 [inline]        do_basic_setup init/main.c:1354 [inline]        kernel_init_freeable+0x5c7/0x900 init/main.c:1568        kernel_init+0x1c/0x2b0 init/main.c:1457        ret_from_fork+0x45/0x80 arch/x86/kernel/process.c:148        ret_from_fork_asm+0x1a/0x30 arch/x86/entry/entry_64.S:244  -> #2 (rtnl_mutex){+.+.}-{4:4}:        __mutex_lock_common kernel/locking/mutex.c:585 [inline]        __mutex_lock+0x19b/0xb10 kernel/locking/mutex.c:730        wg_pm_notification drivers/net/wireguard/device.c:80 [inline]        wg_pm_notification+0x49/0x180 drivers/net/wireguard/device.c:64        notifier_call_chain+0xb7/0x410 kernel/notifier.c:85        notifier_call_chain_robust kernel/notifier.c:120 [inline]        blocking_notifier_call_chain_robust kernel/notifier.c:345 [inline]        blocking_notifier_call_chain_robust+0xc9/0x170 kernel/notifier.c:333        pm_notifier_call_chain_robust+0x27/0x60 kernel/power/main.c:102        snapshot_open+0x189/0x2b0 kernel/power/user.c:77        misc_open+0x35a/0x420 drivers/char/misc.c:179        chrdev_open+0x237/0x6a0 fs/char_dev.c:414        do_dentry_open+0x735/0x1c40 fs/open.c:956        vfs_open+0x82/0x3f0 fs/open.c:1086        do_open fs/namei.c:3830 [inline]        path_openat+0x1e88/0x2d80 fs/namei.c:3989        do_filp_open+0x20c/0x470 fs/namei.c:4016        do_sys_openat2+0x17a/0x1e0 fs/open.c:1428        do_sys_open fs/open.c:1443 [inline]        __do_sys_openat fs/open.c:1459 [inline]        __se_sys_openat fs/open.c:1454 [inline]        __x64_sys_openat+0x175/0x210 fs/open.c:1454        do_syscall_x64 arch/x86/entry/common.c:52 [inline]        do_syscall_64+0xcd/0x250 arch/x86/entry/common.c:83        entry_SYSCALL_64_after_hwframe+0x77/0x7f  -> #1 ((pm_chain_head).rwsem){++++}-{4:4}:        down_read+0x9a/0x330 kernel/locking/rwsem.c:1524        blocking_notifier_call_chain_robust kerne ---truncated---	https://nvd.nist.gov/vuln/detail/CVE-2025-37745	filtered-vector-low-criticality: LOCAL scorev3<7
CVE-2025-37747	5.5	LOCAL	yes	In the Linux kernel, the following vulnerability has been resolved:  perf: Fix hang while freeing sigtrap event  Perf can hang while freeing a sigtrap event if a related deferred signal hadn't managed to be sent before the file got closed:  perf_event_overflow()    task_work_add(perf_pending_task)  fput()    task_work_add(____fput())  task_work_run()     ____fput()         perf_release()             perf_event_release_kernel()                 _free_event()                     perf_pending_task_sync()                         task_work_cancel() -> FAILED                         rcuwait_wait_event()  Once task_work_run() is running, the list of pending callbacks is removed from the task_struct and from this point on task_work_cancel() can't remove any pending and not yet started work items, hence the task_work_cancel() failure and the hang on rcuwait_wait_event().  Task work could be changed to remove one work at a time, so a work running on the current task can always cancel a pending one, however the wait / wake design is still subject to inverted dependencies when remote targets are involved, as pictured by Oleg:  T1                                                      T2  fd = perf_event_open(pid => T2->pid);                  fd = perf_event_open(pid => T1->pid); close(fd)                                              close(fd)     <IRQ>                                                  <IRQ>     perf_event_overflow()                                  perf_event_overflow()        task_work_add(perf_pending_task)                        task_work_add(perf_pending_task)     </IRQ>                                                 </IRQ>     fput()                                                 fput()         task_work_add(____fput())                              task_work_add(____fput())      task_work_run()                                        task_work_run()         ____fput()                                             ____fput()             perf_release()                                         perf_release()                 perf_event_release_kernel()                            perf_event_release_kernel()                     _free_event()                                          _free_event()                         perf_pending_task_sync()                               perf_pending_task_sync()                             rcuwait_wait_event()                                   rcuwait_wait_event()  Therefore the only option left is to acquire the event reference count upon queueing the perf task work and release it from the task work, just like it was done before 3a5465418f5f ("perf: Fix event leak upon exec and file release") but without the leaks it fixed.  Some adjustments are necessary to make it work:  * A child event might dereference its parent upon freeing. Care must be   taken to release the parent last.  * Some places assuming the event doesn't have any reference held and   therefore can be freed right away must instead put the reference and   let the reference counting to its job.	https://nvd.nist.gov/vuln/detail/CVE-2025-37747	filtered-vector-low-criticality: LOCAL scorev3<7
CVE-2025-37750	7.8	LOCAL	yes	In the Linux kernel, the following vulnerability has been resolved:  smb: client: fix UAF in decryption with multichannel  After commit f7025d861694 ("smb: client: allocate crypto only for primary server") and commit b0abcd65ec54 ("smb: client: fix UAF in async decryption"), the channels started reusing AEAD TFM from primary channel to perform synchronous decryption, but that can't done as there could be multiple cifsd threads (one per channel) simultaneously accessing it to perform decryption.  This fixes the following KASAN splat when running fstest generic/249 with 'vers=3.1.1,multichannel,max_channels=4,seal' against Windows Server 2022:  BUG: KASAN: slab-use-after-free in gf128mul_4k_lle+0xba/0x110 Read of size 8 at addr ffff8881046c18a0 by task cifsd/986 CPU: 3 UID: 0 PID: 986 Comm: cifsd Not tainted 6.15.0-rc1 #1 PREEMPT(voluntary) Hardware name: QEMU Standard PC (Q35 + ICH9, 2009), BIOS 1.16.3-3.fc41 04/01/2014 Call Trace:  <TASK>  dump_stack_lvl+0x5d/0x80  print_report+0x156/0x528  ? gf128mul_4k_lle+0xba/0x110  ? __virt_addr_valid+0x145/0x300  ? __phys_addr+0x46/0x90  ? gf128mul_4k_lle+0xba/0x110  kasan_report+0xdf/0x1a0  ? gf128mul_4k_lle+0xba/0x110  gf128mul_4k_lle+0xba/0x110  ghash_update+0x189/0x210  shash_ahash_update+0x295/0x370  ? __pfx_shash_ahash_update+0x10/0x10  ? __pfx_shash_ahash_update+0x10/0x10  ? __pfx_extract_iter_to_sg+0x10/0x10  ? ___kmalloc_large_node+0x10e/0x180  ? __asan_memset+0x23/0x50  crypto_ahash_update+0x3c/0xc0  gcm_hash_assoc_remain_continue+0x93/0xc0  crypt_message+0xe09/0xec0 [cifs]  ? __pfx_crypt_message+0x10/0x10 [cifs]  ? _raw_spin_unlock+0x23/0x40  ? __pfx_cifs_readv_from_socket+0x10/0x10 [cifs]  decrypt_raw_data+0x229/0x380 [cifs]  ? __pfx_decrypt_raw_data+0x10/0x10 [cifs]  ? __pfx_cifs_read_iter_from_socket+0x10/0x10 [cifs]  smb3_receive_transform+0x837/0xc80 [cifs]  ? __pfx_smb3_receive_transform+0x10/0x10 [cifs]  ? __pfx___might_resched+0x10/0x10  ? __pfx_smb3_is_transform_hdr+0x10/0x10 [cifs]  cifs_demultiplex_thread+0x692/0x1570 [cifs]  ? __pfx_cifs_demultiplex_thread+0x10/0x10 [cifs]  ? rcu_is_watching+0x20/0x50  ? rcu_lockdep_current_cpu_online+0x62/0xb0  ? find_held_lock+0x32/0x90  ? kvm_sched_clock_read+0x11/0x20  ? local_clock_noinstr+0xd/0xd0  ? trace_irq_enable.constprop.0+0xa8/0xe0  ? __pfx_cifs_demultiplex_thread+0x10/0x10 [cifs]  kthread+0x1fe/0x380  ? kthread+0x10f/0x380  ? __pfx_kthread+0x10/0x10  ? local_clock_noinstr+0xd/0xd0  ? ret_from_fork+0x1b/0x60  ? local_clock+0x15/0x30  ? lock_release+0x29b/0x390  ? rcu_is_watching+0x20/0x50  ? __pfx_kthread+0x10/0x10  ret_from_fork+0x31/0x60  ? __pfx_kthread+0x10/0x10  ret_from_fork_asm+0x1a/0x30  </TASK>	https://nvd.nist.gov/vuln/detail/CVE-2025-37750	not-applicable-config: SMB client disabled (CONFIG_CIFS disabled)
CVE-2025-37759	5.5	LOCAL	yes	In the Linux kernel, the following vulnerability has been resolved:  ublk: fix handling recovery & reissue in ublk_abort_queue()  Commit 8284066946e6 ("ublk: grab request reference when the request is handled by userspace") doesn't grab request reference in case of recovery reissue. Then the request can be requeued & re-dispatch & failed when canceling uring command.  If it is one zc request, the request can be freed before io_uring returns the zc buffer back, then cause kernel panic:  [  126.773061] BUG: kernel NULL pointer dereference, address: 00000000000000c8 [  126.773657] #PF: supervisor read access in kernel mode [  126.774052] #PF: error_code(0x0000) - not-present page [  126.774455] PGD 0 P4D 0 [  126.774698] Oops: Oops: 0000 [#1] SMP NOPTI [  126.775034] CPU: 13 UID: 0 PID: 1612 Comm: kworker/u64:55 Not tainted 6.14.0_blk+ #182 PREEMPT(full) [  126.775676] Hardware name: QEMU Standard PC (Q35 + ICH9, 2009), BIOS 1.16.3-1.fc39 04/01/2014 [  126.776275] Workqueue: iou_exit io_ring_exit_work [  126.776651] RIP: 0010:ublk_io_release+0x14/0x130 [ublk_drv]  Fixes it by always grabbing request reference for aborting the request.	https://nvd.nist.gov/vuln/detail/CVE-2025-37759	filtered-vector-low-criticality: LOCAL scorev3<7
CVE-2025-37802	5.5	LOCAL	yes	In the Linux kernel, the following vulnerability has been resolved:  ksmbd: fix WARNING "do not call blocking ops when !TASK_RUNNING"  wait_event_timeout() will set the state of the current task to TASK_UNINTERRUPTIBLE, before doing the condition check. This means that ksmbd_durable_scavenger_alive() will try to acquire the mutex while already in a sleeping state. The scheduler warns us by giving the following warning:  do not call blocking ops when !TASK_RUNNING; state=2 set at  [<0000000061515a6f>] prepare_to_wait_event+0x9f/0x6c0 WARNING: CPU: 2 PID: 4147 at kernel/sched/core.c:10099 __might_sleep+0x12f/0x160  mutex lock is not needed in ksmbd_durable_scavenger_alive().	https://nvd.nist.gov/vuln/detail/CVE-2025-37802	not-applicable-config: ksmbd/SMB server disabled (CONFIG_SMB_SERVER disabled)
CVE-2025-37806	5.5	LOCAL	yes	In the Linux kernel, the following vulnerability has been resolved:  fs/ntfs3: Keep write operations atomic  syzbot reported a NULL pointer dereference in __generic_file_write_iter. [1]  Before the write operation is completed, the user executes ioctl[2] to clear the compress flag of the file, which causes the is_compressed() judgment to return 0, further causing the program to enter the wrong process and call the wrong ops ntfs_aops_cmpr, which triggers the null pointer dereference of write_begin.  Use inode lock to synchronize ioctl and write to avoid this case.  [1] Unable to handle kernel NULL pointer dereference at virtual address 0000000000000000 Mem abort info:   ESR = 0x0000000086000006   EC = 0x21: IABT (current EL), IL = 32 bits   SET = 0, FnV = 0   EA = 0, S1PTW = 0   FSC = 0x06: level 2 translation fault user pgtable: 4k pages, 48-bit VAs, pgdp=000000011896d000 [0000000000000000] pgd=0800000118b44403, p4d=0800000118b44403, pud=0800000117517403, pmd=0000000000000000 Internal error: Oops: 0000000086000006 [#1] PREEMPT SMP Modules linked in: CPU: 0 UID: 0 PID: 6427 Comm: syz-executor347 Not tainted 6.13.0-rc3-syzkaller-g573067a5a685 #0 Hardware name: Google Google Compute Engine/Google Compute Engine, BIOS Google 09/13/2024 pstate: 80400005 (Nzcv daif +PAN -UAO -TCO -DIT -SSBS BTYPE=--) pc : 0x0 lr : generic_perform_write+0x29c/0x868 mm/filemap.c:4055 sp : ffff80009d4978a0 x29: ffff80009d4979c0 x28: dfff800000000000 x27: ffff80009d497bc8 x26: 0000000000000000 x25: ffff80009d497960 x24: ffff80008ba71c68 x23: 0000000000000000 x22: ffff0000c655dac0 x21: 0000000000001000 x20: 000000000000000c x19: 1ffff00013a92f2c x18: ffff0000e183aa1c x17: 0004060000000014 x16: ffff800083275834 x15: 0000000000000001 x14: 0000000000000000 x13: 0000000000000001 x12: ffff0000c655dac0 x11: 0000000000ff0100 x10: 0000000000ff0100 x9 : 0000000000000000 x8 : 0000000000000000 x7 : 0000000000000000 x6 : 0000000000000000 x5 : ffff80009d497980 x4 : ffff80009d497960 x3 : 0000000000001000 x2 : 0000000000000000 x1 : ffff0000e183a928 x0 : ffff0000d60b0fc0 Call trace:  0x0 (P)  __generic_file_write_iter+0xfc/0x204 mm/filemap.c:4156  ntfs_file_write_iter+0x54c/0x630 fs/ntfs3/file.c:1267  new_sync_write fs/read_write.c:586 [inline]  vfs_write+0x920/0xcf4 fs/read_write.c:679  ksys_write+0x15c/0x26c fs/read_write.c:731  __do_sys_write fs/read_write.c:742 [inline]  __se_sys_write fs/read_write.c:739 [inline]  __arm64_sys_write+0x7c/0x90 fs/read_write.c:739  __invoke_syscall arch/arm64/kernel/syscall.c:35 [inline]  invoke_syscall+0x98/0x2b8 arch/arm64/kernel/syscall.c:49  el0_svc_common+0x130/0x23c arch/arm64/kernel/syscall.c:132  do_el0_svc+0x48/0x58 arch/arm64/kernel/syscall.c:151  el0_svc+0x54/0x168 arch/arm64/kernel/entry-common.c:744  el0t_64_sync_handler+0x84/0x108 arch/arm64/kernel/entry-common.c:762  [2] ioctl$FS_IOC_SETFLAGS(r0, 0x40086602, &(0x7f00000000c0)=0x20)	https://nvd.nist.gov/vuln/detail/CVE-2025-37806	filtered-vector-low-criticality: LOCAL scorev3<7
CVE-2025-37807	5.5	LOCAL	yes	In the Linux kernel, the following vulnerability has been resolved:  bpf: Fix kmemleak warning for percpu hashmap  Vlad Poenaru reported the following kmemleak issue:    unreferenced object 0x606fd7c44ac8 (size 32):     backtrace (crc 0):       pcpu_alloc_noprof+0x730/0xeb0       bpf_map_alloc_percpu+0x69/0xc0       prealloc_init+0x9d/0x1b0       htab_map_alloc+0x363/0x510       map_create+0x215/0x3a0       __sys_bpf+0x16b/0x3e0       __x64_sys_bpf+0x18/0x20       do_syscall_64+0x7b/0x150       entry_SYSCALL_64_after_hwframe+0x4b/0x53  Further investigation shows the reason is due to not 8-byte aligned store of percpu pointer in htab_elem_set_ptr():   *(void __percpu **)(l->key + key_size) = pptr;  Note that the whole htab_elem alignment is 8 (for x86_64). If the key_size is 4, that means pptr is stored in a location which is 4 byte aligned but not 8 byte aligned. In mm/kmemleak.c, scan_block() scans the memory based on 8 byte stride, so it won't detect above pptr, hence reporting the memory leak.  In htab_map_alloc(), we already have          htab->elem_size = sizeof(struct htab_elem) +                           round_up(htab->map.key_size, 8);         if (percpu)                 htab->elem_size += sizeof(void *);         else                 htab->elem_size += round_up(htab->map.value_size, 8);  So storing pptr with 8-byte alignment won't cause any problem and can fix kmemleak too.  The issue can be reproduced with bpf selftest as well:   1. Enable CONFIG_DEBUG_KMEMLEAK config   2. Add a getchar() before skel destroy in test_hash_map() in prog_tests/for_each.c.      The purpose is to keep map available so kmemleak can be detected.   3. run './test_progs -t for_each/hash_map &' and a kmemleak should be reported.	https://nvd.nist.gov/vuln/detail/CVE-2025-37807	filtered-vector-low-criticality: LOCAL scorev3<7
CVE-2025-37826	5.5	LOCAL	yes	In the Linux kernel, the following vulnerability has been resolved:  scsi: ufs: core: Add NULL check in ufshcd_mcq_compl_pending_transfer()  Add a NULL check for the returned hwq pointer by ufshcd_mcq_req_to_hwq().  This is similar to the fix in commit 74736103fb41 ("scsi: ufs: core: Fix ufshcd_abort_one racing issue").	https://nvd.nist.gov/vuln/detail/CVE-2025-37826	filtered-vector-low-criticality: LOCAL scorev3<7
CVE-2025-37833	5.5	LOCAL	yes	In the Linux kernel, the following vulnerability has been resolved:  net/niu: Niu requires MSIX ENTRY_DATA fields touch before entry reads  Fix niu_try_msix() to not cause a fatal trap on sparc systems.  Set PCI_DEV_FLAGS_MSIX_TOUCH_ENTRY_DATA_FIRST on the struct pci_dev to work around a bug in the hardware or firmware.  For each vector entry in the msix table, niu chips will cause a fatal trap if any registers in that entry are read before that entries' ENTRY_DATA register is written to. Testing indicates writes to other registers are not sufficient to prevent the fatal trap, however the value does not appear to matter. This only needs to happen once after power up, so simply rebooting into a kernel lacking this fix will NOT cause the trap.  NON-RESUMABLE ERROR: Reporting on cpu 64 NON-RESUMABLE ERROR: TPC [0x00000000005f6900] <msix_prepare_msi_desc+0x90/0xa0> NON-RESUMABLE ERROR: RAW [4010000000000016:00000e37f93e32ff:0000000202000080:ffffffffffffffff NON-RESUMABLE ERROR:      0000000800000000:0000000000000000:0000000000000000:0000000000000000] NON-RESUMABLE ERROR: handle [0x4010000000000016] stick [0x00000e37f93e32ff] NON-RESUMABLE ERROR: type [precise nonresumable] NON-RESUMABLE ERROR: attrs [0x02000080] < ASI sp-faulted priv > NON-RESUMABLE ERROR: raddr [0xffffffffffffffff] NON-RESUMABLE ERROR: insn effective address [0x000000c50020000c] NON-RESUMABLE ERROR: size [0x8] NON-RESUMABLE ERROR: asi [0x00] CPU: 64 UID: 0 PID: 745 Comm: kworker/64:1 Not tainted 6.11.5 #63 Workqueue: events work_for_cpu_fn TSTATE: 0000000011001602 TPC: 00000000005f6900 TNPC: 00000000005f6904 Y: 00000000    Not tainted TPC: <msix_prepare_msi_desc+0x90/0xa0> g0: 00000000000002e9 g1: 000000000000000c g2: 000000c50020000c g3: 0000000000000100 g4: ffff8000470307c0 g5: ffff800fec5be000 g6: ffff800047a08000 g7: 0000000000000000 o0: ffff800014feb000 o1: ffff800047a0b620 o2: 0000000000000011 o3: ffff800047a0b620 o4: 0000000000000080 o5: 0000000000000011 sp: ffff800047a0ad51 ret_pc: 00000000005f7128 RPC: <__pci_enable_msix_range+0x3cc/0x460> l0: 000000000000000d l1: 000000000000c01f l2: ffff800014feb0a8 l3: 0000000000000020 l4: 000000000000c000 l5: 0000000000000001 l6: 0000000020000000 l7: ffff800047a0b734 i0: ffff800014feb000 i1: ffff800047a0b730 i2: 0000000000000001 i3: 000000000000000d i4: 0000000000000000 i5: 0000000000000000 i6: ffff800047a0ae81 i7: 00000000101888b0 I7: <niu_try_msix.constprop.0+0xc0/0x130 [niu]> Call Trace: [<00000000101888b0>] niu_try_msix.constprop.0+0xc0/0x130 [niu] [<000000001018f840>] niu_get_invariants+0x183c/0x207c [niu] [<00000000101902fc>] niu_pci_init_one+0x27c/0x2fc [niu] [<00000000005ef3e4>] local_pci_probe+0x28/0x74 [<0000000000469240>] work_for_cpu_fn+0x8/0x1c [<000000000046b008>] process_scheduled_works+0x144/0x210 [<000000000046b518>] worker_thread+0x13c/0x1c0 [<00000000004710e0>] kthread+0xb8/0xc8 [<00000000004060c8>] ret_from_fork+0x1c/0x2c [<0000000000000000>] 0x0 Kernel panic - not syncing: Non-resumable error.	https://nvd.nist.gov/vuln/detail/CVE-2025-37833	filtered-vector-low-criticality: LOCAL scorev3<7
CVE-2025-37834	5.5	LOCAL	yes	In the Linux kernel, the following vulnerability has been resolved:  mm/vmscan: don't try to reclaim hwpoison folio  Syzkaller reports a bug as follows:  Injecting memory failure for pfn 0x18b00e at process virtual address 0x20ffd000 Memory failure: 0x18b00e: dirty swapcache page still referenced by 2 users Memory failure: 0x18b00e: recovery action for dirty swapcache page: Failed page: refcount:2 mapcount:0 mapping:0000000000000000 index:0x20ffd pfn:0x18b00e memcg:ffff0000dd6d9000 anon flags: 0x5ffffe00482011(locked|dirty|arch_1|swapbacked|hwpoison|node=0|zone=2|lastcpupid=0xfffff) raw: 005ffffe00482011 dead000000000100 dead000000000122 ffff0000e232a7c9 raw: 0000000000020ffd 0000000000000000 00000002ffffffff ffff0000dd6d9000 page dumped because: VM_BUG_ON_FOLIO(!folio_test_uptodate(folio)) ------------[ cut here ]------------ kernel BUG at mm/swap_state.c:184! Internal error: Oops - BUG: 00000000f2000800 [#1] SMP Modules linked in: CPU: 0 PID: 60 Comm: kswapd0 Not tainted 6.6.0-gcb097e7de84e #3 Hardware name: linux,dummy-virt (DT) pstate: 80400005 (Nzcv daif +PAN -UAO -TCO -DIT -SSBS BTYPE=--) pc : add_to_swap+0xbc/0x158 lr : add_to_swap+0xbc/0x158 sp : ffff800087f37340 x29: ffff800087f37340 x28: fffffc00052c0380 x27: ffff800087f37780 x26: ffff800087f37490 x25: ffff800087f37c78 x24: ffff800087f377a0 x23: ffff800087f37c50 x22: 0000000000000000 x21: fffffc00052c03b4 x20: 0000000000000000 x19: fffffc00052c0380 x18: 0000000000000000 x17: 296f696c6f662865 x16: 7461646f7470755f x15: 747365745f6f696c x14: 6f6621284f494c4f x13: 0000000000000001 x12: ffff600036d8b97b x11: 1fffe00036d8b97a x10: ffff600036d8b97a x9 : dfff800000000000 x8 : 00009fffc9274686 x7 : ffff0001b6c5cbd3 x6 : 0000000000000001 x5 : ffff0000c25896c0 x4 : 0000000000000000 x3 : 0000000000000000 x2 : 0000000000000000 x1 : ffff0000c25896c0 x0 : 0000000000000000 Call trace:  add_to_swap+0xbc/0x158  shrink_folio_list+0x12ac/0x2648  shrink_inactive_list+0x318/0x948  shrink_lruvec+0x450/0x720  shrink_node_memcgs+0x280/0x4a8  shrink_node+0x128/0x978  balance_pgdat+0x4f0/0xb20  kswapd+0x228/0x438  kthread+0x214/0x230  ret_from_fork+0x10/0x20  I can reproduce this issue with the following steps:  1) When a dirty swapcache page is isolated by reclaim process and the    page isn't locked, inject memory failure for the page.     me_swapcache_dirty() clears uptodate flag and tries to delete from lru,    but fails.  Reclaim process will put the hwpoisoned page back to lru.  2) The process that maps the hwpoisoned page exits, the page is deleted    the page will never be freed and will be in the lru forever.  3) If we trigger a reclaim again and tries to reclaim the page,    add_to_swap() will trigger VM_BUG_ON_FOLIO due to the uptodate flag is    cleared.  To fix it, skip the hwpoisoned page in shrink_folio_list().  Besides, the hwpoison folio may not be unmapped by hwpoison_user_mappings() yet, unmap it in shrink_folio_list(), otherwise the folio will fail to be unmaped by hwpoison_user_mappings() since the folio isn't in lru list.	https://nvd.nist.gov/vuln/detail/CVE-2025-37834	filtered-vector-low-criticality: LOCAL scorev3<7
CVE-2025-37856	5.5	LOCAL	yes	In the Linux kernel, the following vulnerability has been resolved:  btrfs: harden block_group::bg_list against list_del() races  As far as I can tell, these calls of list_del_init() on bg_list cannot run concurrently with btrfs_mark_bg_unused() or btrfs_mark_bg_to_reclaim(), as they are in transaction error paths and situations where the block group is readonly.  However, if there is any chance at all of racing with mark_bg_unused(), or a different future user of bg_list, better to be safe than sorry.  Otherwise we risk the following interleaving (bg_list refcount in parens)  T1 (some random op)                       T2 (btrfs_mark_bg_unused)                                         !list_empty(&bg->bg_list); (1) list_del_init(&bg->bg_list); (1)                                         list_move_tail (1) btrfs_put_block_group (0)                                         btrfs_delete_unused_bgs                                              bg = list_first_entry                                              list_del_init(&bg->bg_list);                                              btrfs_put_block_group(bg); (-1)  Ultimately, this results in a broken ref count that hits zero one deref early and the real final deref underflows the refcount, resulting in a WARNING.	https://nvd.nist.gov/vuln/detail/CVE-2025-37856	filtered-vector-low-criticality: LOCAL scorev3<7
CVE-2025-37860	5.5	LOCAL	yes	In the Linux kernel, the following vulnerability has been resolved:  sfc: fix NULL dereferences in ef100_process_design_param()  Since cited commit, ef100_probe_main() and hence also  ef100_check_design_params() run before efx->net_dev is created;  consequently, we cannot netif_set_tso_max_size() or _segs() at this  point. Move those netif calls to ef100_probe_netdev(), and also replace  netif_err within the design params code with pci_err.	https://nvd.nist.gov/vuln/detail/CVE-2025-37860	filtered-vector-low-criticality: LOCAL scorev3<7
CVE-2025-37870	5.5	LOCAL	yes	In the Linux kernel, the following vulnerability has been resolved:  drm/amd/display: prevent hang on link training fail  [Why] When link training fails, the phy clock will be disabled. However, in enable_streams, it is assumed that link training succeeded and the mux selects the phy clock, causing a hang when a register write is made.  [How] When enable_stream is hit, check if link training failed. If it did, fall back to the ref clock to avoid a hang and keep the system in a recoverable state.	https://nvd.nist.gov/vuln/detail/CVE-2025-37870	filtered-vector-low-criticality: LOCAL scorev3<7
CVE-2025-37877	5.5	LOCAL	yes	In the Linux kernel, the following vulnerability has been resolved:  iommu: Clear iommu-dma ops on cleanup  If iommu_device_register() encounters an error, it can end up tearing down already-configured groups and default domains, however this currently still leaves devices hooked up to iommu-dma (and even historically the behaviour in this area was at best inconsistent across architectures/drivers...) Although in the case that an IOMMU is present whose driver has failed to probe, users cannot necessarily expect DMA to work anyway, it's still arguable that we should do our best to put things back as if the IOMMU driver was never there at all, and certainly the potential for crashing in iommu-dma itself is undesirable. Make sure we clean up the dev->dma_iommu flag along with everything else.	https://nvd.nist.gov/vuln/detail/CVE-2025-37877	filtered-vector-low-criticality: LOCAL scorev3<7
CVE-2025-37880	5.5	LOCAL	yes	In the Linux kernel, the following vulnerability has been resolved:  um: work around sched_yield not yielding in time-travel mode  sched_yield by a userspace may not actually cause scheduling in time-travel mode as no time has passed. In the case seen it appears to be a badly implemented userspace spinlock in ASAN. Unfortunately, with time-travel it causes an extreme slowdown or even deadlock depending on the kernel configuration (CONFIG_UML_MAX_USERSPACE_ITERATIONS).  Work around it by accounting time to the process whenever it executes a sched_yield syscall.	https://nvd.nist.gov/vuln/detail/CVE-2025-37880	filtered-vector-low-criticality: LOCAL scorev3<7
CVE-2025-37899	7.8	LOCAL	yes	In the Linux kernel, the following vulnerability has been resolved:  ksmbd: fix use-after-free in session logoff  The sess->user object can currently be in use by another thread, for example if another connection has sent a session setup request to bind to the session being free'd. The handler for that connection could be in the smb2_sess_setup function which makes use of sess->user.	https://nvd.nist.gov/vuln/detail/CVE-2025-37899	not-applicable-config: ksmbd/SMB server disabled (CONFIG_SMB_SERVER disabled)
CVE-2025-37907	5.5	LOCAL	yes	In the Linux kernel, the following vulnerability has been resolved:  accel/ivpu: Fix locking order in ivpu_job_submit  Fix deadlock in job submission and abort handling. When a thread aborts currently executing jobs due to a fault, it first locks the global lock protecting submitted_jobs (#1).  After the last job is destroyed, it proceeds to release the related context and locks file_priv (#2). Meanwhile, in the job submission thread, the file_priv lock (#2) is taken first, and then the submitted_jobs lock (#1) is obtained when a job is added to the submitted jobs list.         CPU0                            CPU1        ----                    	       ----   (for example due to a fault)         (jobs submissions keep coming)    lock(&vdev->submitted_jobs_lock) #1   ivpu_jobs_abort_all()   job_destroy()                                       lock(&file_priv->lock)           #2                                       lock(&vdev->submitted_jobs_lock) #1   file_priv_release()   lock(&vdev->context_list_lock)   lock(&file_priv->lock)           #2  This order of locking causes a deadlock. To resolve this issue, change the order of locking in ivpu_job_submit().	https://nvd.nist.gov/vuln/detail/CVE-2025-37907	filtered-vector-low-criticality: LOCAL scorev3<7
CVE-2025-37920	4.7	LOCAL	yes	In the Linux kernel, the following vulnerability has been resolved:  xsk: Fix race condition in AF_XDP generic RX path  Move rx_lock from xsk_socket to xsk_buff_pool. Fix synchronization for shared umem mode in generic RX path where multiple sockets share single xsk_buff_pool.  RX queue is exclusive to xsk_socket, while FILL queue can be shared between multiple sockets. This could result in race condition where two CPU cores access RX path of two different sockets sharing the same umem.  Protect both queues by acquiring spinlock in shared xsk_buff_pool.  Lock contention may be minimized in the future by some per-thread FQ buffering.  It's safe and necessary to move spin_lock_bh(rx_lock) after xsk_rcv_check(): * xs->pool and spinlock_init is synchronized by   xsk_bind() -> xsk_is_bound() memory barriers. * xsk_rcv_check() may return true at the moment   of xsk_release() or xsk_unbind_dev(),   however this will not cause any data races or   race conditions. xsk_unbind_dev() removes xdp   socket from all maps and waits for completion   of all outstanding rx operations. Packets in   RX path will either complete safely or drop.	https://nvd.nist.gov/vuln/detail/CVE-2025-37920	filtered-vector-low-criticality: LOCAL scorev3<7
CVE-2025-37926	7.8	LOCAL	yes	In the Linux kernel, the following vulnerability has been resolved:  ksmbd: fix use-after-free in ksmbd_session_rpc_open  A UAF issue can occur due to a race condition between ksmbd_session_rpc_open() and __session_rpc_close(). Add rpc_lock to the session to protect it.	https://nvd.nist.gov/vuln/detail/CVE-2025-37926	not-applicable-config: ksmbd/SMB server disabled (CONFIG_SMB_SERVER disabled)
CVE-2025-37945	5.5	LOCAL	yes	In the Linux kernel, the following vulnerability has been resolved:  net: phy: allow MDIO bus PM ops to start/stop state machine for phylink-controlled PHY  DSA has 2 kinds of drivers:  1. Those who call dsa_switch_suspend() and dsa_switch_resume() from    their device PM ops: qca8k-8xxx, bcm_sf2, microchip ksz 2. Those who don't: all others. The above methods should be optional.  For type 1, dsa_switch_suspend() calls dsa_user_suspend() -> phylink_stop(), and dsa_switch_resume() calls dsa_user_resume() -> phylink_start(). These seem good candidates for setting mac_managed_pm = true because that is essentially its definition [1], but that does not seem to be the biggest problem for now, and is not what this change focuses on.  Talking strictly about the 2nd category of DSA drivers here (which do not have MAC managed PM, meaning that for their attached PHYs, mdio_bus_phy_suspend() and mdio_bus_phy_resume() should run in full), I have noticed that the following warning from mdio_bus_phy_resume() is triggered:  	WARN_ON(phydev->state != PHY_HALTED && phydev->state != PHY_READY && 		phydev->state != PHY_UP);  because the PHY state machine is running.  It's running as a result of a previous dsa_user_open() -> ... -> phylink_start() -> phy_start() having been initiated by the user.  The previous mdio_bus_phy_suspend() was supposed to have called phy_stop_machine(), but it didn't. So this is why the PHY is in state PHY_NOLINK by the time mdio_bus_phy_resume() runs.  mdio_bus_phy_suspend() did not call phy_stop_machine() because for phylink, the phydev->adjust_link function pointer is NULL. This seems a technicality introduced by commit fddd91016d16 ("phylib: fix PAL state machine restart on resume"). That commit was written before phylink existed, and was intended to avoid crashing with consumer drivers which don't use the PHY state machine - phylink always does, when using a PHY. But phylink itself has historically not been developed with suspend/resume in mind, and apparently not tested too much in that scenario, allowing this bug to exist unnoticed for so long. Plus, prior to the WARN_ON(), it would have likely been invisible.  This issue is not in fact restricted to type 2 DSA drivers (according to the above ad-hoc classification), but can be extrapolated to any MAC driver with phylink and MDIO-bus-managed PHY PM ops. DSA is just where the issue was reported. Assuming mac_managed_pm is set correctly, a quick search indicates the following other drivers might be affected:  $ grep -Zlr PHYLINK_NETDEV drivers/ | xargs -0 grep -L mac_managed_pm drivers/net/ethernet/atheros/ag71xx.c drivers/net/ethernet/microchip/sparx5/sparx5_main.c drivers/net/ethernet/microchip/lan966x/lan966x_main.c drivers/net/ethernet/freescale/dpaa2/dpaa2-mac.c drivers/net/ethernet/freescale/fs_enet/fs_enet-main.c drivers/net/ethernet/freescale/dpaa/dpaa_eth.c drivers/net/ethernet/freescale/ucc_geth.c drivers/net/ethernet/freescale/enetc/enetc_pf_common.c drivers/net/ethernet/marvell/mvpp2/mvpp2_main.c drivers/net/ethernet/marvell/mvneta.c drivers/net/ethernet/marvell/prestera/prestera_main.c drivers/net/ethernet/mediatek/mtk_eth_soc.c drivers/net/ethernet/altera/altera_tse_main.c drivers/net/ethernet/wangxun/txgbe/txgbe_phy.c drivers/net/ethernet/meta/fbnic/fbnic_phylink.c drivers/net/ethernet/tehuti/tn40_phy.c drivers/net/ethernet/mscc/ocelot_net.c  Make the existing conditions dependent on the PHY device having a phydev->phy_link_change() implementation equal to the default phy_link_change() provided by phylib. Otherwise, we implicitly know that the phydev has the phylink-provided phylink_phy_change() callback, and when phylink is used, the PHY state machine always needs to be stopped/ started on the suspend/resume path. The code is structured as such that if phydev->phy_link_change() is absent, it is a matter of time until the kernel will crash - no need to further complicate the test.  Thus, for the situation where the PM is not managed b ---truncated---	https://nvd.nist.gov/vuln/detail/CVE-2025-37945	filtered-vector-low-criticality: LOCAL scorev3<7
CVE-2025-37977	5.5	LOCAL	yes	In the Linux kernel, the following vulnerability has been resolved:  scsi: ufs: exynos: Disable iocc if dma-coherent property isn't set  If dma-coherent property isn't set then descriptors are non-cacheable and the iocc shareability bits should be disabled. Without this UFS can end up in an incompatible configuration and suffer from random cache related stability issues.	https://nvd.nist.gov/vuln/detail/CVE-2025-37977	filtered-vector-low-criticality: LOCAL scorev3<7
CVE-2025-38011	5.5	LOCAL	yes	In the Linux kernel, the following vulnerability has been resolved:  drm/amdgpu: csa unmap use uninterruptible lock  After process exit to unmap csa and free GPU vm, if signal is accepted and then waiting to take vm lock is interrupted and return, it causes memory leaking and below warning backtrace.  Change to use uninterruptible wait lock fix the issue.  WARNING: CPU: 69 PID: 167800 at amd/amdgpu/amdgpu_kms.c:1525  amdgpu_driver_postclose_kms+0x294/0x2a0 [amdgpu]  Call Trace:   <TASK>   drm_file_free.part.0+0x1da/0x230 [drm]   drm_close_helper.isra.0+0x65/0x70 [drm]   drm_release+0x6a/0x120 [drm]   amdgpu_drm_release+0x51/0x60 [amdgpu]   __fput+0x9f/0x280   ____fput+0xe/0x20   task_work_run+0x67/0xa0   do_exit+0x217/0x3c0   do_group_exit+0x3b/0xb0   get_signal+0x14a/0x8d0   arch_do_signal_or_restart+0xde/0x100   exit_to_user_mode_loop+0xc1/0x1a0   exit_to_user_mode_prepare+0xf4/0x100   syscall_exit_to_user_mode+0x17/0x40   do_syscall_64+0x69/0xc0  (cherry picked from commit 7dbbfb3c171a6f63b01165958629c9c26abf38ab)	https://nvd.nist.gov/vuln/detail/CVE-2025-38011	filtered-vector-low-criticality: LOCAL scorev3<7
CVE-2025-38029	5.5	LOCAL	yes	In the Linux kernel, the following vulnerability has been resolved:  kasan: avoid sleepable page allocation from atomic context  apply_to_pte_range() enters the lazy MMU mode and then invokes kasan_populate_vmalloc_pte() callback on each page table walk iteration.  However, the callback can go into sleep when trying to allocate a single page, e.g.  if an architecutre disables preemption on lazy MMU mode enter.  On s390 if make arch_enter_lazy_mmu_mode() -> preempt_enable() and arch_leave_lazy_mmu_mode() -> preempt_disable(), such crash occurs:  [    0.663336] BUG: sleeping function called from invalid context at ./include/linux/sched/mm.h:321 [    0.663348] in_atomic(): 1, irqs_disabled(): 0, non_block: 0, pid: 2, name: kthreadd [    0.663358] preempt_count: 1, expected: 0 [    0.663366] RCU nest depth: 0, expected: 0 [    0.663375] no locks held by kthreadd/2. [    0.663383] Preemption disabled at: [    0.663386] [<0002f3284cbb4eda>] apply_to_pte_range+0xfa/0x4a0 [    0.663405] CPU: 0 UID: 0 PID: 2 Comm: kthreadd Not tainted 6.15.0-rc5-gcc-kasan-00043-gd76bb1ebb558-dirty #162 PREEMPT [    0.663408] Hardware name: IBM 3931 A01 701 (KVM/Linux) [    0.663409] Call Trace: [    0.663410]  [<0002f3284c385f58>] dump_stack_lvl+0xe8/0x140 [    0.663413]  [<0002f3284c507b9e>] __might_resched+0x66e/0x700 [    0.663415]  [<0002f3284cc4f6c0>] __alloc_frozen_pages_noprof+0x370/0x4b0 [    0.663419]  [<0002f3284ccc73c0>] alloc_pages_mpol+0x1a0/0x4a0 [    0.663421]  [<0002f3284ccc8518>] alloc_frozen_pages_noprof+0x88/0xc0 [    0.663424]  [<0002f3284ccc8572>] alloc_pages_noprof+0x22/0x120 [    0.663427]  [<0002f3284cc341ac>] get_free_pages_noprof+0x2c/0xc0 [    0.663429]  [<0002f3284cceba70>] kasan_populate_vmalloc_pte+0x50/0x120 [    0.663433]  [<0002f3284cbb4ef8>] apply_to_pte_range+0x118/0x4a0 [    0.663435]  [<0002f3284cbc7c14>] apply_to_pmd_range+0x194/0x3e0 [    0.663437]  [<0002f3284cbc99be>] __apply_to_page_range+0x2fe/0x7a0 [    0.663440]  [<0002f3284cbc9e88>] apply_to_page_range+0x28/0x40 [    0.663442]  [<0002f3284ccebf12>] kasan_populate_vmalloc+0x82/0xa0 [    0.663445]  [<0002f3284cc1578c>] alloc_vmap_area+0x34c/0xc10 [    0.663448]  [<0002f3284cc1c2a6>] __get_vm_area_node+0x186/0x2a0 [    0.663451]  [<0002f3284cc1e696>] __vmalloc_node_range_noprof+0x116/0x310 [    0.663454]  [<0002f3284cc1d950>] __vmalloc_node_noprof+0xd0/0x110 [    0.663457]  [<0002f3284c454b88>] alloc_thread_stack_node+0xf8/0x330 [    0.663460]  [<0002f3284c458d56>] dup_task_struct+0x66/0x4d0 [    0.663463]  [<0002f3284c45be90>] copy_process+0x280/0x4b90 [    0.663465]  [<0002f3284c460940>] kernel_clone+0xd0/0x4b0 [    0.663467]  [<0002f3284c46115e>] kernel_thread+0xbe/0xe0 [    0.663469]  [<0002f3284c4e440e>] kthreadd+0x50e/0x7f0 [    0.663472]  [<0002f3284c38c04a>] __ret_from_fork+0x8a/0xf0 [    0.663475]  [<0002f3284ed57ff2>] ret_from_fork+0xa/0x38  Instead of allocating single pages per-PTE, bulk-allocate the shadow memory prior to applying kasan_populate_vmalloc_pte() callback on a page range.	https://nvd.nist.gov/vuln/detail/CVE-2025-38029	filtered-vector-low-criticality: LOCAL scorev3<7
CVE-2025-38038	5.5	LOCAL	yes	In the Linux kernel, the following vulnerability has been resolved:  cpufreq: amd-pstate: Remove unnecessary driver_lock in set_boost  set_boost is a per-policy function call, hence a driver wide lock is unnecessary. Also this mutex_acquire can collide with the mutex_acquire from the mode-switch path in status_store(), which can lead to a deadlock. So, remove it.	https://nvd.nist.gov/vuln/detail/CVE-2025-38038	filtered-vector-low-criticality: LOCAL scorev3<7
CVE-2025-38041	5.5	LOCAL	yes	In the Linux kernel, the following vulnerability has been resolved:  clk: sunxi-ng: h616: Reparent GPU clock during frequency changes  The H616 manual does not state that the GPU PLL supports dynamic frequency configuration, so we must take extra care when changing the frequency. Currently any attempt to do device DVFS on the GPU lead to panfrost various ooops, and GPU hangs.  The manual describes the algorithm for changing the PLL frequency, which the CPU PLL notifier code already support, so we reuse that to reparent the GPU clock to GPU1 clock during frequency changes.	https://nvd.nist.gov/vuln/detail/CVE-2025-38041	filtered-vector-low-criticality: LOCAL scorev3<7
CVE-2025-38042	5.5	LOCAL	yes	In the Linux kernel, the following vulnerability has been resolved:  dmaengine: ti: k3-udma-glue: Drop skip_fdq argument from k3_udma_glue_reset_rx_chn  The user of k3_udma_glue_reset_rx_chn() e.g. ti_am65_cpsw_nuss can run on multiple platforms having different DMA architectures. On some platforms there can be one FDQ for all flows in the RX channel while for others there is a separate FDQ for each flow in the RX channel.  So far we have been relying on the skip_fdq argument of k3_udma_glue_reset_rx_chn().  Instead of relying on the user to provide this information, infer it based on DMA architecture during k3_udma_glue_request_rx_chn() and save it in an internal flag 'single_fdq'. Use that flag at k3_udma_glue_reset_rx_chn() to deicide if the FDQ needs to be cleared for every flow or just for flow 0.  Fixes the below issue on ti_am65_cpsw_nuss driver on AM62-SK.  > ip link set eth1 down > ip link set eth0 down > ethtool -L eth0 rx 8 > ip link set eth0 up > modprobe -r ti_am65_cpsw_nuss  [  103.045726] ------------[ cut here ]------------ [  103.050505] k3_knav_desc_pool size 512000 != avail 64000 [  103.050703] WARNING: CPU: 1 PID: 450 at drivers/net/ethernet/ti/k3-cppi-desc-pool.c:33 k3_cppi_desc_pool_destroy+0xa0/0xa8 [k3_cppi_desc_pool] [  103.068810] Modules linked in: ti_am65_cpsw_nuss(-) k3_cppi_desc_pool snd_soc_hdmi_codec crct10dif_ce snd_soc_simple_card snd_soc_simple_card_utils display_connector rtc_ti_k3 k3_j72xx_bandgap tidss drm_client_lib snd_soc_davinci_mcas p drm_dma_helper tps6598x phylink snd_soc_ti_udma rti_wdt drm_display_helper snd_soc_tlv320aic3x_i2c typec at24 phy_gmii_sel snd_soc_ti_edma snd_soc_tlv320aic3x sii902x snd_soc_ti_sdma sa2ul omap_mailbox drm_kms_helper authenc cfg80211 r fkill fuse drm drm_panel_orientation_quirks backlight ip_tables x_tables ipv6 [last unloaded: k3_cppi_desc_pool] [  103.119950] CPU: 1 UID: 0 PID: 450 Comm: modprobe Not tainted 6.13.0-rc7-00001-g9c5e3435fa66 #1011 [  103.119968] Hardware name: Texas Instruments AM625 SK (DT) [  103.119974] pstate: 80000005 (Nzcv daif -PAN -UAO -TCO -DIT -SSBS BTYPE=--) [  103.119983] pc : k3_cppi_desc_pool_destroy+0xa0/0xa8 [k3_cppi_desc_pool] [  103.148007] lr : k3_cppi_desc_pool_destroy+0xa0/0xa8 [k3_cppi_desc_pool] [  103.154709] sp : ffff8000826ebbc0 [  103.158015] x29: ffff8000826ebbc0 x28: ffff0000090b6300 x27: 0000000000000000 [  103.165145] x26: 0000000000000000 x25: 0000000000000000 x24: ffff0000019df6b0 [  103.172271] x23: ffff0000019df6b8 x22: ffff0000019df410 x21: ffff8000826ebc88 [  103.179397] x20: 000000000007d000 x19: ffff00000a3b3000 x18: 0000000000000000 [  103.186522] x17: 0000000000000000 x16: 0000000000000000 x15: 000001e8c35e1cde [  103.193647] x14: 0000000000000396 x13: 000000000000035c x12: 0000000000000000 [  103.200772] x11: 000000000000003a x10: 00000000000009c0 x9 : ffff8000826eba20 [  103.207897] x8 : ffff0000090b6d20 x7 : ffff00007728c180 x6 : ffff00007728c100 [  103.215022] x5 : 0000000000000001 x4 : ffff000000508a50 x3 : ffff7ffff6146000 [  103.222147] x2 : 0000000000000000 x1 : e300b4173ee6b200 x0 : 0000000000000000 [  103.229274] Call trace: [  103.231714]  k3_cppi_desc_pool_destroy+0xa0/0xa8 [k3_cppi_desc_pool] (P) [  103.238408]  am65_cpsw_nuss_free_rx_chns+0x28/0x4c [ti_am65_cpsw_nuss] [  103.244942]  devm_action_release+0x14/0x20 [  103.249040]  release_nodes+0x3c/0x68 [  103.252610]  devres_release_all+0x8c/0xdc [  103.256614]  device_unbind_cleanup+0x18/0x60 [  103.260876]  device_release_driver_internal+0xf8/0x178 [  103.266004]  driver_detach+0x50/0x9c [  103.269571]  bus_remove_driver+0x6c/0xbc [  103.273485]  driver_unregister+0x30/0x60 [  103.277401]  platform_driver_unregister+0x14/0x20 [  103.282096]  am65_cpsw_nuss_driver_exit+0x18/0xff4 [ti_am65_cpsw_nuss] [  103.288620]  __arm64_sys_delete_module+0x17c/0x25c [  103.293404]  invoke_syscall+0x44/0x100 [  103.297149]  el0_svc_common.constprop.0+0xc0/0xe0 [  103.301845]  do_el0_svc+0x1c/0x28 [  103.305155]  el0_svc+0x28/0x98 ---truncated---	https://nvd.nist.gov/vuln/detail/CVE-2025-38042	filtered-vector-low-criticality: LOCAL scorev3<7
CVE-2025-38057	5.5	LOCAL	yes	In the Linux kernel, the following vulnerability has been resolved:  espintcp: fix skb leaks  A few error paths are missing a kfree_skb.	https://nvd.nist.gov/vuln/detail/CVE-2025-38057	filtered-vector-low-criticality: LOCAL scorev3<7
CVE-2025-38060	5.5	LOCAL	yes	In the Linux kernel, the following vulnerability has been resolved:  bpf: copy_verifier_state() should copy 'loop_entry' field  The bpf_verifier_state.loop_entry state should be copied by copy_verifier_state(). Otherwise, .loop_entry values from unrelated states would poison env->cur_state.  Additionally, env->stack should not contain any states with .loop_entry != NULL. The states in env->stack are yet to be verified, while .loop_entry is set for states that reached an equivalent state. This means that env->cur_state->loop_entry should always be NULL after pop_stack().  See the selftest in the next commit for an example of the program that is not safe yet is accepted by verifier w/o this fix.  This change has some verification performance impact for selftests:  File                                Program                       Insns (A)  Insns (B)  Insns   (DIFF)  States (A)  States (B)  States (DIFF) ----------------------------------  ----------------------------  ---------  ---------  --------------  ----------  ----------  ------------- arena_htab.bpf.o                    arena_htab_llvm                     717        426  -291 (-40.59%)          57          37  -20 (-35.09%) arena_htab_asm.bpf.o                arena_htab_asm                      597        445  -152 (-25.46%)          47          37  -10 (-21.28%) arena_list.bpf.o                    arena_list_del                      309        279    -30 (-9.71%)          23          14   -9 (-39.13%) iters.bpf.o                         iter_subprog_check_stacksafe        155        141    -14 (-9.03%)          15          14    -1 (-6.67%) iters.bpf.o                         iter_subprog_iters                 1094       1003    -91 (-8.32%)          88          83    -5 (-5.68%) iters.bpf.o                         loop_state_deps2                    479        725  +246 (+51.36%)          46          63  +17 (+36.96%) kmem_cache_iter.bpf.o               open_coded_iter                      63         59     -4 (-6.35%)           7           6   -1 (-14.29%) verifier_bits_iter.bpf.o            max_words                            92         84     -8 (-8.70%)           8           7   -1 (-12.50%) verifier_iterating_callbacks.bpf.o  cond_break2                         113        107     -6 (-5.31%)          12          12    +0 (+0.00%)  And significant negative impact for sched_ext:  File               Program                 Insns (A)  Insns (B)  Insns         (DIFF)  States (A)  States (B)  States      (DIFF) -----------------  ----------------------  ---------  ---------  --------------------  ----------  ----------  ------------------ bpf.bpf.o          lavd_init                    7039      14723      +7684 (+109.16%)         490        1139     +649 (+132.45%) bpf.bpf.o          layered_dispatch            11485      10548         -937 (-8.16%)         848         762       -86 (-10.14%) bpf.bpf.o          layered_dump                 7422    1000001  +992579 (+13373.47%)         681       31178  +30497 (+4478.27%) bpf.bpf.o          layered_enqueue             16854      71127     +54273 (+322.02%)        1611        6450    +4839 (+300.37%) bpf.bpf.o          p2dq_dispatch                 665        791        +126 (+18.95%)          68          78       +10 (+14.71%) bpf.bpf.o          p2dq_init                    2343       2980        +637 (+27.19%)         201         237       +36 (+17.91%) bpf.bpf.o          refresh_layer_cpumasks      16487     674760   +658273 (+3992.68%)        1770       65370  +63600 (+3593.22%) bpf.bpf.o          rusty_select_cpu             1937      40872    +38935 (+2010.07%)         177        3210   +3033 (+1713.56%) scx_central.bpf.o  central_dispatch              636       2687      +2051 (+322.48%)          63         227     +164 (+260.32%) scx_nest.bpf.o     nest_init                     636        815        +179 (+28.14%)          60          73       +13 (+21.67%) scx_qmap.bpf.o     qmap_dispatch       ---truncated---	https://nvd.nist.gov/vuln/detail/CVE-2025-38060	filtered-vector-low-criticality: LOCAL scorev3<7
CVE-2025-38064	5.5	LOCAL	yes	In the Linux kernel, the following vulnerability has been resolved:  virtio: break and reset virtio devices on device_shutdown()  Hongyu reported a hang on kexec in a VM. QEMU reported invalid memory accesses during the hang.  	Invalid read at addr 0x102877002, size 2, region '(null)', reason: rejected 	Invalid write at addr 0x102877A44, size 2, region '(null)', reason: rejected 	...  It was traced down to virtio-console. Kexec works fine if virtio-console is not in use.  The issue is that virtio-console continues to write to the MMIO even after underlying virtio-pci device is reset.  Additionally, Eric noticed that IOMMUs are reset before devices, if devices are not reset on shutdown they continue to poke at guest memory and get errors from the IOMMU. Some devices get wedged then.  The problem can be solved by breaking all virtio devices on virtio bus shutdown, then resetting them.	https://nvd.nist.gov/vuln/detail/CVE-2025-38064	filtered-vector-low-criticality: LOCAL scorev3<7
CVE-2025-38096	5.5	LOCAL	yes	In the Linux kernel, the following vulnerability has been resolved:  wifi: iwlwifi: don't warn when if there is a FW error  iwl_trans_reclaim is warning if it is called when the FW is not alive. But if it is called when there is a pending restart, i.e. after a FW error, there is no need to warn, instead - return silently.	https://nvd.nist.gov/vuln/detail/CVE-2025-38096	filtered-vector-low-criticality: LOCAL scorev3<7
CVE-2025-38099	5.5	LOCAL	yes	In the Linux kernel, the following vulnerability has been resolved:  Bluetooth: Disable SCO support if READ_VOICE_SETTING is unsupported/broken  A SCO connection without the proper voice_setting can cause the controller to lock up.	https://nvd.nist.gov/vuln/detail/CVE-2025-38099	filtered-vector-low-criticality: LOCAL scorev3<7
CVE-2025-38104	4.7	LOCAL	yes	In the Linux kernel, the following vulnerability has been resolved:  drm/amdgpu: Replace Mutex with Spinlock for RLCG register access to avoid Priority Inversion in SRIOV  RLCG Register Access is a way for virtual functions to safely access GPU registers in a virtualized environment., including TLB flushes and register reads. When multiple threads or VFs try to access the same registers simultaneously, it can lead to race conditions. By using the RLCG interface, the driver can serialize access to the registers. This means that only one thread can access the registers at a time, preventing conflicts and ensuring that operations are performed correctly. Additionally, when a low-priority task holds a mutex that a high-priority task needs, ie., If a thread holding a spinlock tries to acquire a mutex, it can lead to priority inversion. register access in amdgpu_virt_rlcg_reg_rw especially in a fast code path is critical.  The call stack shows that the function amdgpu_virt_rlcg_reg_rw is being called, which attempts to acquire the mutex. This function is invoked from amdgpu_sriov_wreg, which in turn is called from gmc_v11_0_flush_gpu_tlb.  The [ BUG: Invalid wait context ] indicates that a thread is trying to acquire a mutex while it is in a context that does not allow it to sleep (like holding a spinlock).  Fixes the below:  [  253.013423] ============================= [  253.013434] [ BUG: Invalid wait context ] [  253.013446] 6.12.0-amdstaging-drm-next-lol-050225 #14 Tainted: G     U     OE [  253.013464] ----------------------------- [  253.013475] kworker/0:1/10 is trying to lock: [  253.013487] ffff9f30542e3cf8 (&adev->virt.rlcg_reg_lock){+.+.}-{3:3}, at: amdgpu_virt_rlcg_reg_rw+0xf6/0x330 [amdgpu] [  253.013815] other info that might help us debug this: [  253.013827] context-{4:4} [  253.013835] 3 locks held by kworker/0:1/10: [  253.013847]  #0: ffff9f3040050f58 ((wq_completion)events){+.+.}-{0:0}, at: process_one_work+0x3f5/0x680 [  253.013877]  #1: ffffb789c008be40 ((work_completion)(&wfc.work)){+.+.}-{0:0}, at: process_one_work+0x1d6/0x680 [  253.013905]  #2: ffff9f3054281838 (&adev->gmc.invalidate_lock){+.+.}-{2:2}, at: gmc_v11_0_flush_gpu_tlb+0x198/0x4f0 [amdgpu] [  253.014154] stack backtrace: [  253.014164] CPU: 0 UID: 0 PID: 10 Comm: kworker/0:1 Tainted: G     U     OE      6.12.0-amdstaging-drm-next-lol-050225 #14 [  253.014189] Tainted: [U]=USER, [O]=OOT_MODULE, [E]=UNSIGNED_MODULE [  253.014203] Hardware name: Microsoft Corporation Virtual Machine/Virtual Machine, BIOS Hyper-V UEFI Release v4.1 11/18/2024 [  253.014224] Workqueue: events work_for_cpu_fn [  253.014241] Call Trace: [  253.014250]  <TASK> [  253.014260]  dump_stack_lvl+0x9b/0xf0 [  253.014275]  dump_stack+0x10/0x20 [  253.014287]  __lock_acquire+0xa47/0x2810 [  253.014303]  ? srso_alias_return_thunk+0x5/0xfbef5 [  253.014321]  lock_acquire+0xd1/0x300 [  253.014333]  ? amdgpu_virt_rlcg_reg_rw+0xf6/0x330 [amdgpu] [  253.014562]  ? __lock_acquire+0xa6b/0x2810 [  253.014578]  __mutex_lock+0x85/0xe20 [  253.014591]  ? amdgpu_virt_rlcg_reg_rw+0xf6/0x330 [amdgpu] [  253.014782]  ? sched_clock_noinstr+0x9/0x10 [  253.014795]  ? srso_alias_return_thunk+0x5/0xfbef5 [  253.014808]  ? local_clock_noinstr+0xe/0xc0 [  253.014822]  ? amdgpu_virt_rlcg_reg_rw+0xf6/0x330 [amdgpu] [  253.015012]  ? srso_alias_return_thunk+0x5/0xfbef5 [  253.015029]  mutex_lock_nested+0x1b/0x30 [  253.015044]  ? mutex_lock_nested+0x1b/0x30 [  253.015057]  amdgpu_virt_rlcg_reg_rw+0xf6/0x330 [amdgpu] [  253.015249]  amdgpu_sriov_wreg+0xc5/0xd0 [amdgpu] [  253.015435]  gmc_v11_0_flush_gpu_tlb+0x44b/0x4f0 [amdgpu] [  253.015667]  gfx_v11_0_hw_init+0x499/0x29c0 [amdgpu] [  253.015901]  ? __pfx_smu_v13_0_update_pcie_parameters+0x10/0x10 [amdgpu] [  253.016159]  ? srso_alias_return_thunk+0x5/0xfbef5 [  253.016173]  ? smu_hw_init+0x18d/0x300 [amdgpu] [  253.016403]  amdgpu_device_init+0x29ad/0x36a0 [amdgpu] [  253.016614]  amdgpu_driver_load_kms+0x1a/0xc0 [amdgpu] [  253.0170 ---truncated---	https://nvd.nist.gov/vuln/detail/CVE-2025-38104	filtered-vector-low-criticality: LOCAL scorev3<7
CVE-2025-38125	5.5	LOCAL	yes	In the Linux kernel, the following vulnerability has been resolved:  net: stmmac: make sure that ptp_rate is not 0 before configuring EST  If the ptp_rate recorded earlier in the driver happens to be 0, this bogus value will propagate up to EST configuration, where it will trigger a division by 0.  Prevent this division by 0 by adding the corresponding check and error code.	https://nvd.nist.gov/vuln/detail/CVE-2025-38125	filtered-vector-low-criticality: LOCAL scorev3<7
CVE-2025-38132	5.5	LOCAL	yes	In the Linux kernel, the following vulnerability has been resolved:  coresight: holding cscfg_csdev_lock while removing cscfg from csdev  There'll be possible race scenario for coresight config:  CPU0                                          CPU1 (perf enable)                                 load module                                               cscfg_load_config_sets()                                               activate config. // sysfs                                               (sys_active_cnt == 1) ... cscfg_csdev_enable_active_config()   lock(csdev->cscfg_csdev_lock)                                               deactivate config // sysfs                                               (sys_activec_cnt == 0)                                               cscfg_unload_config_sets()   <iterating config_csdev_list>               cscfg_remove_owned_csdev_configs()   // here load config activate by CPU1   unlock(csdev->cscfg_csdev_lock)  iterating config_csdev_list could be raced with config_csdev_list's entry delete.  To resolve this race , hold csdev->cscfg_csdev_lock() while cscfg_remove_owned_csdev_configs()	https://nvd.nist.gov/vuln/detail/CVE-2025-38132	filtered-vector-low-criticality: LOCAL scorev3<7
CVE-2025-38140	5.5	LOCAL	yes	In the Linux kernel, the following vulnerability has been resolved:  dm: limit swapping tables for devices with zone write plugs  dm_revalidate_zones() only allowed new or previously unzoned devices to call blk_revalidate_disk_zones(). If the device was already zoned, disk->nr_zones would always equal md->nr_zones, so dm_revalidate_zones() returned without doing any work. This would make the zoned settings for the device not match the new table. If the device had zone write plug resources, it could run into errors like bdev_zone_is_seq() reading invalid memory because disk->conv_zones_bitmap was the wrong size.  If the device doesn't have any zone write plug resources, calling blk_revalidate_disk_zones() will always correctly update device.  If blk_revalidate_disk_zones() fails, it can still overwrite or clear the current disk->nr_zones value. In this case, DM must restore the previous value of disk->nr_zones, so that the zoned settings will continue to match the previous value that it fell back to.  If the device already has zone write plug resources, blk_revalidate_disk_zones() will not correctly update them, if it is called for arbitrary zoned device changes.  Since there is not much need for this ability, the easiest solution is to disallow any table reloads that change the zoned settings, for devices that already have zone plug resources.  Specifically, if a device already has zone plug resources allocated, it can only switch to another zoned table that also emulates zone append.  Also, it cannot change the device size or the zone size. A device can switch to an error target.	https://nvd.nist.gov/vuln/detail/CVE-2025-38140	filtered-vector-low-criticality: LOCAL scorev3<7
CVE-2025-38162	5.5	LOCAL	yes	In the Linux kernel, the following vulnerability has been resolved:  netfilter: nft_set_pipapo: prevent overflow in lookup table allocation  When calculating the lookup table size, ensure the following multiplication does not overflow:  - desc->field_len[] maximum value is U8_MAX multiplied by   NFT_PIPAPO_GROUPS_PER_BYTE(f) that can be 2, worst case. - NFT_PIPAPO_BUCKETS(f->bb) is 2^8, worst case. - sizeof(unsigned long), from sizeof(*f->lt), lt in   struct nft_pipapo_field.  Then, use check_mul_overflow() to multiply by bucket size and then use check_add_overflow() to the alignment for avx2 (if needed). Finally, add lt_size_check_overflow() helper and use it to consolidate this.  While at it, replace leftover allocation using the GFP_KERNEL to GFP_KERNEL_ACCOUNT for consistency, in pipapo_resize().	https://nvd.nist.gov/vuln/detail/CVE-2025-38162	filtered-vector-low-criticality: LOCAL scorev3<7
CVE-2025-38164	5.5	LOCAL	yes	In the Linux kernel, the following vulnerability has been resolved:  f2fs: zone: fix to avoid inconsistence in between SIT and SSA  w/ below testcase, it will cause inconsistence in between SIT and SSA.  create_null_blk 512 2 1024 1024 mkfs.f2fs -m /dev/nullb0 mount /dev/nullb0 /mnt/f2fs/ touch /mnt/f2fs/file f2fs_io pinfile set /mnt/f2fs/file fallocate -l 4GiB /mnt/f2fs/file  F2FS-fs (nullb0): Inconsistent segment (0) type [1, 0] in SSA and SIT CPU: 5 UID: 0 PID: 2398 Comm: fallocate Tainted: G           O       6.13.0-rc1 #84 Tainted: [O]=OOT_MODULE Hardware name: innotek GmbH VirtualBox/VirtualBox, BIOS VirtualBox 12/01/2006 Call Trace:  <TASK>  dump_stack_lvl+0xb3/0xd0  dump_stack+0x14/0x20  f2fs_handle_critical_error+0x18c/0x220 [f2fs]  f2fs_stop_checkpoint+0x38/0x50 [f2fs]  do_garbage_collect+0x674/0x6e0 [f2fs]  f2fs_gc_range+0x12b/0x230 [f2fs]  f2fs_allocate_pinning_section+0x5c/0x150 [f2fs]  f2fs_expand_inode_data+0x1cc/0x3c0 [f2fs]  f2fs_fallocate+0x3c3/0x410 [f2fs]  vfs_fallocate+0x15f/0x4b0  __x64_sys_fallocate+0x4a/0x80  x64_sys_call+0x15e8/0x1b80  do_syscall_64+0x68/0x130  entry_SYSCALL_64_after_hwframe+0x67/0x6f RIP: 0033:0x7f9dba5197ca F2FS-fs (nullb0): Stopped filesystem due to reason: 4  The reason is f2fs_gc_range() may try to migrate block in curseg, however, its SSA block is not uptodate due to the last summary block data is still in cache of curseg.  In this patch, we add a condition in f2fs_gc_range() to check whether section is opened or not, and skip block migration for opened section.	https://nvd.nist.gov/vuln/detail/CVE-2025-38164	not-applicable-config: F2FS disabled (CONFIG_F2FS_FS disabled)
CVE-2025-38189	5.5	LOCAL	yes	In the Linux kernel, the following vulnerability has been resolved:  drm/v3d: Avoid NULL pointer dereference in `v3d_job_update_stats()`  The following kernel Oops was recently reported by Mesa CI:  [  800.139824] Unable to handle kernel NULL pointer dereference at virtual address 0000000000000588 [  800.148619] Mem abort info: [  800.151402]   ESR = 0x0000000096000005 [  800.155141]   EC = 0x25: DABT (current EL), IL = 32 bits [  800.160444]   SET = 0, FnV = 0 [  800.163488]   EA = 0, S1PTW = 0 [  800.166619]   FSC = 0x05: level 1 translation fault [  800.171487] Data abort info: [  800.174357]   ISV = 0, ISS = 0x00000005, ISS2 = 0x00000000 [  800.179832]   CM = 0, WnR = 0, TnD = 0, TagAccess = 0 [  800.184873]   GCS = 0, Overlay = 0, DirtyBit = 0, Xs = 0 [  800.190176] user pgtable: 4k pages, 39-bit VAs, pgdp=00000001014c2000 [  800.196607] [0000000000000588] pgd=0000000000000000, p4d=0000000000000000, pud=0000000000000000 [  800.205305] Internal error: Oops: 0000000096000005 [#1] PREEMPT SMP [  800.211564] Modules linked in: vc4 snd_soc_hdmi_codec drm_display_helper v3d cec gpu_sched drm_dma_helper drm_shmem_helper drm_kms_helper drm drm_panel_orientation_quirks snd_soc_core snd_compress snd_pcm_dmaengine snd_pcm i2c_brcmstb snd_timer snd backlight [  800.234448] CPU: 0 UID: 0 PID: 0 Comm: swapper/0 Not tainted 6.12.25+rpt-rpi-v8 #1  Debian 1:6.12.25-1+rpt1 [  800.244182] Hardware name: Raspberry Pi 4 Model B Rev 1.4 (DT) [  800.250005] pstate: 600000c5 (nZCv daIF -PAN -UAO -TCO -DIT -SSBS BTYPE=--) [  800.256959] pc : v3d_job_update_stats+0x60/0x130 [v3d] [  800.262112] lr : v3d_job_update_stats+0x48/0x130 [v3d] [  800.267251] sp : ffffffc080003e60 [  800.270555] x29: ffffffc080003e60 x28: ffffffd842784980 x27: 0224012000000000 [  800.277687] x26: ffffffd84277f630 x25: ffffff81012fd800 x24: 0000000000000020 [  800.284818] x23: ffffff8040238b08 x22: 0000000000000570 x21: 0000000000000158 [  800.291948] x20: 0000000000000000 x19: ffffff8040238000 x18: 0000000000000000 [  800.299078] x17: ffffffa8c1bd2000 x16: ffffffc080000000 x15: 0000000000000000 [  800.306208] x14: 0000000000000000 x13: 0000000000000000 x12: 0000000000000000 [  800.313338] x11: 0000000000000040 x10: 0000000000001a40 x9 : ffffffd83b39757c [  800.320468] x8 : ffffffd842786420 x7 : 7fffffffffffffff x6 : 0000000000ef32b0 [  800.327598] x5 : 00ffffffffffffff x4 : 0000000000000015 x3 : ffffffd842784980 [  800.334728] x2 : 0000000000000004 x1 : 0000000000010002 x0 : 000000ba4c0ca382 [  800.341859] Call trace: [  800.344294]  v3d_job_update_stats+0x60/0x130 [v3d] [  800.349086]  v3d_irq+0x124/0x2e0 [v3d] [  800.352835]  __handle_irq_event_percpu+0x58/0x218 [  800.357539]  handle_irq_event+0x54/0xb8 [  800.361369]  handle_fasteoi_irq+0xac/0x240 [  800.365458]  handle_irq_desc+0x48/0x68 [  800.369200]  generic_handle_domain_irq+0x24/0x38 [  800.373810]  gic_handle_irq+0x48/0xd8 [  800.377464]  call_on_irq_stack+0x24/0x58 [  800.381379]  do_interrupt_handler+0x88/0x98 [  800.385554]  el1_interrupt+0x34/0x68 [  800.389123]  el1h_64_irq_handler+0x18/0x28 [  800.393211]  el1h_64_irq+0x64/0x68 [  800.396603]  default_idle_call+0x3c/0x168 [  800.400606]  do_idle+0x1fc/0x230 [  800.403827]  cpu_startup_entry+0x40/0x50 [  800.407742]  rest_init+0xe4/0xf0 [  800.410962]  start_kernel+0x5e8/0x790 [  800.414616]  __primary_switched+0x80/0x90 [  800.418622] Code: 8b170277 8b160296 11000421 b9000861 (b9401ac1) [  800.424707] ---[ end trace 0000000000000000 ]--- [  800.457313] ---[ end Kernel panic - not syncing: Oops: Fatal exception in interrupt ]---  This issue happens when the file descriptor is closed before the jobs submitted by it are completed. When the job completes, we update the global GPU stats and the per-fd GPU stats, which are exposed through fdinfo. If the file descriptor was closed, then the struct `v3d_file_priv` and its stats were already freed and we can't update the per-fd stats.  Therefore, if the file descriptor was already closed, don't u ---truncated---	https://nvd.nist.gov/vuln/detail/CVE-2025-38189	filtered-vector-low-criticality: LOCAL scorev3<7
CVE-2025-38199	5.5	LOCAL	yes	In the Linux kernel, the following vulnerability has been resolved:  wifi: ath12k: Fix memory leak due to multiple rx_stats allocation  rx_stats for each arsta is allocated when adding a station. arsta->rx_stats will be freed when a station is removed.  Redundant allocations are occurring when the same station is added multiple times. This causes ath12k_mac_station_add() to be called multiple times, and rx_stats is allocated each time. As a result there is memory leaks.  Prevent multiple allocations of rx_stats when ath12k_mac_station_add() is called repeatedly by checking if rx_stats is already allocated before allocating again. Allocate arsta->rx_stats if arsta->rx_stats is NULL respectively.  Tested-on: QCN9274 hw2.0 PCI WLAN.WBE.1.3.1-00173-QCAHKSWPL_SILICONZ-1 Tested-on: WCN7850 hw2.0 PCI WLAN.HMT.1.0.c5-00481-QCAHMTSWPL_V1.0_V2.0_SILICONZ-3	https://nvd.nist.gov/vuln/detail/CVE-2025-38199	filtered-vector-low-criticality: LOCAL scorev3<7
CVE-2025-38203	5.5	LOCAL	yes	In the Linux kernel, the following vulnerability has been resolved:  jfs: Fix null-ptr-deref in jfs_ioc_trim  [ Syzkaller Report ]  Oops: general protection fault, probably for non-canonical address 0xdffffc0000000087: 0000 [#1 KASAN: null-ptr-deref in range [0x0000000000000438-0x000000000000043f] CPU: 2 UID: 0 PID: 10614 Comm: syz-executor.0 Not tainted 6.13.0-rc6-gfbfd64d25c7a-dirty #1 Hardware name: QEMU Standard PC (i440FX + PIIX, 1996), BIOS 1.15.0-1 04/01/2014 Sched_ext: serialise (enabled+all), task: runnable_at=-30ms RIP: 0010:jfs_ioc_trim+0x34b/0x8f0 Code: e7 e8 59 a4 87 fe 4d 8b 24 24 4d 8d bc 24 38 04 00 00 48 8d 93 90 82 fe ff 4c 89 ff 31 f6 RSP: 0018:ffffc900055f7cd0 EFLAGS: 00010206 RAX: 0000000000000087 RBX: 00005866a9e67ff8 RCX: 000000000000000a RDX: 0000000000000001 RSI: 0000000000000004 RDI: 0000000000000001 RBP: dffffc0000000000 R08: ffff88807c180003 R09: 1ffff1100f830000 R10: dffffc0000000000 R11: ffffed100f830001 R12: 0000000000000000 R13: 0000000000000000 R14: 0000000000000001 R15: 0000000000000438 FS:  00007fe520225640(0000) GS:ffff8880b7e80000(0000) knlGS:0000000000000000 CS:  0010 DS: 0000 ES: 0000 CR0: 0000000080050033 CR2: 00005593c91b2c88 CR3: 000000014927c000 CR4: 00000000000006f0 DR0: 0000000000000000 DR1: 0000000000000000 DR2: 0000000000000000 DR3: 0000000000000000 DR6: 00000000fffe0ff0 DR7: 0000000000000400 Call Trace: <TASK> ? __die_body+0x61/0xb0 ? die_addr+0xb1/0xe0 ? exc_general_protection+0x333/0x510 ? asm_exc_general_protection+0x26/0x30 ? jfs_ioc_trim+0x34b/0x8f0 jfs_ioctl+0x3c8/0x4f0 ? __pfx_jfs_ioctl+0x10/0x10 ? __pfx_jfs_ioctl+0x10/0x10 __se_sys_ioctl+0x269/0x350 ? __pfx___se_sys_ioctl+0x10/0x10 ? do_syscall_64+0xfb/0x210 do_syscall_64+0xee/0x210 ? syscall_exit_to_user_mode+0x1e0/0x330 entry_SYSCALL_64_after_hwframe+0x77/0x7f RIP: 0033:0x7fe51f4903ad Code: c3 e8 a7 2b 00 00 0f 1f 80 00 00 00 00 f3 0f 1e fa 48 89 f8 48 89 f7 48 89 d6 48 89 ca 4d RSP: 002b:00007fe5202250c8 EFLAGS: 00000246 ORIG_RAX: 0000000000000010 RAX: ffffffffffffffda RBX: 00007fe51f5cbf80 RCX: 00007fe51f4903ad RDX: 0000000020000680 RSI: 00000000c0185879 RDI: 0000000000000005 RBP: 0000000000000000 R08: 0000000000000000 R09: 0000000000000000 R10: 0000000000000000 R11: 0000000000000246 R12: 00007fe520225640 R13: 000000000000000e R14: 00007fe51f44fca0 R15: 00007fe52021d000 </TASK> Modules linked in: ---[ end trace 0000000000000000 ]--- RIP: 0010:jfs_ioc_trim+0x34b/0x8f0 Code: e7 e8 59 a4 87 fe 4d 8b 24 24 4d 8d bc 24 38 04 00 00 48 8d 93 90 82 fe ff 4c 89 ff 31 f6 RSP: 0018:ffffc900055f7cd0 EFLAGS: 00010206 RAX: 0000000000000087 RBX: 00005866a9e67ff8 RCX: 000000000000000a RDX: 0000000000000001 RSI: 0000000000000004 RDI: 0000000000000001 RBP: dffffc0000000000 R08: ffff88807c180003 R09: 1ffff1100f830000 R10: dffffc0000000000 R11: ffffed100f830001 R12: 0000000000000000 R13: 0000000000000000 R14: 0000000000000001 R15: 0000000000000438 FS:  00007fe520225640(0000) GS:ffff8880b7e80000(0000) knlGS:0000000000000000 CS:  0010 DS: 0000 ES: 0000 CR0: 0000000080050033 CR2: 00005593c91b2c88 CR3: 000000014927c000 CR4: 00000000000006f0 DR0: 0000000000000000 DR1: 0000000000000000 DR2: 0000000000000000 DR3: 0000000000000000 DR6: 00000000fffe0ff0 DR7: 0000000000000400 Kernel panic - not syncing: Fatal exception  [ Analysis ]  We believe that we have found a concurrency bug in the `fs/jfs` module that results in a null pointer dereference. There is a closely related issue which has been fixed:  https://git.kernel.org/pub/scm/linux/kernel/git/torvalds/linux.git/commit/?id=d6c1b3599b2feb5c7291f5ac3a36e5fa7cedb234  ... but, unfortunately, the accepted patch appears to still be susceptible to a null pointer dereference under some interleavings.  To trigger the bug, we think that `JFS_SBI(ipbmap->i_sb)->bmap` is set to NULL in `dbFreeBits` and then dereferenced in `jfs_ioc_trim`. This bug manifests quite rarely under normal circumstances, but is triggereable from a syz-program.	https://nvd.nist.gov/vuln/detail/CVE-2025-38203	filtered-vector-low-criticality: LOCAL scorev3<7
CVE-2025-38207	5.5	LOCAL	yes	In the Linux kernel, the following vulnerability has been resolved:  mm: fix uprobe pte be overwritten when expanding vma  Patch series "Fix uprobe pte be overwritten when expanding vma".   This patch (of 4):  We encountered a BUG alert triggered by Syzkaller as follows:    BUG: Bad rss-counter state mm:00000000b4a60fca type:MM_ANONPAGES val:1  And we can reproduce it with the following steps: 1. register uprobe on file at zero offset 2. mmap the file at zero offset:    addr1 = mmap(NULL, 2 * 4096, PROT_NONE, MAP_PRIVATE, fd, 0); 3. mremap part of vma1 to new vma2:    addr2 = mremap(addr1, 4096, 2 * 4096, MREMAP_MAYMOVE); 4. mremap back to orig addr1:    mremap(addr2, 4096, 4096, MREMAP_MAYMOVE | MREMAP_FIXED, addr1);  In step 3, the vma1 range [addr1, addr1 + 4096] will be remap to new vma2 with range [addr2, addr2 + 8192], and remap uprobe anon page from the vma1 to vma2, then unmap the vma1 range [addr1, addr1 + 4096].  In step 4, the vma2 range [addr2, addr2 + 4096] will be remap back to the addr range [addr1, addr1 + 4096].  Since the addr range [addr1 + 4096, addr1 + 8192] still maps the file, it will take vma_merge_new_range to expand the range, and then do uprobe_mmap in vma_complete.  Since the merged vma pgoff is also zero offset, it will install uprobe anon page to the merged vma.  However, the upcomming move_page_tables step, which use set_pte_at to remap the vma2 uprobe pte to the merged vma, will overwrite the newly uprobe pte in the merged vma, and lead that pte to be orphan.  Since the uprobe pte will be remapped to the merged vma, we can remove the unnecessary uprobe_mmap upon merged vma.  This problem was first found in linux-6.6.y and also exists in the community syzkaller: https://lore.kernel.org/all/000000000000ada39605a5e71711@google.com/T/	https://nvd.nist.gov/vuln/detail/CVE-2025-38207	filtered-vector-low-criticality: LOCAL scorev3<7
CVE-2025-38232	4.7	LOCAL	yes	In the Linux kernel, the following vulnerability has been resolved:  NFSD: fix race between nfsd registration and exports_proc  As of now nfsd calls create_proc_exports_entry() at start of init_nfsd and cleanup by remove_proc_entry() at last of exit_nfsd.  Which causes kernel OOPs if there is race between below 2 operations: (i) exportfs -r (ii) mount -t nfsd none /proc/fs/nfsd  for 5.4 kernel ARM64:  CPU 1: el1_irq+0xbc/0x180 arch_counter_get_cntvct+0x14/0x18 running_clock+0xc/0x18 preempt_count_add+0x88/0x110 prep_new_page+0xb0/0x220 get_page_from_freelist+0x2d8/0x1778 __alloc_pages_nodemask+0x15c/0xef0 __vmalloc_node_range+0x28c/0x478 __vmalloc_node_flags_caller+0x8c/0xb0 kvmalloc_node+0x88/0xe0 nfsd_init_net+0x6c/0x108 [nfsd] ops_init+0x44/0x170 register_pernet_operations+0x114/0x270 register_pernet_subsys+0x34/0x50 init_nfsd+0xa8/0x718 [nfsd] do_one_initcall+0x54/0x2e0  CPU 2 : Unable to handle kernel NULL pointer dereference at virtual address 0000000000000010  PC is at : exports_net_open+0x50/0x68 [nfsd]  Call trace: exports_net_open+0x50/0x68 [nfsd] exports_proc_open+0x2c/0x38 [nfsd] proc_reg_open+0xb8/0x198 do_dentry_open+0x1c4/0x418 vfs_open+0x38/0x48 path_openat+0x28c/0xf18 do_filp_open+0x70/0xe8 do_sys_open+0x154/0x248  Sometimes it crashes at exports_net_open() and sometimes cache_seq_next_rcu().  and same is happening on latest 6.14 kernel as well:  [    0.000000] Linux version 6.14.0-rc5-next-20250304-dirty ... [  285.455918] Unable to handle kernel paging request at virtual address 00001f4800001f48 ... [  285.464902] pc : cache_seq_next_rcu+0x78/0xa4 ... [  285.469695] Call trace: [  285.470083]  cache_seq_next_rcu+0x78/0xa4 (P) [  285.470488]  seq_read+0xe0/0x11c [  285.470675]  proc_reg_read+0x9c/0xf0 [  285.470874]  vfs_read+0xc4/0x2fc [  285.471057]  ksys_read+0x6c/0xf4 [  285.471231]  __arm64_sys_read+0x1c/0x28 [  285.471428]  invoke_syscall+0x44/0x100 [  285.471633]  el0_svc_common.constprop.0+0x40/0xe0 [  285.471870]  do_el0_svc_compat+0x1c/0x34 [  285.472073]  el0_svc_compat+0x2c/0x80 [  285.472265]  el0t_32_sync_handler+0x90/0x140 [  285.472473]  el0t_32_sync+0x19c/0x1a0 [  285.472887] Code: f9400885 93407c23 937d7c27 11000421 (f86378a3) [  285.473422] ---[ end trace 0000000000000000 ]---  It reproduced simply with below script: while [ 1 ] do /exportfs -r done &  while [ 1 ] do insmod /nfsd.ko mount -t nfsd none /proc/fs/nfsd umount /proc/fs/nfsd rmmod nfsd done &  So exporting interfaces to user space shall be done at last and cleanup at first place.  With change there is no Kernel OOPs.	https://nvd.nist.gov/vuln/detail/CVE-2025-38232	filtered-vector-low-criticality: LOCAL scorev3<7
CVE-2025-38234	4.7	LOCAL	yes	In the Linux kernel, the following vulnerability has been resolved:  sched/rt: Fix race in push_rt_task  Overview ======== When a CPU chooses to call push_rt_task and picks a task to push to another CPU's runqueue then it will call find_lock_lowest_rq method which would take a double lock on both CPUs' runqueues. If one of the locks aren't readily available, it may lead to dropping the current runqueue lock and reacquiring both the locks at once. During this window it is possible that the task is already migrated and is running on some other CPU. These cases are already handled. However, if the task is migrated and has already been executed and another CPU is now trying to wake it up (ttwu) such that it is queued again on the runqeue (on_rq is 1) and also if the task was run by the same CPU, then the current checks will pass even though the task was migrated out and is no longer in the pushable tasks list.  Crashes ======= This bug resulted in quite a few flavors of crashes triggering kernel panics with various crash signatures such as assert failures, page faults, null pointer dereferences, and queue corruption errors all coming from scheduler itself.  Some of the crashes: -> kernel BUG at kernel/sched/rt.c:1616! BUG_ON(idx >= MAX_RT_PRIO)    Call Trace:    ? __die_body+0x1a/0x60    ? die+0x2a/0x50    ? do_trap+0x85/0x100    ? pick_next_task_rt+0x6e/0x1d0    ? do_error_trap+0x64/0xa0    ? pick_next_task_rt+0x6e/0x1d0    ? exc_invalid_op+0x4c/0x60    ? pick_next_task_rt+0x6e/0x1d0    ? asm_exc_invalid_op+0x12/0x20    ? pick_next_task_rt+0x6e/0x1d0    __schedule+0x5cb/0x790    ? update_ts_time_stats+0x55/0x70    schedule_idle+0x1e/0x40    do_idle+0x15e/0x200    cpu_startup_entry+0x19/0x20    start_secondary+0x117/0x160    secondary_startup_64_no_verify+0xb0/0xbb  -> BUG: kernel NULL pointer dereference, address: 00000000000000c0    Call Trace:    ? __die_body+0x1a/0x60    ? no_context+0x183/0x350    ? __warn+0x8a/0xe0    ? exc_page_fault+0x3d6/0x520    ? asm_exc_page_fault+0x1e/0x30    ? pick_next_task_rt+0xb5/0x1d0    ? pick_next_task_rt+0x8c/0x1d0    __schedule+0x583/0x7e0    ? update_ts_time_stats+0x55/0x70    schedule_idle+0x1e/0x40    do_idle+0x15e/0x200    cpu_startup_entry+0x19/0x20    start_secondary+0x117/0x160    secondary_startup_64_no_verify+0xb0/0xbb  -> BUG: unable to handle page fault for address: ffff9464daea5900    kernel BUG at kernel/sched/rt.c:1861! BUG_ON(rq->cpu != task_cpu(p))  -> kernel BUG at kernel/sched/rt.c:1055! BUG_ON(!rq->nr_running)    Call Trace:    ? __die_body+0x1a/0x60    ? die+0x2a/0x50    ? do_trap+0x85/0x100    ? dequeue_top_rt_rq+0xa2/0xb0    ? do_error_trap+0x64/0xa0    ? dequeue_top_rt_rq+0xa2/0xb0    ? exc_invalid_op+0x4c/0x60    ? dequeue_top_rt_rq+0xa2/0xb0    ? asm_exc_invalid_op+0x12/0x20    ? dequeue_top_rt_rq+0xa2/0xb0    dequeue_rt_entity+0x1f/0x70    dequeue_task_rt+0x2d/0x70    __schedule+0x1a8/0x7e0    ? blk_finish_plug+0x25/0x40    schedule+0x3c/0xb0    futex_wait_queue_me+0xb6/0x120    futex_wait+0xd9/0x240    do_futex+0x344/0xa90    ? get_mm_exe_file+0x30/0x60    ? audit_exe_compare+0x58/0x70    ? audit_filter_rules.constprop.26+0x65e/0x1220    __x64_sys_futex+0x148/0x1f0    do_syscall_64+0x30/0x80    entry_SYSCALL_64_after_hwframe+0x62/0xc7  -> BUG: unable to handle page fault for address: ffff8cf3608bc2c0    Call Trace:    ? __die_body+0x1a/0x60    ? no_context+0x183/0x350    ? spurious_kernel_fault+0x171/0x1c0    ? exc_page_fault+0x3b6/0x520    ? plist_check_list+0x15/0x40    ? plist_check_list+0x2e/0x40    ? asm_exc_page_fault+0x1e/0x30    ? _cond_resched+0x15/0x30    ? futex_wait_queue_me+0xc8/0x120    ? futex_wait+0xd9/0x240    ? try_to_wake_up+0x1b8/0x490    ? futex_wake+0x78/0x160    ? do_futex+0xcd/0xa90    ? plist_check_list+0x15/0x40    ? plist_check_list+0x2e/0x40    ? plist_del+0x6a/0xd0    ? plist_check_list+0x15/0x40    ? plist_check_list+0x2e/0x40    ? dequeue_pushable_task+0x20/0x70    ? __schedule+0x382/0x7e0    ? asm_sysvec_reschedule_i ---truncated---	https://nvd.nist.gov/vuln/detail/CVE-2025-38234	filtered-vector-low-criticality: LOCAL scorev3<7
CVE-2025-38237	5.5	LOCAL	yes	In the Linux kernel, the following vulnerability has been resolved:  media: platform: exynos4-is: Add hardware sync wait to fimc_is_hw_change_mode()  In fimc_is_hw_change_mode(), the function changes camera modes without waiting for hardware completion, risking corrupted data or system hangs if subsequent operations proceed before the hardware is ready.  Add fimc_is_hw_wait_intmsr0_intmsd0() after mode configuration, ensuring hardware state synchronization and stable interrupt handling.	https://nvd.nist.gov/vuln/detail/CVE-2025-38237	filtered-vector-low-criticality: LOCAL scorev3<7
CVE-2025-38261	5.5	LOCAL	yes	In the Linux kernel, the following vulnerability has been resolved:  riscv: save the SR_SUM status over switches  When threads/tasks are switched we need to ensure the old execution's SR_SUM state is saved and the new thread has the old SR_SUM state restored.  The issue was seen under heavy load especially with the syz-stress tool running, with crashes as follows in schedule_tail:  Unable to handle kernel access to user memory without uaccess routines at virtual address 000000002749f0d0 Oops [#1] Modules linked in: CPU: 1 PID: 4875 Comm: syz-executor.0 Not tainted 5.12.0-rc2-syzkaller-00467-g0d7588ab9ef9 #0 Hardware name: riscv-virtio,qemu (DT) epc : schedule_tail+0x72/0xb2 kernel/sched/core.c:4264  ra : task_pid_vnr include/linux/sched.h:1421 [inline]  ra : schedule_tail+0x70/0xb2 kernel/sched/core.c:4264 epc : ffffffe00008c8b0 ra : ffffffe00008c8ae sp : ffffffe025d17ec0  gp : ffffffe005d25378 tp : ffffffe00f0d0000 t0 : 0000000000000000  t1 : 0000000000000001 t2 : 00000000000f4240 s0 : ffffffe025d17ee0  s1 : 000000002749f0d0 a0 : 000000000000002a a1 : 0000000000000003  a2 : 1ffffffc0cfac500 a3 : ffffffe0000c80cc a4 : 5ae9db91c19bbe00  a5 : 0000000000000000 a6 : 0000000000f00000 a7 : ffffffe000082eba  s2 : 0000000000040000 s3 : ffffffe00eef96c0 s4 : ffffffe022c77fe0  s5 : 0000000000004000 s6 : ffffffe067d74e00 s7 : ffffffe067d74850  s8 : ffffffe067d73e18 s9 : ffffffe067d74e00 s10: ffffffe00eef96e8  s11: 000000ae6cdf8368 t3 : 5ae9db91c19bbe00 t4 : ffffffc4043cafb2  t5 : ffffffc4043cafba t6 : 0000000000040000 status: 0000000000000120 badaddr: 000000002749f0d0 cause: 000000000000000f Call Trace: [<ffffffe00008c8b0>] schedule_tail+0x72/0xb2 kernel/sched/core.c:4264 [<ffffffe000005570>] ret_from_exception+0x0/0x14 Dumping ftrace buffer:    (ftrace buffer empty) ---[ end trace b5f8f9231dc87dda ]---  The issue comes from the put_user() in schedule_tail (kernel/sched/core.c) doing the following:  asmlinkage __visible void schedule_tail(struct task_struct *prev) { ...         if (current->set_child_tid)                 put_user(task_pid_vnr(current), current->set_child_tid); ... }  the put_user() macro causes the code sequence to come out as follows:  1:	__enable_user_access() 2:	reg = task_pid_vnr(current); 3:	*current->set_child_tid = reg; 4:	__disable_user_access()  The problem is that we may have a sleeping function as argument which could clear SR_SUM causing the panic above. This was fixed by evaluating the argument of the put_user() macro outside the user-enabled section in commit 285a76bb2cf5 ("riscv: evaluate put_user() arg before enabling user access")"  In order for riscv to take advantage of unsafe_get/put_XXX() macros and to avoid the same issue we had with put_user() and sleeping functions we must ensure code flow can go through switch_to() from within a region of code with SR_SUM enabled and come back with SR_SUM still enabled. This patch addresses the problem allowing future work to enable full use of unsafe_get/put_XXX() macros without needing to take a CSR bit flip cost on every access. Make switch_to() save and restore SR_SUM.	https://nvd.nist.gov/vuln/detail/CVE-2025-38261	filtered-vector-low-criticality: LOCAL scorev3<7
CVE-2025-38264	5.5	LOCAL	yes	In the Linux kernel, the following vulnerability has been resolved:  nvme-tcp: sanitize request list handling  Validate the request in nvme_tcp_handle_r2t() to ensure it's not part of any list, otherwise a malicious R2T PDU might inject a loop in request list processing.	https://nvd.nist.gov/vuln/detail/CVE-2025-38264	not-applicable-config: NVMe/TCP disabled (CONFIG_NVME_TCP disabled)
CVE-2025-38269	5.5	LOCAL	yes	In the Linux kernel, the following vulnerability has been resolved:  btrfs: exit after state insertion failure at btrfs_convert_extent_bit()  If insert_state() state failed it returns an error pointer and we call extent_io_tree_panic() which will trigger a BUG() call. However if CONFIG_BUG is disabled, which is an uncommon and exotic scenario, then we fallthrough and call cache_state() which will dereference the error pointer, resulting in an invalid memory access.  So jump to the 'out' label after calling extent_io_tree_panic(), it also makes the code more clear besides dealing with the exotic scenario where CONFIG_BUG is disabled.	https://nvd.nist.gov/vuln/detail/CVE-2025-38269	filtered-vector-low-criticality: LOCAL scorev3<7
CVE-2025-38272	5.5	LOCAL	yes	In the Linux kernel, the following vulnerability has been resolved:  net: dsa: b53: do not enable EEE on bcm63xx  BCM63xx internal switches do not support EEE, but provide multiple RGMII ports where external PHYs may be connected. If one of these PHYs are EEE capable, we may try to enable EEE for the MACs, which then hangs the system on access of the (non-existent) EEE registers.  Fix this by checking if the switch actually supports EEE before attempting to configure it.	https://nvd.nist.gov/vuln/detail/CVE-2025-38272	filtered-vector-low-criticality: LOCAL scorev3<7
CVE-2025-38303	5.5	LOCAL	yes	In the Linux kernel, the following vulnerability has been resolved:  Bluetooth: eir: Fix possible crashes on eir_create_adv_data  eir_create_adv_data may attempt to add EIR_FLAGS and EIR_TX_POWER without checking if that would fit.	https://nvd.nist.gov/vuln/detail/CVE-2025-38303	filtered-vector-low-criticality: LOCAL scorev3<7
CVE-2025-38311	5.5	LOCAL	yes	In the Linux kernel, the following vulnerability has been resolved:  iavf: get rid of the crit lock  Get rid of the crit lock. That frees us from the error prone logic of try_locks.  Thanks to netdev_lock() by Jakub it is now easy, and in most cases we were protected by it already - replace crit lock by netdev lock when it was not the case.  Lockdep reports that we should cancel the work under crit_lock [splat1], and that was the scheme we have mostly followed since [1] by Slawomir. But when that is done we still got into deadlocks [splat2]. So instead we should look at the bigger problem, namely "weird locking/scheduling" of the iavf. The first step to fix that is to remove the crit lock. I will followup with a -next series that simplifies scheduling/tasks.  Cancel the work without netdev lock (weird unlock+lock scheme), to fix the [splat2] (which would be totally ugly if we would kept the crit lock).  Extend protected part of iavf_watchdog_task() to include scheduling more work.  Note that the removed comment in iavf_reset_task() was misplaced, it belonged to inside of the removed if condition, so it's gone now.  [splat1] - w/o this patch - The deadlock during VF removal:      WARNING: possible circular locking dependency detected      sh/3825 is trying to acquire lock:       ((work_completion)(&(&adapter->watchdog_task)->work)){+.+.}-{0:0}, at: start_flush_work+0x1a1/0x470           but task is already holding lock:       (&adapter->crit_lock){+.+.}-{4:4}, at: iavf_remove+0xd1/0x690 [iavf]           which lock already depends on the new lock.  [splat2] - when cancelling work under crit lock, w/o this series, 	   see [2] for the band aid attempt     WARNING: possible circular locking dependency detected     sh/3550 is trying to acquire lock:     ((wq_completion)iavf){+.+.}-{0:0}, at: touch_wq_lockdep_map+0x26/0x90         but task is already holding lock:     (&dev->lock){+.+.}-{4:4}, at: iavf_remove+0xa6/0x6e0 [iavf]         which lock already depends on the new lock.  [1] fc2e6b3b132a ("iavf: Rework mutexes for better synchronisation") [2] https://github.com/pkitszel/linux/commit/52dddbfc2bb60294083f5711a158a	https://nvd.nist.gov/vuln/detail/CVE-2025-38311	filtered-vector-low-criticality: LOCAL scorev3<7
CVE-2025-38333	5.5	LOCAL	yes	In the Linux kernel, the following vulnerability has been resolved:  f2fs: fix to bail out in get_new_segment()  ------------[ cut here ]------------ WARNING: CPU: 3 PID: 579 at fs/f2fs/segment.c:2832 new_curseg+0x5e8/0x6dc pc : new_curseg+0x5e8/0x6dc Call trace:  new_curseg+0x5e8/0x6dc  f2fs_allocate_data_block+0xa54/0xe28  do_write_page+0x6c/0x194  f2fs_do_write_node_page+0x38/0x78  __write_node_page+0x248/0x6d4  f2fs_sync_node_pages+0x524/0x72c  f2fs_write_checkpoint+0x4bc/0x9b0  __checkpoint_and_complete_reqs+0x80/0x244  issue_checkpoint_thread+0x8c/0xec  kthread+0x114/0x1bc  ret_from_fork+0x10/0x20  get_new_segment() detects inconsistent status in between free_segmap and free_secmap, let's record such error into super block, and bail out get_new_segment() instead of continue using the segment.	https://nvd.nist.gov/vuln/detail/CVE-2025-38333	not-applicable-config: F2FS disabled (CONFIG_F2FS_FS disabled)
CVE-2025-38359	5.5	LOCAL	yes	In the Linux kernel, the following vulnerability has been resolved:  s390/mm: Fix in_atomic() handling in do_secure_storage_access()  Kernel user spaces accesses to not exported pages in atomic context incorrectly try to resolve the page fault. With debug options enabled call traces like this can be seen:  BUG: sleeping function called from invalid context at kernel/locking/rwsem.c:1523 in_atomic(): 1, irqs_disabled(): 0, non_block: 0, pid: 419074, name: qemu-system-s39 preempt_count: 1, expected: 0 RCU nest depth: 0, expected: 0 INFO: lockdep is turned off. Preemption disabled at: [<00000383ea47cfa2>] copy_page_from_iter_atomic+0xa2/0x8a0 CPU: 12 UID: 0 PID: 419074 Comm: qemu-system-s39 Tainted: G        W           6.16.0-20250531.rc0.git0.69b3a602feac.63.fc42.s390x+debug #1 PREEMPT Tainted: [W]=WARN Hardware name: IBM 3931 A01 703 (LPAR) Call Trace:  [<00000383e990d282>] dump_stack_lvl+0xa2/0xe8  [<00000383e99bf152>] __might_resched+0x292/0x2d0  [<00000383eaa7c374>] down_read+0x34/0x2d0  [<00000383e99432f8>] do_secure_storage_access+0x108/0x360  [<00000383eaa724b0>] __do_pgm_check+0x130/0x220  [<00000383eaa842e4>] pgm_check_handler+0x114/0x160  [<00000383ea47d028>] copy_page_from_iter_atomic+0x128/0x8a0 ([<00000383ea47d016>] copy_page_from_iter_atomic+0x116/0x8a0)  [<00000383e9c45eae>] generic_perform_write+0x16e/0x310  [<00000383e9eb87f4>] ext4_buffered_write_iter+0x84/0x160  [<00000383e9da0de4>] vfs_write+0x1c4/0x460  [<00000383e9da123c>] ksys_write+0x7c/0x100  [<00000383eaa7284e>] __do_syscall+0x15e/0x280  [<00000383eaa8417e>] system_call+0x6e/0x90 INFO: lockdep is turned off.  It is not allowed to take the mmap_lock while in atomic context. Therefore handle such a secure storage access fault as if the accessed page is not mapped: the uaccess function will return -EFAULT, and the caller has to deal with this. Usually this means that the access is retried in process context, which allows to resolve the page fault (or in this case export the page).	https://nvd.nist.gov/vuln/detail/CVE-2025-38359	filtered-vector-low-criticality: LOCAL scorev3<7
CVE-2025-38408	5.5	LOCAL	yes	In the Linux kernel, the following vulnerability has been resolved:  genirq/irq_sim: Initialize work context pointers properly  Initialize `ops` member's pointers properly by using kzalloc() instead of kmalloc() when allocating the simulation work context. Otherwise the pointers contain random content leading to invalid dereferencing.	https://nvd.nist.gov/vuln/detail/CVE-2025-38408	filtered-vector-low-criticality: LOCAL scorev3<7
CVE-2025-38414	5.5	LOCAL	yes	In the Linux kernel, the following vulnerability has been resolved:  wifi: ath12k: fix GCC_GCC_PCIE_HOT_RST definition for WCN7850  GCC_GCC_PCIE_HOT_RST is wrongly defined for WCN7850, causing kernel crash on some specific platforms.  Since this register is divergent for WCN7850 and QCN9274, move it to register table to allow different definitions. Then correct the register address for WCN7850 to fix this issue.  Note IPQ5332 is not affected as it is not PCIe based device.  Tested-on: WCN7850 hw2.0 PCI WLAN.HMT.1.0.c5-00481-QCAHMTSWPL_V1.0_V2.0_SILICONZ-3	https://nvd.nist.gov/vuln/detail/CVE-2025-38414	filtered-vector-low-criticality: LOCAL scorev3<7
CVE-2025-38426	5.5	LOCAL	yes	In the Linux kernel, the following vulnerability has been resolved:  drm/amdgpu: Add basic validation for RAS header  If RAS header read from EEPROM is corrupted, it could result in trying to allocate huge memory for reading the records. Add some validation to header fields.	https://nvd.nist.gov/vuln/detail/CVE-2025-38426	filtered-vector-low-criticality: LOCAL scorev3<7
CVE-2025-38438	5.5	LOCAL	yes	In the Linux kernel, the following vulnerability has been resolved:  ASoC: SOF: Intel: hda: Use devm_kstrdup() to avoid memleak.  sof_pdata->tplg_filename can have address allocated by kstrdup() and can be overwritten. Memory leak was detected with kmemleak:  unreferenced object 0xffff88812391ff60 (size 16):   comm "kworker/4:1", pid 161, jiffies 4294802931   hex dump (first 16 bytes):     73 6f 66 2d 68 64 61 2d 67 65 6e 65 72 69 63 00  sof-hda-generic.   backtrace (crc 4bf1675c):     __kmalloc_node_track_caller_noprof+0x49c/0x6b0     kstrdup+0x46/0xc0     hda_machine_select.cold+0x1de/0x12cf [snd_sof_intel_hda_generic]     sof_init_environment+0x16f/0xb50 [snd_sof]     sof_probe_continue+0x45/0x7c0 [snd_sof]     sof_probe_work+0x1e/0x40 [snd_sof]     process_one_work+0x894/0x14b0     worker_thread+0x5e5/0xfb0     kthread+0x39d/0x760     ret_from_fork+0x31/0x70     ret_from_fork_asm+0x1a/0x30	https://nvd.nist.gov/vuln/detail/CVE-2025-38438	filtered-vector-low-criticality: LOCAL scorev3<7
CVE-2025-38507	5.5	LOCAL	yes	In the Linux kernel, the following vulnerability has been resolved:  HID: nintendo: avoid bluetooth suspend/resume stalls  Ensure we don't stall or panic the kernel when using bluetooth-connected controllers. This was reported as an issue on android devices using kernel 6.6 due to the resume hook which had been added for usb joycons.  First, set a new state value to JOYCON_CTLR_STATE_SUSPENDED in a newly-added nintendo_hid_suspend. This makes sure we will not stall out the kernel waiting for input reports during led classdev suspend. The stalls could happen if connectivity is unreliable or lost to the controller prior to suspend.  Second, since we lose connectivity during suspend, do not try joycon_init() for bluetooth controllers in the nintendo_hid_resume path.  Tested via multiple suspend/resume flows when using the controller both in USB and bluetooth modes.	https://nvd.nist.gov/vuln/detail/CVE-2025-38507	filtered-vector-low-criticality: LOCAL scorev3<7
CVE-2025-38531	5.5	LOCAL	yes	In the Linux kernel, the following vulnerability has been resolved:  iio: common: st_sensors: Fix use of uninitialize device structs  Throughout the various probe functions &indio_dev->dev is used before it is initialized. This caused a kernel panic in st_sensors_power_enable() when the call to devm_regulator_bulk_get_enable() fails and then calls dev_err_probe() with the uninitialized device.  This seems to only cause a panic with dev_err_probe(), dev_err(), dev_warn() and dev_info() don't seem to cause a panic, but are fixed as well.  The issue is reported and traced here: [1]	https://nvd.nist.gov/vuln/detail/CVE-2025-38531	filtered-vector-low-criticality: LOCAL scorev3<7
CVE-2025-38591	5.5	LOCAL	yes	In the Linux kernel, the following vulnerability has been resolved:  bpf: Reject narrower access to pointer ctx fields  The following BPF program, simplified from a syzkaller repro, causes a kernel warning:      r0 = *(u8 *)(r1 + 169);     exit;  With pointer field sk being at offset 168 in __sk_buff. This access is detected as a narrower read in bpf_skb_is_valid_access because it doesn't match offsetof(struct __sk_buff, sk). It is therefore allowed and later proceeds to bpf_convert_ctx_access. Note that for the "is_narrower_load" case in the convert_ctx_accesses(), the insn->off is aligned, so the cnt may not be 0 because it matches the offsetof(struct __sk_buff, sk) in the bpf_convert_ctx_access. However, the target_size stays 0 and the verifier errors with a kernel warning:      verifier bug: error during ctx access conversion(1)  This patch fixes that to return a proper "invalid bpf_context access off=X size=Y" error on the load instruction.  The same issue affects multiple other fields in context structures that allow narrow access. Some other non-affected fields (for sk_msg, sk_lookup, and sockopt) were also changed to use bpf_ctx_range_ptr for consistency.  Note this syzkaller crash was reported in the "Closes" link below, which used to be about a different bug, fixed in commit fce7bd8e385a ("bpf/verifier: Handle BPF_LOAD_ACQ instructions in insn_def_regno()"). Because syzbot somehow confused the two bugs, the new crash and repro didn't get reported to the mailing list.	https://nvd.nist.gov/vuln/detail/CVE-2025-38591	filtered-vector-low-criticality: LOCAL scorev3<7
CVE-2025-38597	5.5	LOCAL	yes	In the Linux kernel, the following vulnerability has been resolved:  drm/rockchip: vop2: fail cleanly if missing a primary plane for a video-port  Each window of a vop2 is usable by a specific set of video ports, so while binding the vop2, we look through the list of available windows trying to find one designated as primary-plane and usable by that specific port.  The code later wants to use drm_crtc_init_with_planes with that found primary plane, but nothing has checked so far if a primary plane was actually found.  For whatever reason, the rk3576 vp2 does not have a usable primary window (if vp0 is also in use) which brought the issue to light and ended in a null-pointer dereference further down.  As we expect a primary-plane to exist for a video-port, add a check at the end of the window-iteration and fail probing if none was found.	https://nvd.nist.gov/vuln/detail/CVE-2025-38597	filtered-vector-low-criticality: LOCAL scorev3<7
CVE-2025-38605	5.5	LOCAL	yes	In the Linux kernel, the following vulnerability has been resolved:  wifi: ath12k: Pass ab pointer directly to ath12k_dp_tx_get_encap_type()  In ath12k_dp_tx_get_encap_type(), the arvif parameter is only used to retrieve the ab pointer. In vdev delete sequence the arvif->ar could become NULL and that would trigger kernel panic. Since the caller ath12k_dp_tx() already has a valid ab pointer, pass it directly to avoid panic and unnecessary dereferencing.  PC points to "ath12k_dp_tx+0x228/0x988 [ath12k]" LR points to "ath12k_dp_tx+0xc8/0x988 [ath12k]". The Backtrace obtained is as follows: ath12k_dp_tx+0x228/0x988 [ath12k] ath12k_mac_tx_check_max_limit+0x608/0x920 [ath12k] ieee80211_process_measurement_req+0x320/0x348 [mac80211] ieee80211_tx_dequeue+0x9ac/0x1518 [mac80211] ieee80211_tx_dequeue+0xb14/0x1518 [mac80211] ieee80211_tx_prepare_skb+0x224/0x254 [mac80211] ieee80211_xmit+0xec/0x100 [mac80211] __ieee80211_subif_start_xmit+0xc50/0xf40 [mac80211] ieee80211_subif_start_xmit+0x2e8/0x308 [mac80211] netdev_start_xmit+0x150/0x18c dev_hard_start_xmit+0x74/0xc0  Tested-on: QCN9274 hw2.0 PCI WLAN.WBE.1.3.1-00173-QCAHKSWPL_SILICONZ-1	https://nvd.nist.gov/vuln/detail/CVE-2025-38605	filtered-vector-low-criticality: LOCAL scorev3<7
CVE-2025-38627	7.8	LOCAL	yes	In the Linux kernel, the following vulnerability has been resolved:  f2fs: compress: fix UAF of f2fs_inode_info in f2fs_free_dic  The decompress_io_ctx may be released asynchronously after I/O completion. If this file is deleted immediately after read, and the kworker of processing post_read_wq has not been executed yet due to high workloads, It is possible that the inode(f2fs_inode_info) is evicted and freed before it is used f2fs_free_dic.      The UAF case as below:     Thread A                                      Thread B     - f2fs_decompress_end_io      - f2fs_put_dic       - queue_work         add free_dic work to post_read_wq                                                    - do_unlink                                                     - iput                                                      - evict                                                       - call_rcu     This file is deleted after read.      Thread C                                 kworker to process post_read_wq     - rcu_do_batch      - f2fs_free_inode       - kmem_cache_free      inode is freed by rcu                                              - process_scheduled_works                                               - f2fs_late_free_dic                                                - f2fs_free_dic                                                 - f2fs_release_decomp_mem                                       read (dic->inode)->i_compress_algorithm  This patch store compress_algorithm and sbi in dic to avoid inode UAF.  In addition, the previous solution is deprecated in [1] may cause system hang. [1] https://lore.kernel.org/all/c36ab955-c8db-4a8b-a9d0-f07b5f426c3f@kernel.org	https://nvd.nist.gov/vuln/detail/CVE-2025-38627	not-applicable-config: F2FS disabled (CONFIG_F2FS_FS disabled)
CVE-2025-38660	5.5	LOCAL	yes	In the Linux kernel, the following vulnerability has been resolved:  [ceph] parse_longname(): strrchr() expects NUL-terminated string  ... and parse_longname() is not guaranteed that.  That's the reason why it uses kmemdup_nul() to build the argument for kstrtou64(); the problem is, kstrtou64() is not the only thing that need it.  Just get a NUL-terminated copy of the entire thing and be done with that...	https://nvd.nist.gov/vuln/detail/CVE-2025-38660	filtered-vector-low-criticality: LOCAL scorev3<7
CVE-2025-38705	5.5	LOCAL	yes	In the Linux kernel, the following vulnerability has been resolved:  drm/amd/pm: fix null pointer access  Writing a string without delimiters (' ', '\n', '\0') to the under gpu_od/fan_ctrl sysfs or pp_power_profile_mode for the CUSTOM profile will result in a null pointer dereference.	https://nvd.nist.gov/vuln/detail/CVE-2025-38705	filtered-vector-low-criticality: LOCAL scorev3<7
CVE-2025-38710	5.5	LOCAL	yes	In the Linux kernel, the following vulnerability has been resolved:  gfs2: Validate i_depth for exhash directories  A fuzzer test introduced corruption that ends up with a depth of 0 in dir_e_read(), causing an undefined shift by 32 at:    index = hash >> (32 - dip->i_depth);  As calculated in an open-coded way in dir_make_exhash(), the minimum depth for an exhash directory is ilog2(sdp->sd_hash_ptrs) and 0 is invalid as sdp->sd_hash_ptrs is fixed as sdp->bsize / 16 at mount time.  So we can avoid the undefined behaviour by checking for depth values lower than the minimum in gfs2_dinode_in(). Values greater than the maximum are already being checked for there.  Also switch the calculation in dir_make_exhash() to use ilog2() to clarify how the depth is calculated.  Tested with the syzkaller repro.c and xfstests '-g quick'.	https://nvd.nist.gov/vuln/detail/CVE-2025-38710	filtered-vector-low-criticality: LOCAL scorev3<7
CVE-2025-38717	4.7	LOCAL	yes	In the Linux kernel, the following vulnerability has been resolved:  net: kcm: Fix race condition in kcm_unattach()  syzbot found a race condition when kcm_unattach(psock) and kcm_release(kcm) are executed at the same time.  kcm_unattach() is missing a check of the flag kcm->tx_stopped before calling queue_work().  If the kcm has a reserved psock, kcm_unattach() might get executed between cancel_work_sync() and unreserve_psock() in kcm_release(), requeuing kcm->tx_work right before kcm gets freed in kcm_done().  Remove kcm->tx_stopped and replace it by the less error-prone disable_work_sync().	https://nvd.nist.gov/vuln/detail/CVE-2025-38717	filtered-vector-low-criticality: LOCAL scorev3<7
CVE-2025-39677	5.5	LOCAL	yes	In the Linux kernel, the following vulnerability has been resolved:  net/sched: Fix backlog accounting in qdisc_dequeue_internal  This issue applies for the following qdiscs: hhf, fq, fq_codel, and fq_pie, and occurs in their change handlers when adjusting to the new limit. The problem is the following in the values passed to the subsequent qdisc_tree_reduce_backlog call given a tbf parent:     When the tbf parent runs out of tokens, skbs of these qdiscs will    be placed in gso_skb. Their peek handlers are qdisc_peek_dequeued,    which accounts for both qlen and backlog. However, in the case of    qdisc_dequeue_internal, ONLY qlen is accounted for when pulling    from gso_skb. This means that these qdiscs are missing a    qdisc_qstats_backlog_dec when dropping packets to satisfy the    new limit in their change handlers.     One can observe this issue with the following (with tc patched to    support a limit of 0):     export TARGET=fq    tc qdisc del dev lo root    tc qdisc add dev lo root handle 1: tbf rate 8bit burst 100b latency 1ms    tc qdisc replace dev lo handle 3: parent 1:1 $TARGET limit 1000    echo ''; echo 'add child'; tc -s -d qdisc show dev lo    ping -I lo -f -c2 -s32 -W0.001 127.0.0.1 2>&1 >/dev/null    echo ''; echo 'after ping'; tc -s -d qdisc show dev lo    tc qdisc change dev lo handle 3: parent 1:1 $TARGET limit 0    echo ''; echo 'after limit drop'; tc -s -d qdisc show dev lo    tc qdisc replace dev lo handle 2: parent 1:1 sfq    echo ''; echo 'post graft'; tc -s -d qdisc show dev lo     The second to last show command shows 0 packets but a positive    number (74) of backlog bytes. The problem becomes clearer in the    last show command, where qdisc_purge_queue triggers    qdisc_tree_reduce_backlog with the positive backlog and causes an    underflow in the tbf parent's backlog (4096 Mb instead of 0).  To fix this issue, the codepath for all clients of qdisc_dequeue_internal has been simplified: codel, pie, hhf, fq, fq_pie, and fq_codel. qdisc_dequeue_internal handles the backlog adjustments for all cases that do not directly use the dequeue handler.  The old fq_codel_change limit adjustment loop accumulated the arguments to the subsequent qdisc_tree_reduce_backlog call through the cstats field. However, this is confusing and error prone as fq_codel_dequeue could also potentially mutate this field (which qdisc_dequeue_internal calls in the non gso_skb case), so we have unified the code here with other qdiscs.	https://nvd.nist.gov/vuln/detail/CVE-2025-39677	filtered-vector-low-criticality: LOCAL scorev3<7
CVE-2025-39705	5.5	LOCAL	yes	In the Linux kernel, the following vulnerability has been resolved:  drm/amd/display: fix a Null pointer dereference vulnerability  [Why] A null pointer dereference vulnerability exists in the AMD display driver's (DC module) cleanup function dc_destruct(). When display control context (dc->ctx) construction fails (due to memory allocation failure), this pointer remains NULL. During subsequent error handling when dc_destruct() is called, there's no NULL check before dereferencing the perf_trace member (dc->ctx->perf_trace), causing a kernel null pointer dereference crash.  [How] Check if dc->ctx is non-NULL before dereferencing.  (Updated commit text and removed unnecessary error message) (cherry picked from commit 9dd8e2ba268c636c240a918e0a31e6feaee19404)	https://nvd.nist.gov/vuln/detail/CVE-2025-39705	filtered-vector-low-criticality: LOCAL scorev3<7
CVE-2025-39707	5.5	LOCAL	yes	In the Linux kernel, the following vulnerability has been resolved:  drm/amdgpu: check if hubbub is NULL in debugfs/amdgpu_dm_capabilities  HUBBUB structure is not initialized on DCE hardware, so check if it is NULL to avoid null dereference while accessing amdgpu_dm_capabilities file in debugfs.	https://nvd.nist.gov/vuln/detail/CVE-2025-39707	filtered-vector-low-criticality: LOCAL scorev3<7
CVE-2025-39732	5.5	LOCAL	yes	In the Linux kernel, the following vulnerability has been resolved:  wifi: ath11k: fix sleeping-in-atomic in ath11k_mac_op_set_bitrate_mask()  ath11k_mac_disable_peer_fixed_rate() is passed as the iterator to ieee80211_iterate_stations_atomic(). Note in this case the iterator is required to be atomic, however ath11k_mac_disable_peer_fixed_rate() does not follow it as it might sleep. Consequently below warning is seen:  BUG: sleeping function called from invalid context at wmi.c:304 Call Trace:  <TASK>  dump_stack_lvl  __might_resched.cold  ath11k_wmi_cmd_send  ath11k_wmi_set_peer_param  ath11k_mac_disable_peer_fixed_rate  ieee80211_iterate_stations_atomic  ath11k_mac_op_set_bitrate_mask.cold  Change to ieee80211_iterate_stations_mtx() to fix this issue.  Tested-on: WCN6855 hw2.0 PCI WLAN.HSP.1.1-03125-QCAHSPSWPL_V1_V2_SILICONZ_LITE-3.6510.30	https://nvd.nist.gov/vuln/detail/CVE-2025-39732	filtered-vector-low-criticality: LOCAL scorev3<7
CVE-2025-39745	5.5	LOCAL	yes	In the Linux kernel, the following vulnerability has been resolved:  rcutorture: Fix rcutorture_one_extend_check() splat in RT kernels  For built with CONFIG_PREEMPT_RT=y kernels, running rcutorture tests resulted in the following splat:  [   68.797425] rcutorture_one_extend_check during change: Current 0x1  To add 0x1  To remove 0x0  preempt_count() 0x0 [   68.797533] WARNING: CPU: 2 PID: 512 at kernel/rcu/rcutorture.c:1993 rcutorture_one_extend_check+0x419/0x560 [rcutorture] [   68.797601] Call Trace: [   68.797602]  <TASK> [   68.797619]  ? lockdep_softirqs_off+0xa5/0x160 [   68.797631]  rcutorture_one_extend+0x18e/0xcc0 [rcutorture 2466dbd2ff34dbaa36049cb323a80c3306ac997c] [   68.797646]  ? local_clock+0x19/0x40 [   68.797659]  rcu_torture_one_read+0xf0/0x280 [rcutorture 2466dbd2ff34dbaa36049cb323a80c3306ac997c] [   68.797678]  ? __pfx_rcu_torture_one_read+0x10/0x10 [rcutorture 2466dbd2ff34dbaa36049cb323a80c3306ac997c] [   68.797804]  ? __pfx_rcu_torture_timer+0x10/0x10 [rcutorture 2466dbd2ff34dbaa36049cb323a80c3306ac997c] [   68.797815] rcu-torture: rcu_torture_reader task started [   68.797824] rcu-torture: Creating rcu_torture_reader task [   68.797824]  rcu_torture_reader+0x238/0x580 [rcutorture 2466dbd2ff34dbaa36049cb323a80c3306ac997c] [   68.797836]  ? kvm_sched_clock_read+0x15/0x30  Disable BH does not change the SOFTIRQ corresponding bits in preempt_count() for RT kernels, this commit therefore use softirq_count() to check the if BH is disabled.	https://nvd.nist.gov/vuln/detail/CVE-2025-39745	filtered-vector-low-criticality: LOCAL scorev3<7
CVE-2025-39746	5.5	LOCAL	yes	In the Linux kernel, the following vulnerability has been resolved:  wifi: ath10k: shutdown driver when hardware is unreliable  In rare cases, ath10k may lose connection with the PCIe bus due to some unknown reasons, which could further lead to system crashes during resuming due to watchdog timeout:  ath10k_pci 0000:01:00.0: wmi command 20486 timeout, restarting hardware ath10k_pci 0000:01:00.0: already restarting ath10k_pci 0000:01:00.0: failed to stop WMI vdev 0: -11 ath10k_pci 0000:01:00.0: failed to stop vdev 0: -11 ieee80211 phy0: PM: **** DPM device timeout **** Call Trace:  panic+0x125/0x315  dpm_watchdog_set+0x54/0x54  dpm_watchdog_handler+0x57/0x57  call_timer_fn+0x31/0x13c  At this point, all WMI commands will timeout and attempt to restart device. So set a threshold for consecutive restart failures. If the threshold is exceeded, consider the hardware is unreliable and all ath10k operations should be skipped to avoid system crash.  fail_cont_count and pending_recovery are atomic variables, and do not involve complex conditional logic. Therefore, even if recovery check and reconfig complete are executed concurrently, the recovery mechanism will not be broken.  Tested-on: QCA6174 hw3.2 PCI WLAN.RM.4.4.1-00288-QCARMSWPZ-1	https://nvd.nist.gov/vuln/detail/CVE-2025-39746	filtered-vector-low-criticality: LOCAL scorev3<7
CVE-2025-39747	5.5	LOCAL	yes	In the Linux kernel, the following vulnerability has been resolved:  drm/msm: Add error handling for krealloc in metadata setup  Function msm_ioctl_gem_info_set_metadata() now checks for krealloc failure and returns -ENOMEM, avoiding potential NULL pointer dereference. Explicitly avoids __GFP_NOFAIL due to deadlock risks and allocation constraints.  Patchwork: https://patchwork.freedesktop.org/patch/661235/	https://nvd.nist.gov/vuln/detail/CVE-2025-39747	filtered-vector-low-criticality: LOCAL scorev3<7
CVE-2025-39748	5.5	LOCAL	yes	In the Linux kernel, the following vulnerability has been resolved:  bpf: Forget ranges when refining tnum after JSET  Syzbot reported a kernel warning due to a range invariant violation on the following BPF program.    0: call bpf_get_netns_cookie   1: if r0 == 0 goto <exit>   2: if r0 & Oxffffffff goto <exit>  The issue is on the path where we fall through both jumps.  That path is unreachable at runtime: after insn 1, we know r0 != 0, but with the sign extension on the jset, we would only fallthrough insn 2 if r0 == 0. Unfortunately, is_branch_taken() isn't currently able to figure this out, so the verifier walks all branches. The verifier then refines the register bounds using the second condition and we end up with inconsistent bounds on this unreachable path:    1: if r0 == 0 goto <exit>     r0: u64=[0x1, 0xffffffffffffffff] var_off=(0, 0xffffffffffffffff)   2: if r0 & 0xffffffff goto <exit>     r0 before reg_bounds_sync: u64=[0x1, 0xffffffffffffffff] var_off=(0, 0)     r0 after reg_bounds_sync:  u64=[0x1, 0] var_off=(0, 0)  Improving the range refinement for JSET to cover all cases is tricky. We also don't expect many users to rely on JSET given LLVM doesn't generate those instructions. So instead of improving the range refinement for JSETs, Eduard suggested we forget the ranges whenever we're narrowing tnums after a JSET. This patch implements that approach.	https://nvd.nist.gov/vuln/detail/CVE-2025-39748	filtered-vector-low-criticality: LOCAL scorev3<7
CVE-2025-39754	4.7	LOCAL	yes	In the Linux kernel, the following vulnerability has been resolved:  mm/smaps: fix race between smaps_hugetlb_range and migration  smaps_hugetlb_range() handles the pte without holdling ptl, and may be concurrenct with migration, leaing to BUG_ON in pfn_swap_entry_to_page().  The race is as follows.  smaps_hugetlb_range              migrate_pages   huge_ptep_get                                    remove_migration_ptes 				   folio_unlock   pfn_swap_entry_folio     BUG_ON  To fix it, hold ptl lock in smaps_hugetlb_range().	https://nvd.nist.gov/vuln/detail/CVE-2025-39754	filtered-vector-low-criticality: LOCAL scorev3<7
CVE-2025-39762	5.5	LOCAL	yes	In the Linux kernel, the following vulnerability has been resolved:  drm/amd/display: add null check  [WHY] Prevents null pointer dereferences to enhance function robustness  [HOW] Adds early null check and return false if invalid.	https://nvd.nist.gov/vuln/detail/CVE-2025-39762	filtered-vector-low-criticality: LOCAL scorev3<7
CVE-2025-39764	5.5	LOCAL	yes	In the Linux kernel, the following vulnerability has been resolved:  netfilter: ctnetlink: remove refcounting in expectation dumpers  Same pattern as previous patch: do not keep the expectation object alive via refcount, only store a cookie value and then use that as the skip hint for dump resumption.  AFAICS this has the same issue as the one resolved in the conntrack dumper, when we do   if (!refcount_inc_not_zero(&exp->use))  to increment the refcount, there is a chance that exp == last, which causes a double-increment of the refcount and subsequent memory leak.	https://nvd.nist.gov/vuln/detail/CVE-2025-39764	filtered-vector-low-criticality: LOCAL scorev3<7
CVE-2025-39779	5.5	LOCAL	yes	In the Linux kernel, the following vulnerability has been resolved:  btrfs: subpage: keep TOWRITE tag until folio is cleaned  btrfs_subpage_set_writeback() calls folio_start_writeback() the first time a folio is written back, and it also clears the PAGECACHE_TAG_TOWRITE tag even if there are still dirty blocks in the folio. This can break ordering guarantees, such as those required by btrfs_wait_ordered_extents().  That ordering breakage leads to a real failure. For example, running generic/464 on a zoned setup will hit the following ASSERT. This happens because the broken ordering fails to flush existing dirty pages before the file size is truncated.    assertion failed: !list_empty(&ordered->list) :: 0, in fs/btrfs/zoned.c:1899   ------------[ cut here ]------------   kernel BUG at fs/btrfs/zoned.c:1899!   Oops: invalid opcode: 0000 [#1] SMP NOPTI   CPU: 2 UID: 0 PID: 1906169 Comm: kworker/u130:2 Kdump: loaded Not tainted 6.16.0-rc6-BTRFS-ZNS+ #554 PREEMPT(voluntary)   Hardware name: Supermicro Super Server/H12SSL-NT, BIOS 2.0 02/22/2021   Workqueue: btrfs-endio-write btrfs_work_helper [btrfs]   RIP: 0010:btrfs_finish_ordered_zoned.cold+0x50/0x52 [btrfs]   RSP: 0018:ffffc9002efdbd60 EFLAGS: 00010246   RAX: 000000000000004c RBX: ffff88811923c4e0 RCX: 0000000000000000   RDX: 0000000000000000 RSI: ffffffff827e38b1 RDI: 00000000ffffffff   RBP: ffff88810005d000 R08: 00000000ffffdfff R09: ffffffff831051c8   R10: ffffffff83055220 R11: 0000000000000000 R12: ffff8881c2458c00   R13: ffff88811923c540 R14: ffff88811923c5e8 R15: ffff8881c1bd9680   FS:  0000000000000000(0000) GS:ffff88a04acd0000(0000) knlGS:0000000000000000   CS:  0010 DS: 0000 ES: 0000 CR0: 0000000080050033   CR2: 00007f907c7a918c CR3: 0000000004024000 CR4: 0000000000350ef0   Call Trace:    <TASK>    ? srso_return_thunk+0x5/0x5f    btrfs_finish_ordered_io+0x4a/0x60 [btrfs]    btrfs_work_helper+0xf9/0x490 [btrfs]    process_one_work+0x204/0x590    ? srso_return_thunk+0x5/0x5f    worker_thread+0x1d6/0x3d0    ? __pfx_worker_thread+0x10/0x10    kthread+0x118/0x230    ? __pfx_kthread+0x10/0x10    ret_from_fork+0x205/0x260    ? __pfx_kthread+0x10/0x10    ret_from_fork_asm+0x1a/0x30    </TASK>  Consider process A calling writepages() with WB_SYNC_NONE. In zoned mode or for compressed writes, it locks several folios for delalloc and starts writing them out. Let's call the last locked folio folio X. Suppose the write range only partially covers folio X, leaving some pages dirty. Process A calls btrfs_subpage_set_writeback() when building a bio. This function call clears the TOWRITE tag of folio X, whose size = 8K and the block size = 4K. It is following state.     0     4K    8K    |/////|/////|  (flag: DIRTY, tag: DIRTY)    <-----> Process A will write this range.  Now suppose process B concurrently calls writepages() with WB_SYNC_ALL. It calls tag_pages_for_writeback() to tag dirty folios with PAGECACHE_TAG_TOWRITE. Since folio X is still dirty, it gets tagged. Then, B collects tagged folios using filemap_get_folios_tag() and must wait for folio X to be written before returning from writepages().     0     4K    8K    |/////|/////|  (flag: DIRTY, tag: DIRTY|TOWRITE)  However, between tagging and collecting, process A may call btrfs_subpage_set_writeback() and clear folio X's TOWRITE tag.    0     4K    8K    |     |/////|  (flag: DIRTY|WRITEBACK, tag: DIRTY)  As a result, process B won't see folio X in its batch, and returns without waiting for it. This breaks the WB_SYNC_ALL ordering requirement.  Fix this by using btrfs_subpage_set_writeback_keepwrite(), which retains the TOWRITE tag. We now manually clear the tag only after the folio becomes clean, via the xas operation.	https://nvd.nist.gov/vuln/detail/CVE-2025-39779	filtered-vector-low-criticality: LOCAL scorev3<7
CVE-2025-39789	5.5	LOCAL	yes	In the Linux kernel, the following vulnerability has been resolved:  crypto: x86/aegis - Add missing error checks  The skcipher_walk functions can allocate memory and can fail, so checking for errors is necessary.	https://nvd.nist.gov/vuln/detail/CVE-2025-39789	filtered-vector-low-criticality: LOCAL scorev3<7
CVE-2025-39805	5.5	LOCAL	yes	In the Linux kernel, the following vulnerability has been resolved:  net: macb: fix unregister_netdev call order in macb_remove()  When removing a macb device, the driver calls phy_exit() before unregister_netdev(). This leads to a WARN from kernfs:    ------------[ cut here ]------------   kernfs: can not remove 'attached_dev', no directory   WARNING: CPU: 1 PID: 27146 at fs/kernfs/dir.c:1683   Call trace:     kernfs_remove_by_name_ns+0xd8/0xf0     sysfs_remove_link+0x24/0x58     phy_detach+0x5c/0x168     phy_disconnect+0x4c/0x70     phylink_disconnect_phy+0x6c/0xc0 [phylink]     macb_close+0x6c/0x170 [macb]     ...     macb_remove+0x60/0x168 [macb]     platform_remove+0x5c/0x80     ...  The warning happens because the PHY is being exited while the netdev is still registered. The correct order is to unregister the netdev before shutting down the PHY and cleaning up the MDIO bus.  Fix this by moving unregister_netdev() ahead of phy_exit() in macb_remove().	https://nvd.nist.gov/vuln/detail/CVE-2025-39805	filtered-vector-low-criticality: LOCAL scorev3<7
CVE-2025-39829	5.5	LOCAL	yes	In the Linux kernel, the following vulnerability has been resolved:  trace/fgraph: Fix the warning caused by missing unregister notifier  This warning was triggered during testing on v6.16:  notifier callback ftrace_suspend_notifier_call already registered WARNING: CPU: 2 PID: 86 at kernel/notifier.c:23 notifier_chain_register+0x44/0xb0 ... Call Trace:  <TASK>  blocking_notifier_chain_register+0x34/0x60  register_ftrace_graph+0x330/0x410  ftrace_profile_write+0x1e9/0x340  vfs_write+0xf8/0x420  ? filp_flush+0x8a/0xa0  ? filp_close+0x1f/0x30  ? do_dup2+0xaf/0x160  ksys_write+0x65/0xe0  do_syscall_64+0xa4/0x260  entry_SYSCALL_64_after_hwframe+0x77/0x7f  When writing to the function_profile_enabled interface, the notifier was not unregistered after start_graph_tracing failed, causing a warning the next time function_profile_enabled was written.  Fixed by adding unregister_pm_notifier in the exception path.	https://nvd.nist.gov/vuln/detail/CVE-2025-39829	filtered-vector-low-criticality: LOCAL scorev3<7
CVE-2025-39833	5.5	LOCAL	yes	In the Linux kernel, the following vulnerability has been resolved:  mISDN: hfcpci: Fix warning when deleting uninitialized timer  With CONFIG_DEBUG_OBJECTS_TIMERS unloading hfcpci module leads to the following splat:  [  250.215892] ODEBUG: assert_init not available (active state 0) object: ffffffffc01a3dc0 object type: timer_list hint: 0x0 [  250.217520] WARNING: CPU: 0 PID: 233 at lib/debugobjects.c:612 debug_print_object+0x1b6/0x2c0 [  250.218775] Modules linked in: hfcpci(-) mISDN_core [  250.219537] CPU: 0 UID: 0 PID: 233 Comm: rmmod Not tainted 6.17.0-rc2-g6f713187ac98 #2 PREEMPT(voluntary) [  250.220940] Hardware name: QEMU Ubuntu 24.04 PC (i440FX + PIIX, 1996), BIOS 1.16.3-debian-1.16.3-2 04/01/2014 [  250.222377] RIP: 0010:debug_print_object+0x1b6/0x2c0 [  250.223131] Code: fc ff df 48 89 fa 48 c1 ea 03 80 3c 02 00 75 4f 41 56 48 8b 14 dd a0 4e 01 9f 48 89 ee 48 c7 c7 20 46 01 9f e8 cb 84d [  250.225805] RSP: 0018:ffff888015ea7c08 EFLAGS: 00010286 [  250.226608] RAX: 0000000000000000 RBX: 0000000000000005 RCX: ffffffff9be93a95 [  250.227708] RDX: 1ffff1100d945138 RSI: 0000000000000008 RDI: ffff88806ca289c0 [  250.228993] RBP: ffffffff9f014a00 R08: 0000000000000001 R09: ffffed1002bd4f39 [  250.230043] R10: ffff888015ea79cf R11: 0000000000000001 R12: 0000000000000001 [  250.231185] R13: ffffffff9eea0520 R14: 0000000000000000 R15: ffff888015ea7cc8 [  250.232454] FS:  00007f3208f01540(0000) GS:ffff8880caf5a000(0000) knlGS:0000000000000000 [  250.233851] CS:  0010 DS: 0000 ES: 0000 CR0: 0000000080050033 [  250.234856] CR2: 00007f32090a7421 CR3: 0000000004d63000 CR4: 00000000000006f0 [  250.236117] Call Trace: [  250.236599]  <TASK> [  250.236967]  ? trace_irq_enable.constprop.0+0xd4/0x130 [  250.237920]  debug_object_assert_init+0x1f6/0x310 [  250.238762]  ? __pfx_debug_object_assert_init+0x10/0x10 [  250.239658]  ? __lock_acquire+0xdea/0x1c70 [  250.240369]  __try_to_del_timer_sync+0x69/0x140 [  250.241172]  ? __pfx___try_to_del_timer_sync+0x10/0x10 [  250.242058]  ? __timer_delete_sync+0xc6/0x120 [  250.242842]  ? lock_acquire+0x30/0x80 [  250.243474]  ? __timer_delete_sync+0xc6/0x120 [  250.244262]  __timer_delete_sync+0x98/0x120 [  250.245015]  HFC_cleanup+0x10/0x20 [hfcpci] [  250.245704]  __do_sys_delete_module+0x348/0x510 [  250.246461]  ? __pfx___do_sys_delete_module+0x10/0x10 [  250.247338]  do_syscall_64+0xc1/0x360 [  250.247924]  entry_SYSCALL_64_after_hwframe+0x77/0x7f  Fix this by initializing hfc_tl timer with DEFINE_TIMER macro. Also, use mod_timer instead of manual timeout update.	https://nvd.nist.gov/vuln/detail/CVE-2025-39833	filtered-vector-low-criticality: LOCAL scorev3<7
CVE-2025-39850	5.5	LOCAL	yes	In the Linux kernel, the following vulnerability has been resolved:  vxlan: Fix NPD in {arp,neigh}_reduce() when using nexthop objects  When the "proxy" option is enabled on a VXLAN device, the device will suppress ARP requests and IPv6 Neighbor Solicitation messages if it is able to reply on behalf of the remote host. That is, if a matching and valid neighbor entry is configured on the VXLAN device whose MAC address is not behind the "any" remote (0.0.0.0 / ::).  The code currently assumes that the FDB entry for the neighbor's MAC address points to a valid remote destination, but this is incorrect if the entry is associated with an FDB nexthop group. This can result in a NPD [1][3] which can be reproduced using [2][4].  Fix by checking that the remote destination exists before dereferencing it.  [1] BUG: kernel NULL pointer dereference, address: 0000000000000000 [...] CPU: 4 UID: 0 PID: 365 Comm: arping Not tainted 6.17.0-rc2-virtme-g2a89cb21162c #2 PREEMPT(voluntary) Hardware name: QEMU Standard PC (i440FX + PIIX, 1996), BIOS 1.17.0-4.fc41 04/01/2014 RIP: 0010:vxlan_xmit+0xb58/0x15f0 [...] Call Trace:  <TASK>  dev_hard_start_xmit+0x5d/0x1c0  __dev_queue_xmit+0x246/0xfd0  packet_sendmsg+0x113a/0x1850  __sock_sendmsg+0x38/0x70  __sys_sendto+0x126/0x180  __x64_sys_sendto+0x24/0x30  do_syscall_64+0xa4/0x260  entry_SYSCALL_64_after_hwframe+0x4b/0x53  [2]  #!/bin/bash   ip address add 192.0.2.1/32 dev lo   ip nexthop add id 1 via 192.0.2.2 fdb  ip nexthop add id 10 group 1 fdb   ip link add name vx0 up type vxlan id 10010 local 192.0.2.1 dstport 4789 proxy   ip neigh add 192.0.2.3 lladdr 00:11:22:33:44:55 nud perm dev vx0   bridge fdb add 00:11:22:33:44:55 dev vx0 self static nhid 10   arping -b -c 1 -s 192.0.2.1 -I vx0 192.0.2.3  [3] BUG: kernel NULL pointer dereference, address: 0000000000000000 [...] CPU: 13 UID: 0 PID: 372 Comm: ndisc6 Not tainted 6.17.0-rc2-virtmne-g6ee90cb26014 #3 PREEMPT(voluntary) Hardware name: QEMU Standard PC (i440FX + PIIX, 1v996), BIOS 1.17.0-4.fc41 04/01/2x014 RIP: 0010:vxlan_xmit+0x803/0x1600 [...] Call Trace:  <TASK>  dev_hard_start_xmit+0x5d/0x1c0  __dev_queue_xmit+0x246/0xfd0  ip6_finish_output2+0x210/0x6c0  ip6_finish_output+0x1af/0x2b0  ip6_mr_output+0x92/0x3e0  ip6_send_skb+0x30/0x90  rawv6_sendmsg+0xe6e/0x12e0  __sock_sendmsg+0x38/0x70  __sys_sendto+0x126/0x180  __x64_sys_sendto+0x24/0x30  do_syscall_64+0xa4/0x260  entry_SYSCALL_64_after_hwframe+0x4b/0x53 RIP: 0033:0x7f383422ec77  [4]  #!/bin/bash   ip address add 2001:db8:1::1/128 dev lo   ip nexthop add id 1 via 2001:db8:1::1 fdb  ip nexthop add id 10 group 1 fdb   ip link add name vx0 up type vxlan id 10010 local 2001:db8:1::1 dstport 4789 proxy   ip neigh add 2001:db8:1::3 lladdr 00:11:22:33:44:55 nud perm dev vx0   bridge fdb add 00:11:22:33:44:55 dev vx0 self static nhid 10   ndisc6 -r 1 -s 2001:db8:1::1 -w 1 2001:db8:1::3 vx0	https://nvd.nist.gov/vuln/detail/CVE-2025-39850	filtered-vector-low-criticality: LOCAL scorev3<7
CVE-2025-39851	5.5	LOCAL	yes	In the Linux kernel, the following vulnerability has been resolved:  vxlan: Fix NPD when refreshing an FDB entry with a nexthop object  VXLAN FDB entries can point to either a remote destination or an FDB nexthop group. The latter is usually used in EVPN deployments where learning is disabled.  However, when learning is enabled, an incoming packet might try to refresh an FDB entry that points to an FDB nexthop group and therefore does not have a remote. Such packets should be dropped, but they are only dropped after dereferencing the non-existent remote, resulting in a NPD [1] which can be reproduced using [2].  Fix by dropping such packets earlier. Remove the misleading comment from first_remote_rcu().  [1] BUG: kernel NULL pointer dereference, address: 0000000000000000 [...] CPU: 13 UID: 0 PID: 361 Comm: mausezahn Not tainted 6.17.0-rc1-virtme-g9f6b606b6b37 #1 PREEMPT(voluntary) Hardware name: QEMU Standard PC (i440FX + PIIX, 1996), BIOS 1.17.0-4.fc41 04/01/2014 RIP: 0010:vxlan_snoop+0x98/0x1e0 [...] Call Trace:  <TASK>  vxlan_encap_bypass+0x209/0x240  encap_bypass_if_local+0xb1/0x100  vxlan_xmit_one+0x1375/0x17e0  vxlan_xmit+0x6b4/0x15f0  dev_hard_start_xmit+0x5d/0x1c0  __dev_queue_xmit+0x246/0xfd0  packet_sendmsg+0x113a/0x1850  __sock_sendmsg+0x38/0x70  __sys_sendto+0x126/0x180  __x64_sys_sendto+0x24/0x30  do_syscall_64+0xa4/0x260  entry_SYSCALL_64_after_hwframe+0x4b/0x53  [2]  #!/bin/bash   ip address add 192.0.2.1/32 dev lo  ip address add 192.0.2.2/32 dev lo   ip nexthop add id 1 via 192.0.2.3 fdb  ip nexthop add id 10 group 1 fdb   ip link add name vx0 up type vxlan id 10010 local 192.0.2.1 dstport 12345 localbypass  ip link add name vx1 up type vxlan id 10020 local 192.0.2.2 dstport 54321 learning   bridge fdb add 00:11:22:33:44:55 dev vx0 self static dst 192.0.2.2 port 54321 vni 10020  bridge fdb add 00:aa:bb:cc:dd:ee dev vx1 self static nhid 10   mausezahn vx0 -a 00:aa:bb:cc:dd:ee -b 00:11:22:33:44:55 -c 1 -q	https://nvd.nist.gov/vuln/detail/CVE-2025-39851	filtered-vector-low-criticality: LOCAL scorev3<7
CVE-2025-39910	5.5	LOCAL	yes	In the Linux kernel, the following vulnerability has been resolved:  mm/vmalloc, mm/kasan: respect gfp mask in kasan_populate_vmalloc()  kasan_populate_vmalloc() and its helpers ignore the caller's gfp_mask and always allocate memory using the hardcoded GFP_KERNEL flag.  This makes them inconsistent with vmalloc(), which was recently extended to support GFP_NOFS and GFP_NOIO allocations.  Page table allocations performed during shadow population also ignore the external gfp_mask.  To preserve the intended semantics of GFP_NOFS and GFP_NOIO, wrap the apply_to_page_range() calls into the appropriate memalloc scope.  xfs calls vmalloc with GFP_NOFS, so this bug could lead to deadlock.  There was a report here https://lkml.kernel.org/r/686ea951.050a0220.385921.0016.GAE@google.com  This patch:  - Extends kasan_populate_vmalloc() and helpers to take gfp_mask;  - Passes gfp_mask down to alloc_pages_bulk() and __get_free_page();  - Enforces GFP_NOFS/NOIO semantics with memalloc_*_save()/restore()    around apply_to_page_range();  - Updates vmalloc.c and percpu allocator call sites accordingly.	https://nvd.nist.gov/vuln/detail/CVE-2025-39910	filtered-vector-low-criticality: LOCAL scorev3<7
CVE-2025-39925	5.5	LOCAL	yes	In the Linux kernel, the following vulnerability has been resolved:  can: j1939: implement NETDEV_UNREGISTER notification handler  syzbot is reporting    unregister_netdevice: waiting for vcan0 to become free. Usage count = 2  problem, for j1939 protocol did not have NETDEV_UNREGISTER notification handler for undoing changes made by j1939_sk_bind().  Commit 25fe97cb7620 ("can: j1939: move j1939_priv_put() into sk_destruct callback") expects that a call to j1939_priv_put() can be unconditionally delayed until j1939_sk_sock_destruct() is called. But we need to call j1939_priv_put() against an extra ref held by j1939_sk_bind() call (as a part of undoing changes made by j1939_sk_bind()) as soon as NETDEV_UNREGISTER notification fires (i.e. before j1939_sk_sock_destruct() is called via j1939_sk_release()). Otherwise, the extra ref on "struct j1939_priv" held by j1939_sk_bind() call prevents "struct net_device" from dropping the usage count to 1; making it impossible for unregister_netdevice() to continue.  [mkl: remove space in front of label]	https://nvd.nist.gov/vuln/detail/CVE-2025-39925	filtered-vector-low-criticality: LOCAL scorev3<7
CVE-2025-39927	4.7	LOCAL	yes	In the Linux kernel, the following vulnerability has been resolved:  ceph: fix race condition validating r_parent before applying state  Add validation to ensure the cached parent directory inode matches the directory info in MDS replies. This prevents client-side race conditions where concurrent operations (e.g. rename) cause r_parent to become stale between request initiation and reply processing, which could lead to applying state changes to incorrect directory inodes.  [ idryomov: folded a kerneldoc fixup and a follow-up fix from Alex to   move CEPH_CAP_PIN reference when r_parent is updated:    When the parent directory lock is not held, req->r_parent can become   stale and is updated to point to the correct inode.  However, the   associated CEPH_CAP_PIN reference was not being adjusted.  The   CEPH_CAP_PIN is a reference on an inode that is tracked for   accounting purposes.  Moving this pin is important to keep the   accounting balanced. When the pin was not moved from the old parent   to the new one, it created two problems: The reference on the old,   stale parent was never released, causing a reference leak.   A reference for the new parent was never acquired, creating the risk   of a reference underflow later in ceph_mdsc_release_request().  This   patch corrects the logic by releasing the pin from the old parent and   acquiring it for the new parent when r_parent is switched.  This   ensures reference accounting stays balanced. ]	https://nvd.nist.gov/vuln/detail/CVE-2025-39927	not-applicable-config: Ceph path disabled (CONFIG_CEPH_LIB, CONFIG_CEPH_FS disabled)
CVE-2025-39932	5.5	LOCAL	yes	In the Linux kernel, the following vulnerability has been resolved:  smb: client: let smbd_destroy() call disable_work_sync(&info->post_send_credits_work)  In smbd_destroy() we may destroy the memory so we better wait until post_send_credits_work is no longer pending and will never be started again.  I actually just hit the case using rxe:  WARNING: CPU: 0 PID: 138 at drivers/infiniband/sw/rxe/rxe_verbs.c:1032 rxe_post_recv+0x1ee/0x480 [rdma_rxe] ... [ 5305.686979] [    T138]  smbd_post_recv+0x445/0xc10 [cifs] [ 5305.687135] [    T138]  ? srso_alias_return_thunk+0x5/0xfbef5 [ 5305.687149] [    T138]  ? __kasan_check_write+0x14/0x30 [ 5305.687185] [    T138]  ? __pfx_smbd_post_recv+0x10/0x10 [cifs] [ 5305.687329] [    T138]  ? __pfx__raw_spin_lock_irqsave+0x10/0x10 [ 5305.687356] [    T138]  ? srso_alias_return_thunk+0x5/0xfbef5 [ 5305.687368] [    T138]  ? srso_alias_return_thunk+0x5/0xfbef5 [ 5305.687378] [    T138]  ? _raw_spin_unlock_irqrestore+0x11/0x60 [ 5305.687389] [    T138]  ? srso_alias_return_thunk+0x5/0xfbef5 [ 5305.687399] [    T138]  ? get_receive_buffer+0x168/0x210 [cifs] [ 5305.687555] [    T138]  smbd_post_send_credits+0x382/0x4b0 [cifs] [ 5305.687701] [    T138]  ? __pfx_smbd_post_send_credits+0x10/0x10 [cifs] [ 5305.687855] [    T138]  ? __pfx___schedule+0x10/0x10 [ 5305.687865] [    T138]  ? __pfx__raw_spin_lock_irq+0x10/0x10 [ 5305.687875] [    T138]  ? queue_delayed_work_on+0x8e/0xa0 [ 5305.687889] [    T138]  process_one_work+0x629/0xf80 [ 5305.687908] [    T138]  ? srso_alias_return_thunk+0x5/0xfbef5 [ 5305.687917] [    T138]  ? __kasan_check_write+0x14/0x30 [ 5305.687933] [    T138]  worker_thread+0x87f/0x1570 ...  It means rxe_post_recv was called after rdma_destroy_qp(). This happened because put_receive_buffer() was triggered by ib_drain_qp() and called: queue_work(info->workqueue, &info->post_send_credits_work);	https://nvd.nist.gov/vuln/detail/CVE-2025-39932	not-applicable-config: SMB client disabled (CONFIG_CIFS disabled)
CVE-2025-39933	5.5	LOCAL	yes	In the Linux kernel, the following vulnerability has been resolved:  smb: client: let recv_done verify data_offset, data_length and remaining_data_length  This is inspired by the related server fixes.	https://nvd.nist.gov/vuln/detail/CVE-2025-39933	not-applicable-config: SMB client disabled (CONFIG_CIFS disabled)
CVE-2025-39940	5.5	LOCAL	yes	In the Linux kernel, the following vulnerability has been resolved:  dm-stripe: fix a possible integer overflow  There's a possible integer overflow in stripe_io_hints if we have too large chunk size. Test if the overflow happened, and if it did, don't set limits->io_min and limits->io_opt;	https://nvd.nist.gov/vuln/detail/CVE-2025-39940	filtered-vector-low-criticality: LOCAL scorev3<7
CVE-2025-39948	5.5	LOCAL	yes	In the Linux kernel, the following vulnerability has been resolved:  ice: fix Rx page leak on multi-buffer frames  The ice_put_rx_mbuf() function handles calling ice_put_rx_buf() for each buffer in the current frame. This function was introduced as part of handling multi-buffer XDP support in the ice driver.  It works by iterating over the buffers from first_desc up to 1 plus the total number of fragments in the frame, cached from before the XDP program was executed.  If the hardware posts a descriptor with a size of 0, the logic used in ice_put_rx_mbuf() breaks. Such descriptors get skipped and don't get added as fragments in ice_add_xdp_frag. Since the buffer isn't counted as a fragment, we do not iterate over it in ice_put_rx_mbuf(), and thus we don't call ice_put_rx_buf().  Because we don't call ice_put_rx_buf(), we don't attempt to re-use the page or free it. This leaves a stale page in the ring, as we don't increment next_to_alloc.  The ice_reuse_rx_page() assumes that the next_to_alloc has been incremented properly, and that it always points to a buffer with a NULL page. Since this function doesn't check, it will happily recycle a page over the top of the next_to_alloc buffer, losing track of the old page.  Note that this leak only occurs for multi-buffer frames. The ice_put_rx_mbuf() function always handles at least one buffer, so a single-buffer frame will always get handled correctly. It is not clear precisely why the hardware hands us descriptors with a size of 0 sometimes, but it happens somewhat regularly with "jumbo frames" used by 9K MTU.  To fix ice_put_rx_mbuf(), we need to make sure to call ice_put_rx_buf() on all buffers between first_desc and next_to_clean. Borrow the logic of a similar function in i40e used for this same purpose. Use the same logic also in ice_get_pgcnts().  Instead of iterating over just the number of fragments, use a loop which iterates until the current index reaches to the next_to_clean element just past the current frame. Unlike i40e, the ice_put_rx_mbuf() function does call ice_put_rx_buf() on the last buffer of the frame indicating the end of packet.  For non-linear (multi-buffer) frames, we need to take care when adjusting the pagecnt_bias. An XDP program might release fragments from the tail of the frame, in which case that fragment page is already released. Only update the pagecnt_bias for the first descriptor and fragments still remaining post-XDP program. Take care to only access the shared info for fragmented buffers, as this avoids a significant cache miss.  The xdp_xmit value only needs to be updated if an XDP program is run, and only once per packet. Drop the xdp_xmit pointer argument from ice_put_rx_mbuf(). Instead, set xdp_xmit in the ice_clean_rx_irq() function directly. This avoids needing to pass the argument and avoids an extra bit-wise OR for each buffer in the frame.  Move the increment of the ntc local variable to ensure its updated *before* all calls to ice_get_pgcnts() or ice_put_rx_mbuf(), as the loop logic requires the index of the element just after the current frame.  Now that we use an index pointer in the ring to identify the packet, we no longer need to track or cache the number of fragments in the rx_ring.	https://nvd.nist.gov/vuln/detail/CVE-2025-39948	filtered-vector-low-criticality: LOCAL scorev3<7
CVE-2025-40325	5.5	LOCAL	yes	In the Linux kernel, the following vulnerability has been resolved:  md/raid10: wait barrier before returning discard request with REQ_NOWAIT  raid10_handle_discard should wait barrier before returning a discard bio which has REQ_NOWAIT. And there is no need to print warning calltrace if a discard bio has REQ_NOWAIT flag. Quality engineer usually checks dmesg and reports error if dmesg has warning/error calltrace.	https://nvd.nist.gov/vuln/detail/CVE-2025-40325	filtered-vector-low-criticality: LOCAL scorev3<7
CVE-2025-4598	4.7	LOCAL	no	A vulnerability was found in systemd-coredump. This flaw allows an attacker to force a SUID process to crash and replace it with a non-SUID binary to access the original's privileged process coredump, allowing the attacker to read sensitive data, such as /etc/shadow content, loaded by the original process.  A SUID binary or process has a special type of permission, which allows the process to run with the file owner's permissions, regardless of the user executing the binary. This allows the process to access more restricted data than unprivileged users or processes would be able to. An attacker can leverage this flaw by forcing a SUID process to crash and force the Linux kernel to recycle the process PID before systemd-coredump can analyze the /proc/pid/auxv file. If the attacker wins the race condition, they gain access to the original's SUID process coredump file. They can read sensitive content loaded into memory by the original binary, affecting data confidentiality.	https://nvd.nist.gov/vuln/detail/CVE-2025-4598	filtered-vector-low-criticality: LOCAL scorev3<7
CVE-2025-71072	5.5	LOCAL	yes	In the Linux kernel, the following vulnerability has been resolved:  shmem: fix recovery on rename failures  maple_tree insertions can fail if we are seriously short on memory; simple_offset_rename() does not recover well if it runs into that. The same goes for simple_offset_rename_exchange().  Moreover, shmem_whiteout() expects that if it succeeds, the caller will progress to d_move(), i.e. that shmem_rename2() won't fail past the successful call of shmem_whiteout().  Not hard to fix, fortunately - mtree_store() can't fail if the index we are trying to store into is already present in the tree as a singleton.  For simple_offset_rename_exchange() that's enough - we just need to be careful about the order of operations.  For simple_offset_rename() solution is to preinsert the target into the tree for new_dir; the rest can be done without any potentially failing operations.  That preinsertion has to be done in shmem_rename2() rather than in simple_offset_rename() itself - otherwise we'd need to deal with the possibility of failure after successful shmem_whiteout().	https://nvd.nist.gov/vuln/detail/CVE-2025-71072	filtered-vector-low-criticality: LOCAL scorev3<7
CVE-2025-71074	4.7	LOCAL	yes	In the Linux kernel, the following vulnerability has been resolved:  functionfs: fix the open/removal races  ffs_epfile_open() can race with removal, ending up with file->private_data pointing to freed object.  There is a total count of opened files on functionfs (both ep0 and dynamic ones) and when it hits zero, dynamic files get removed. Unfortunately, that removal can happen while another thread is in ffs_epfile_open(), but has not incremented the count yet. In that case open will succeed, leaving us with UAF on any subsequent read() or write().  The root cause is that ffs->opened is misused; atomic_dec_and_test() vs. atomic_add_return() is not a good idea, when object remains visible all along.  To untangle that 	* serialize openers on ffs->mutex (both for ep0 and for dynamic files) 	* have dynamic ones use atomic_inc_not_zero() and fail if we had zero ->opened; in that case the file we are opening is doomed. 	* have the inodes of dynamic files marked on removal (from the callback of simple_recursive_removal()) - clear ->i_private there. 	* have open of dynamic ones verify they hadn't been already removed, along with checking that state is FFS_ACTIVE.	https://nvd.nist.gov/vuln/detail/CVE-2025-71074	filtered-vector-low-criticality: LOCAL scorev3<7
CVE-2025-71109	5.5	LOCAL	yes	In the Linux kernel, the following vulnerability has been resolved:  MIPS: ftrace: Fix memory corruption when kernel is located beyond 32 bits  Since commit e424054000878 ("MIPS: Tracing: Reduce the overhead of dynamic Function Tracer"), the macro UASM_i_LA_mostly has been used, and this macro can generate more than 2 instructions. At the same time, the code in ftrace assumes that no more than 2 instructions can be generated, which is why it stores them in an int[2] array. However, as previously noted, the macro UASM_i_LA_mostly (and now UASM_i_LA) causes a buffer overflow when _mcount is beyond 32 bits. This leads to corruption of the variables located in the __read_mostly section.  This corruption was observed because the variable __cpu_primary_thread_mask was corrupted, causing a hang very early during boot.  This fix prevents the corruption by avoiding the generation of instructions if they could exceed 2 instructions in length. Fortunately, insn_la_mcount is only used if the instrumented code is located outside the kernel code section, so dynamic ftrace can still be used, albeit in a more limited scope. This is still preferable to corrupting memory and/or crashing the kernel.	https://nvd.nist.gov/vuln/detail/CVE-2025-71109	filtered-vector-low-criticality: LOCAL scorev3<7
CVE-2025-71161	5.5	LOCAL	yes	In the Linux kernel, the following vulnerability has been resolved:  dm-verity: disable recursive forward error correction  There are two problems with the recursive correction:  1. It may cause denial-of-service. In fec_read_bufs, there is a loop that has 253 iterations. For each iteration, we may call verity_hash_for_block recursively. There is a limit of 4 nested recursions - that means that there may be at most 253^4 (4 billion) iterations. Red Hat QE team actually created an image that pushes dm-verity to this limit - and this image just makes the udev-worker process get stuck in the 'D' state.  2. It doesn't work. In fec_read_bufs we store data into the variable "fio->bufs", but fio bufs is shared between recursive invocations, if "verity_hash_for_block" invoked correction recursively, it would overwrite partially filled fio->bufs.	https://nvd.nist.gov/vuln/detail/CVE-2025-71161	filtered-vector-low-criticality: LOCAL scorev3<7
CVE-2025-71184	5.5	LOCAL	yes	In the Linux kernel, the following vulnerability has been resolved:  btrfs: fix NULL dereference on root when tracing inode eviction  When evicting an inode the first thing we do is to setup tracing for it, which implies fetching the root's id. But in btrfs_evict_inode() the root might be NULL, as implied in the next check that we do in btrfs_evict_inode().  Hence, we either should set the ->root_objectid to 0 in case the root is NULL, or we move tracing setup after checking that the root is not NULL. Setting the rootid to 0 at least gives us the possibility to trace this call even in the case when the root is NULL, so that's the solution taken here.	https://nvd.nist.gov/vuln/detail/CVE-2025-71184	filtered-vector-low-criticality: LOCAL scorev3<7
CVE-2025-71202	5.5	LOCAL	yes	In the Linux kernel, the following vulnerability has been resolved:  iommu/sva: invalidate stale IOTLB entries for kernel address space  Introduce a new IOMMU interface to flush IOTLB paging cache entries for the CPU kernel address space.  This interface is invoked from the x86 architecture code that manages combined user and kernel page tables, specifically before any kernel page table page is freed and reused.  This addresses the main issue with vfree() which is a common occurrence and can be triggered by unprivileged users.  While this resolves the primary problem, it doesn't address some extremely rare case related to memory unplug of memory that was present as reserved memory at boot, which cannot be triggered by unprivileged users.  The discussion can be found at the link below.  Enable SVA on x86 architecture since the IOMMU can now receive notification to flush the paging cache before freeing the CPU kernel page table pages.	https://nvd.nist.gov/vuln/detail/CVE-2025-71202	filtered-vector-low-criticality: LOCAL scorev3<7
CVE-2025-71225	5.3	LOCAL	yes	In the Linux kernel, the following vulnerability has been resolved:  md: suspend array while updating raid_disks via sysfs  In raid1_reshape(), freeze_array() is called before modifying the r1bio memory pool (conf->r1bio_pool) and conf->raid_disks, and unfreeze_array() is called after the update is completed.  However, freeze_array() only waits until nr_sync_pending and (nr_pending - nr_queued) of all buckets reaches zero. When an I/O error occurs, nr_queued is increased and the corresponding r1bio is queued to either retry_list or bio_end_io_list. As a result, freeze_array() may unblock before these r1bios are released.  This can lead to a situation where conf->raid_disks and the mempool have already been updated while queued r1bios, allocated with the old raid_disks value, are later released. Consequently, free_r1bio() may access memory out of bounds in put_all_bios() and release r1bios of the wrong size to the new mempool, potentially causing issues with the mempool as well.  Since only normal I/O might increase nr_queued while an I/O error occurs, suspending the array avoids this issue.  Note: Updating raid_disks via ioctl SET_ARRAY_INFO already suspends the array. Therefore, we suspend the array when updating raid_disks via sysfs to avoid this issue too.	https://nvd.nist.gov/vuln/detail/CVE-2025-71225	filtered-vector-low-criticality: LOCAL scorev3<7
CVE-2025-71227	5.5	LOCAL	yes	In the Linux kernel, the following vulnerability has been resolved:  wifi: mac80211: don't WARN for connections on invalid channels  It's not clear (to me) how exactly syzbot managed to hit this, but it seems conceivable that e.g. regulatory changed and has disabled a channel between scanning (channel is checked to be usable by cfg80211_get_ies_channel_number) and connecting on the channel later.  With one scenario that isn't covered elsewhere described above, the warning isn't good, replace it with a (more informative) error message.	https://nvd.nist.gov/vuln/detail/CVE-2025-71227	filtered-vector-low-criticality: LOCAL scorev3<7
CVE-2026-22996	5.5	LOCAL	yes	In the Linux kernel, the following vulnerability has been resolved:  net/mlx5e: Don't store mlx5e_priv in mlx5e_dev devlink priv  mlx5e_priv is an unstable structure that can be memset(0) if profile attaching fails, mlx5e_priv in mlx5e_dev devlink private is used to reference the netdev and mdev associated with that struct. Instead, store netdev directly into mlx5e_dev and get mdev from the containing mlx5_adev aux device structure.  This fixes a kernel oops in mlx5e_remove when switchdev mode fails due to change profile failure.  $ devlink dev eswitch set pci/0000:00:03.0 mode switchdev Error: mlx5_core: Failed setting eswitch to offloads. dmesg: workqueue: Failed to create a rescuer kthread for wq "mlx5e": -EINTR mlx5_core 0012:03:00.1: mlx5e_netdev_init_profile:6214:(pid 37199): mlx5e_priv_init failed, err=-12 mlx5_core 0012:03:00.1 gpu3rdma1: mlx5e_netdev_change_profile: new profile init failed, -12 workqueue: Failed to create a rescuer kthread for wq "mlx5e": -EINTR mlx5_core 0012:03:00.1: mlx5e_netdev_init_profile:6214:(pid 37199): mlx5e_priv_init failed, err=-12 mlx5_core 0012:03:00.1 gpu3rdma1: mlx5e_netdev_change_profile: failed to rollback to orig profile, -12  $ devlink dev reload pci/0000:00:03.0 ==> oops  BUG: kernel NULL pointer dereference, address: 0000000000000520  #PF: supervisor read access in kernel mode  #PF: error_code(0x0000) - not-present page PGD 0 P4D 0 Oops: Oops: 0000 [#1] SMP NOPTI CPU: 3 UID: 0 PID: 521 Comm: devlink Not tainted 6.18.0-rc5+ #117 PREEMPT(voluntary) Hardware name: QEMU Standard PC (Q35 + ICH9, 2009), BIOS 1.16.3-2.fc40 04/01/2014 RIP: 0010:mlx5e_remove+0x68/0x130 RSP: 0018:ffffc900034838f0 EFLAGS: 00010246 RAX: ffff88810283c380 RBX: ffff888101874400 RCX: ffffffff826ffc45 RDX: 0000000000000000 RSI: 0000000000000001 RDI: 0000000000000000 RBP: ffff888102d789c0 R08: ffff8881007137f0 R09: ffff888100264e10 R10: ffffc90003483898 R11: ffffc900034838a0 R12: ffff888100d261a0 R13: ffff888100d261a0 R14: ffff8881018749a0 R15: ffff888101874400 FS:  00007f8565fea740(0000) GS:ffff88856a759000(0000) knlGS:0000000000000000 CS:  0010 DS: 0000 ES: 0000 CR0: 0000000080050033 CR2: 0000000000000520 CR3: 000000010b11a004 CR4: 0000000000370ef0 Call Trace:  <TASK>  device_release_driver_internal+0x19c/0x200  bus_remove_device+0xc6/0x130  device_del+0x160/0x3d0  ? devl_param_driverinit_value_get+0x2d/0x90  mlx5_detach_device+0x89/0xe0  mlx5_unload_one_devl_locked+0x3a/0x70  mlx5_devlink_reload_down+0xc8/0x220  devlink_reload+0x7d/0x260  devlink_nl_reload_doit+0x45b/0x5a0  genl_family_rcv_msg_doit+0xe8/0x140	https://nvd.nist.gov/vuln/detail/CVE-2026-22996	filtered-vector-low-criticality: LOCAL scorev3<7
CVE-2026-23000	5.5	LOCAL	yes	In the Linux kernel, the following vulnerability has been resolved:  net/mlx5e: Fix crash on profile change rollback failure  mlx5e_netdev_change_profile can fail to attach a new profile and can fail to rollback to old profile, in such case, we could end up with a dangling netdev with a fully reset netdev_priv. A retry to change profile, e.g. another attempt to call mlx5e_netdev_change_profile via switchdev mode change, will crash trying to access the now NULL priv->mdev.  This fix allows mlx5e_netdev_change_profile() to handle previous failures and an empty priv, by not assuming priv is valid.  Pass netdev and mdev to all flows requiring mlx5e_netdev_change_profile() and avoid passing priv. In mlx5e_netdev_change_profile() check if current priv is valid, and if not, just attach the new profile without trying to access the old one.  This fixes the following oops, when enabling switchdev mode for the 2nd time after first time failure:   ## Enabling switchdev mode first time:  mlx5_core 0012:03:00.1: E-Switch: Supported tc chains and prios offload workqueue: Failed to create a rescuer kthread for wq "mlx5e": -EINTR mlx5_core 0012:03:00.1: mlx5e_netdev_init_profile:6214:(pid 37199): mlx5e_priv_init failed, err=-12 mlx5_core 0012:03:00.1 gpu3rdma1: mlx5e_netdev_change_profile: new profile init failed, -12 workqueue: Failed to create a rescuer kthread for wq "mlx5e": -EINTR mlx5_core 0012:03:00.1: mlx5e_netdev_init_profile:6214:(pid 37199): mlx5e_priv_init failed, err=-12 mlx5_core 0012:03:00.1 gpu3rdma1: mlx5e_netdev_change_profile: failed to rollback to orig profile, -12                                                                          ^^^^^^^^ mlx5_core 0000:00:03.0: E-Switch: Disable: mode(LEGACY), nvfs(0), necvfs(0), active vports(0)   ## retry: Enabling switchdev mode 2nd time:  mlx5_core 0000:00:03.0: E-Switch: Supported tc chains and prios offload BUG: kernel NULL pointer dereference, address: 0000000000000038  #PF: supervisor read access in kernel mode  #PF: error_code(0x0000) - not-present page PGD 0 P4D 0 Oops: Oops: 0000 [#1] SMP NOPTI CPU: 13 UID: 0 PID: 520 Comm: devlink Not tainted 6.18.0-rc4+ #91 PREEMPT(voluntary) Hardware name: QEMU Standard PC (Q35 + ICH9, 2009), BIOS 1.16.3-2.fc40 04/01/2014 RIP: 0010:mlx5e_detach_netdev+0x3c/0x90 Code: 50 00 00 f0 80 4f 78 02 48 8b bf e8 07 00 00 48 85 ff 74 16 48 8b 73 78 48 d1 ee 83 e6 01 83 f6 01 40 0f b6 f6 e8 c4 42 00 00 <48> 8b 45 38 48 85 c0 74 08 48 89 df e8 cc 47 40 1e 48 8b bb f0 07 RSP: 0018:ffffc90000673890 EFLAGS: 00010246 RAX: 0000000000000000 RBX: ffff8881036a89c0 RCX: 0000000000000000 RDX: ffff888113f63800 RSI: ffffffff822fe720 RDI: 0000000000000000 RBP: 0000000000000000 R08: 0000000000002dcd R09: 0000000000000000 R10: ffffc900006738e8 R11: 00000000ffffffff R12: 0000000000000000 R13: 0000000000000000 R14: ffff8881036a89c0 R15: 0000000000000000 FS:  00007fdfb8384740(0000) GS:ffff88856a9d6000(0000) knlGS:0000000000000000 CS:  0010 DS: 0000 ES: 0000 CR0: 0000000080050033 CR2: 0000000000000038 CR3: 0000000112ae0005 CR4: 0000000000370ef0 Call Trace:  <TASK>  mlx5e_netdev_change_profile+0x45/0xb0  mlx5e_vport_rep_load+0x27b/0x2d0  mlx5_esw_offloads_rep_load+0x72/0xf0  esw_offloads_enable+0x5d0/0x970  mlx5_eswitch_enable_locked+0x349/0x430  ? is_mp_supported+0x57/0xb0  mlx5_devlink_eswitch_mode_set+0x26b/0x430  devlink_nl_eswitch_set_doit+0x6f/0xf0  genl_family_rcv_msg_doit+0xe8/0x140  genl_rcv_msg+0x18b/0x290  ? __pfx_devlink_nl_pre_doit+0x10/0x10  ? __pfx_devlink_nl_eswitch_set_doit+0x10/0x10  ? __pfx_devlink_nl_post_doit+0x10/0x10  ? __pfx_genl_rcv_msg+0x10/0x10  netlink_rcv_skb+0x52/0x100  genl_rcv+0x28/0x40  netlink_unicast+0x282/0x3e0  ? __alloc_skb+0xd6/0x190  netlink_sendmsg+0x1f7/0x430  __sys_sendto+0x213/0x220  ? __sys_recvmsg+0x6a/0xd0  __x64_sys_sendto+0x24/0x30  do_syscall_64+0x50/0x1f0  entry_SYSCALL_64_after_hwframe+0x76/0x7e RIP: 0033:0x7fdfb8495047	https://nvd.nist.gov/vuln/detail/CVE-2026-23000	filtered-vector-low-criticality: LOCAL scorev3<7
CVE-2026-23004	4.7	LOCAL	yes	In the Linux kernel, the following vulnerability has been resolved:  dst: fix races in rt6_uncached_list_del() and rt_del_uncached_list()  syzbot was able to crash the kernel in rt6_uncached_list_flush_dev() in an interesting way [1]  Crash happens in list_del_init()/INIT_LIST_HEAD() while writing list->prev, while the prior write on list->next went well.  static inline void INIT_LIST_HEAD(struct list_head *list) { 	WRITE_ONCE(list->next, list); // This went well 	WRITE_ONCE(list->prev, list); // Crash, @list has been freed. }  Issue here is that rt6_uncached_list_del() did not attempt to lock ul->lock, as list_empty(&rt->dst.rt_uncached) returned true because the WRITE_ONCE(list->next, list) happened on the other CPU.  We might use list_del_init_careful() and list_empty_careful(), or make sure rt6_uncached_list_del() always grabs the spinlock whenever rt->dst.rt_uncached_list has been set.  A similar fix is neeed for IPv4.  [1]   BUG: KASAN: slab-use-after-free in INIT_LIST_HEAD include/linux/list.h:46 [inline]  BUG: KASAN: slab-use-after-free in list_del_init include/linux/list.h:296 [inline]  BUG: KASAN: slab-use-after-free in rt6_uncached_list_flush_dev net/ipv6/route.c:191 [inline]  BUG: KASAN: slab-use-after-free in rt6_disable_ip+0x633/0x730 net/ipv6/route.c:5020 Write of size 8 at addr ffff8880294cfa78 by task kworker/u8:14/3450  CPU: 0 UID: 0 PID: 3450 Comm: kworker/u8:14 Tainted: G             L      syzkaller #0 PREEMPT_{RT,(full)} Tainted: [L]=SOFTLOCKUP Hardware name: Google Google Compute Engine/Google Compute Engine, BIOS Google 10/25/2025 Workqueue: netns cleanup_net Call Trace:  <TASK>   dump_stack_lvl+0xe8/0x150 lib/dump_stack.c:120   print_address_description mm/kasan/report.c:378 [inline]   print_report+0xca/0x240 mm/kasan/report.c:482   kasan_report+0x118/0x150 mm/kasan/report.c:595   INIT_LIST_HEAD include/linux/list.h:46 [inline]   list_del_init include/linux/list.h:296 [inline]   rt6_uncached_list_flush_dev net/ipv6/route.c:191 [inline]   rt6_disable_ip+0x633/0x730 net/ipv6/route.c:5020   addrconf_ifdown+0x143/0x18a0 net/ipv6/addrconf.c:3853  addrconf_notify+0x1bc/0x1050 net/ipv6/addrconf.c:-1   notifier_call_chain+0x19d/0x3a0 kernel/notifier.c:85   call_netdevice_notifiers_extack net/core/dev.c:2268 [inline]   call_netdevice_notifiers net/core/dev.c:2282 [inline]   netif_close_many+0x29c/0x410 net/core/dev.c:1785   unregister_netdevice_many_notify+0xb50/0x2330 net/core/dev.c:12353   ops_exit_rtnl_list net/core/net_namespace.c:187 [inline]   ops_undo_list+0x3dc/0x990 net/core/net_namespace.c:248   cleanup_net+0x4de/0x7b0 net/core/net_namespace.c:696   process_one_work kernel/workqueue.c:3257 [inline]   process_scheduled_works+0xad1/0x1770 kernel/workqueue.c:3340   worker_thread+0x8a0/0xda0 kernel/workqueue.c:3421   kthread+0x711/0x8a0 kernel/kthread.c:463   ret_from_fork+0x510/0xa50 arch/x86/kernel/process.c:158   ret_from_fork_asm+0x1a/0x30 arch/x86/entry/entry_64.S:246  </TASK>  Allocated by task 803:   kasan_save_stack mm/kasan/common.c:57 [inline]   kasan_save_track+0x3e/0x80 mm/kasan/common.c:78   unpoison_slab_object mm/kasan/common.c:340 [inline]   __kasan_slab_alloc+0x6c/0x80 mm/kasan/common.c:366   kasan_slab_alloc include/linux/kasan.h:253 [inline]   slab_post_alloc_hook mm/slub.c:4953 [inline]   slab_alloc_node mm/slub.c:5263 [inline]   kmem_cache_alloc_noprof+0x18d/0x6c0 mm/slub.c:5270   dst_alloc+0x105/0x170 net/core/dst.c:89   ip6_dst_alloc net/ipv6/route.c:342 [inline]   icmp6_dst_alloc+0x75/0x460 net/ipv6/route.c:3333   mld_sendpack+0x683/0xe60 net/ipv6/mcast.c:1844   mld_send_cr net/ipv6/mcast.c:2154 [inline]   mld_ifc_work+0x83e/0xd60 net/ipv6/mcast.c:2693   process_one_work kernel/workqueue.c:3257 [inline]   process_scheduled_works+0xad1/0x1770 kernel/workqueue.c:3340   worker_thread+0x8a0/0xda0 kernel/workqueue.c:3421   kthread+0x711/0x8a0 kernel/kthread.c:463   ret_from_fork+0x510/0xa50 arch/x86/kernel/process.c:158   ret_from_fork_asm+0x1a/0x30 arch/x86/entry/entr ---truncated---	https://nvd.nist.gov/vuln/detail/CVE-2026-23004	filtered-vector-low-criticality: LOCAL scorev3<7
CVE-2026-23118	4.7	LOCAL	yes	In the Linux kernel, the following vulnerability has been resolved:  rxrpc: Fix data-race warning and potential load/store tearing  Fix the following:          BUG: KCSAN: data-race in rxrpc_peer_keepalive_worker / rxrpc_send_data_packet  which is reporting an issue with the reads and writes to ->last_tx_at in:          conn->peer->last_tx_at = ktime_get_seconds();  and:          keepalive_at = peer->last_tx_at + RXRPC_KEEPALIVE_TIME;  The lockless accesses to these to values aren't actually a problem as the read only needs an approximate time of last transmission for the purposes of deciding whether or not the transmission of a keepalive packet is warranted yet.  Also, as ->last_tx_at is a 64-bit value, tearing can occur on a 32-bit arch.  Fix both of these by switching to an unsigned int for ->last_tx_at and only storing the LSW of the time64_t.  It can then be reconstructed at need provided no more than 68 years has elapsed since the last transmission.	https://nvd.nist.gov/vuln/detail/CVE-2026-23118	filtered-vector-low-criticality: LOCAL scorev3<7
CVE-2026-23137	5.5	LOCAL	yes	In the Linux kernel, the following vulnerability has been resolved:  of: unittest: Fix memory leak in unittest_data_add()  In unittest_data_add(), if of_resolve_phandles() fails, the allocated unittest_data is not freed, leading to a memory leak.  Fix this by using scope-based cleanup helper __free(kfree) for automatic resource cleanup. This ensures unittest_data is automatically freed when it goes out of scope in error paths.  For the success path, use retain_and_null_ptr() to transfer ownership of the memory to the device tree and prevent double freeing.	https://nvd.nist.gov/vuln/detail/CVE-2026-23137	filtered-vector-low-criticality: LOCAL scorev3<7
CVE-2026-23138	5.5	LOCAL	yes	In the Linux kernel, the following vulnerability has been resolved:  tracing: Add recursion protection in kernel stack trace recording  A bug was reported about an infinite recursion caused by tracing the rcu events with the kernel stack trace trigger enabled. The stack trace code called back into RCU which then called the stack trace again.  Expand the ftrace recursion protection to add a set of bits to protect events from recursion. Each bit represents the context that the event is in (normal, softirq, interrupt and NMI).  Have the stack trace code use the interrupt context to protect against recursion.  Note, the bug showed an issue in both the RCU code as well as the tracing stacktrace code. This only handles the tracing stack trace side of the bug. The RCU fix will be handled separately.	https://nvd.nist.gov/vuln/detail/CVE-2026-23138	filtered-vector-low-criticality: LOCAL scorev3<7
CVE-2026-23154	5.5	LOCAL	yes	In the Linux kernel, the following vulnerability has been resolved:  net: fix segmentation of forwarding fraglist GRO  This patch enhances GSO segment handling by properly checking the SKB_GSO_DODGY flag for frag_list GSO packets, addressing low throughput issues observed when a station accesses IPv4 servers via hotspots with an IPv6-only upstream interface.  Specifically, it fixes a bug in GSO segmentation when forwarding GRO packets containing a frag_list. The function skb_segment_list cannot correctly process GRO skbs that have been converted by XLAT, since XLAT only translates the header of the head skb. Consequently, skbs in the frag_list may remain untranslated, resulting in protocol inconsistencies and reduced throughput.  To address this, the patch explicitly sets the SKB_GSO_DODGY flag for GSO packets in XLAT's IPv4/IPv6 protocol translation helpers (bpf_skb_proto_4_to_6 and bpf_skb_proto_6_to_4). This marks GSO packets as potentially modified after protocol translation. As a result, GSO segmentation will avoid using skb_segment_list and instead falls back to skb_segment for packets with the SKB_GSO_DODGY flag. This ensures that only safe and fully translated frag_list packets are processed by skb_segment_list, resolving protocol inconsistencies and improving throughput when forwarding GRO packets converted by XLAT.	https://nvd.nist.gov/vuln/detail/CVE-2026-23154	filtered-vector-low-criticality: LOCAL scorev3<7
CVE-2026-23157	5.5	LOCAL	yes	In the Linux kernel, the following vulnerability has been resolved:  btrfs: do not strictly require dirty metadata threshold for metadata writepages  [BUG] There is an internal report that over 1000 processes are waiting at the io_schedule_timeout() of balance_dirty_pages(), causing a system hang and trigger a kernel coredump.  The kernel is v6.4 kernel based, but the root problem still applies to any upstream kernel before v6.18.  [CAUSE] From Jan Kara for his wisdom on the dirty page balance behavior first.    This cgroup dirty limit was what was actually playing the role here   because the cgroup had only a small amount of memory and so the dirty   limit for it was something like 16MB.    Dirty throttling is responsible for enforcing that nobody can dirty   (significantly) more dirty memory than there's dirty limit. Thus when   a task is dirtying pages it periodically enters into balance_dirty_pages()   and we let it sleep there to slow down the dirtying.    When the system is over dirty limit already (either globally or within   a cgroup of the running task), we will not let the task exit from   balance_dirty_pages() until the number of dirty pages drops below the   limit.    So in this particular case, as I already mentioned, there was a cgroup   with relatively small amount of memory and as a result with dirty limit   set at 16MB. A task from that cgroup has dirtied about 28MB worth of   pages in btrfs btree inode and these were practically the only dirty   pages in that cgroup.  So that means the only way to reduce the dirty pages of that cgroup is to writeback the dirty pages of btrfs btree inode, and only after that those processes can exit balance_dirty_pages().  Now back to the btrfs part, btree_writepages() is responsible for writing back dirty btree inode pages.  The problem here is, there is a btrfs internal threshold that if the btree inode's dirty bytes are below the 32M threshold, it will not do any writeback.  This behavior is to batch as much metadata as possible so we won't write back those tree blocks and then later re-COW them again for another modification.  This internal 32MiB is higher than the existing dirty page size (28MiB), meaning no writeback will happen, causing a deadlock between btrfs and cgroup:  - Btrfs doesn't want to write back btree inode until more dirty pages  - Cgroup/MM doesn't want more dirty pages for btrfs btree inode   Thus any process touching that btree inode is put into sleep until   the number of dirty pages is reduced.  Thanks Jan Kara a lot for the analysis of the root cause.  [ENHANCEMENT] Since kernel commit b55102826d7d ("btrfs: set AS_KERNEL_FILE on the btree_inode"), btrfs btree inode pages will only be charged to the root cgroup which should have a much larger limit than btrfs' 32MiB threshold. So it should not affect newer kernels.  But for all current LTS kernels, they are all affected by this problem, and backporting the whole AS_KERNEL_FILE may not be a good idea.  Even for newer kernels I still think it's a good idea to get rid of the internal threshold at btree_writepages(), since for most cases cgroup/MM has a better view of full system memory usage than btrfs' fixed threshold.  For internal callers using btrfs_btree_balance_dirty() since that function is already doing internal threshold check, we don't need to bother them.  But for external callers of btree_writepages(), just respect their requests and write back whatever they want, ignoring the internal btrfs threshold to avoid such deadlock on btree inode dirty page balancing.	https://nvd.nist.gov/vuln/detail/CVE-2026-23157	filtered-vector-low-criticality: LOCAL scorev3<7
CVE-2026-23207	4.7	LOCAL	yes	In the Linux kernel, the following vulnerability has been resolved:  spi: tegra210-quad: Protect curr_xfer check in IRQ handler  Now that all other accesses to curr_xfer are done under the lock, protect the curr_xfer NULL check in tegra_qspi_isr_thread() with the spinlock. Without this protection, the following race can occur:    CPU0 (ISR thread)              CPU1 (timeout path)   ----------------               -------------------   if (!tqspi->curr_xfer)     // sees non-NULL                                  spin_lock()                                  tqspi->curr_xfer = NULL                                  spin_unlock()   handle_*_xfer()     spin_lock()     t = tqspi->curr_xfer  // NULL!     ... t->len ...        // NULL dereference!  With this patch, all curr_xfer accesses are now properly synchronized.  Although all accesses to curr_xfer are done under the lock, in tegra_qspi_isr_thread() it checks for NULL, releases the lock and reacquires it later in handle_cpu_based_xfer()/handle_dma_based_xfer(). There is a potential for an update in between, which could cause a NULL pointer dereference.  To handle this, add a NULL check inside the handlers after acquiring the lock. This ensures that if the timeout path has already cleared curr_xfer, the handler will safely return without dereferencing the NULL pointer.	https://nvd.nist.gov/vuln/detail/CVE-2026-23207	filtered-vector-low-criticality: LOCAL scorev3<7
CVE-2026-23213	5.5	LOCAL	yes	In the Linux kernel, the following vulnerability has been resolved:  drm/amd/pm: Disable MMIO access during SMU Mode 1 reset  During Mode 1 reset, the ASIC undergoes a reset cycle and becomes temporarily inaccessible via PCIe. Any attempt to access MMIO registers during this window (e.g., from interrupt handlers or other driver threads) can result in uncompleted PCIe transactions, leading to NMI panics or system hangs.  To prevent this, set the `no_hw_access` flag to true immediately after triggering the reset. This signals other driver components to skip register accesses while the device is offline.  A memory barrier `smp_mb()` is added to ensure the flag update is globally visible to all cores before the driver enters the sleep/wait state.  (cherry picked from commit 7edb503fe4b6d67f47d8bb0dfafb8e699bb0f8a4)	https://nvd.nist.gov/vuln/detail/CVE-2026-23213	filtered-vector-low-criticality: LOCAL scorev3<7
CVE-2026-23214	5.5	LOCAL	yes	In the Linux kernel, the following vulnerability has been resolved:  btrfs: reject new transactions if the fs is fully read-only  [BUG] There is a bug report where a heavily fuzzed fs is mounted with all rescue mount options, which leads to the following warnings during unmount:    BTRFS: Transaction aborted (error -22)   Modules linked in:   CPU: 0 UID: 0 PID: 9758 Comm: repro.out Not tainted   6.19.0-rc5-00002-gb71e635feefc #7 PREEMPT(full)   Hardware name: QEMU Standard PC (i440FX + PIIX, 1996), BIOS 1.15.0-1 04/01/2014   RIP: 0010:find_free_extent_update_loop fs/btrfs/extent-tree.c:4208 [inline]   RIP: 0010:find_free_extent+0x52f0/0x5d20 fs/btrfs/extent-tree.c:4611   Call Trace:    <TASK>    btrfs_reserve_extent+0x2cd/0x790 fs/btrfs/extent-tree.c:4705    btrfs_alloc_tree_block+0x1e1/0x10e0 fs/btrfs/extent-tree.c:5157    btrfs_force_cow_block+0x578/0x2410 fs/btrfs/ctree.c:517    btrfs_cow_block+0x3c4/0xa80 fs/btrfs/ctree.c:708    btrfs_search_slot+0xcad/0x2b50 fs/btrfs/ctree.c:2130    btrfs_truncate_inode_items+0x45d/0x2350 fs/btrfs/inode-item.c:499    btrfs_evict_inode+0x923/0xe70 fs/btrfs/inode.c:5628    evict+0x5f4/0xae0 fs/inode.c:837    __dentry_kill+0x209/0x660 fs/dcache.c:670    finish_dput+0xc9/0x480 fs/dcache.c:879    shrink_dcache_for_umount+0xa0/0x170 fs/dcache.c:1661    generic_shutdown_super+0x67/0x2c0 fs/super.c:621    kill_anon_super+0x3b/0x70 fs/super.c:1289    btrfs_kill_super+0x41/0x50 fs/btrfs/super.c:2127    deactivate_locked_super+0xbc/0x130 fs/super.c:474    cleanup_mnt+0x425/0x4c0 fs/namespace.c:1318    task_work_run+0x1d4/0x260 kernel/task_work.c:233    exit_task_work include/linux/task_work.h:40 [inline]    do_exit+0x694/0x22f0 kernel/exit.c:971    do_group_exit+0x21c/0x2d0 kernel/exit.c:1112    __do_sys_exit_group kernel/exit.c:1123 [inline]    __se_sys_exit_group kernel/exit.c:1121 [inline]    __x64_sys_exit_group+0x3f/0x40 kernel/exit.c:1121    x64_sys_call+0x2210/0x2210 arch/x86/include/generated/asm/syscalls_64.h:232    do_syscall_x64 arch/x86/entry/syscall_64.c:63 [inline]    do_syscall_64+0xe8/0xf80 arch/x86/entry/syscall_64.c:94    entry_SYSCALL_64_after_hwframe+0x77/0x7f   RIP: 0033:0x44f639   Code: Unable to access opcode bytes at 0x44f60f.   RSP: 002b:00007ffc15c4e088 EFLAGS: 00000246 ORIG_RAX: 00000000000000e7   RAX: ffffffffffffffda RBX: 00000000004c32f0 RCX: 000000000044f639   RDX: 000000000000003c RSI: 00000000000000e7 RDI: 0000000000000001   RBP: 0000000000000001 R08: ffffffffffffffc0 R09: 0000000000000000   R10: 0000000000000000 R11: 0000000000000246 R12: 00000000004c32f0   R13: 0000000000000001 R14: 0000000000000000 R15: 0000000000000001    </TASK>  Since rescue mount options will mark the full fs read-only, there should be no new transaction triggered.  But during unmount we will evict all inodes, which can trigger a new transaction, and triggers warnings on a heavily corrupted fs.  [CAUSE] Btrfs allows new transaction even on a read-only fs, this is to allow log replay happen even on read-only mounts, just like what ext4/xfs do.  However with rescue mount options, the fs is fully read-only and cannot be remounted read-write, thus in that case we should also reject any new transactions.  [FIX] If we find the fs has rescue mount options, we should treat the fs as error, so that no new transaction can be started.	https://nvd.nist.gov/vuln/detail/CVE-2026-23214	filtered-vector-low-criticality: LOCAL scorev3<7
